case_id,state,sector,num_landowners,consent_pct,consent_growth_rate,litigation_flag,title_dispute_flag,compensation_gap_pct,pending_approvals,days_since_notification,delay_label,delay_days
CASE-00001,Tamil Nadu,Railways,31,32.4,0.61,0,0,13.1,4,132,0,350
CASE-00002,Karnataka,Roads,18,54.8,2.63,1,1,8.7,2,799,1,859
CASE-00003,Odisha,Irrigation,11,67.7,1.43,0,0,25.9,2,169,0,350
CASE-00004,Rajasthan,Roads,24,87.1,0.83,0,0,7.9,2,184,0,295
CASE-00005,Maharashtra,Roads,68,42.5,2.71,1,0,13.5,0,518,0,255
CASE-00006,Telangana,Railways,21,24.9,3.09,0,0,13.1,3,345,1,471
CASE-00007,Gujarat,Power/Transmission,24,56.5,1.28,0,0,22.7,4,299,1,398
CASE-00008,Tamil Nadu,Urban Metro,53,44.2,1.47,1,1,31.0,1,556,1,804
CASE-00009,Uttar Pradesh,Power/Transmission,31,80.0,1.0,0,0,17.2,1,26,0,69
CASE-00010,Karnataka,Urban Metro,44,24.6,1.77,0,0,18.8,4,176,0,82
CASE-00011,Madhya Pradesh,Power/Transmission,33,65.5,0.19,1,1,23.6,4,66,1,1033
CASE-00012,Haryana,Power/Transmission,32,41.4,-1.0,0,0,10.8,3,254,0,42
CASE-00013,Chhattisgarh,Roads,5,66.0,-0.74,0,0,13.2,3,779,0,70
CASE-00014,Tamil Nadu,Irrigation,10,41.5,1.23,0,0,15.0,3,739,0,59
CASE-00015,Karnataka,Roads,28,31.0,0.22,1,1,26.3,2,91,1,1187
CASE-00016,Bihar,Roads,12,33.9,1.36,0,0,46.1,1,263,1,618
CASE-00017,Andhra Pradesh,Roads,24,17.9,0.89,1,0,3.3,2,636,1,740
CASE-00018,Maharashtra,Urban Metro,9,50.4,0.65,0,1,25.6,0,199,0,190
CASE-00019,Tamil Nadu,Power/Transmission,53,59.9,0.72,1,0,18.6,1,229,0,114
CASE-00020,Chhattisgarh,Housing,13,51.6,2.66,1,0,19.5,4,104,0,29
CASE-00021,Gujarat,Housing,11,39.4,1.78,0,0,14.7,3,156,0,15
CASE-00022,Madhya Pradesh,Urban Metro,7,67.4,3.38,0,0,39.1,0,221,0,24
CASE-00023,Telangana,Roads,40,79.9,1.62,0,0,0.0,1,211,0,15
CASE-00024,Haryana,Urban Metro,24,39.0,-0.79,0,0,5.0,3,315,1,446
CASE-00025,Tamil Nadu,Urban Metro,52,60.1,0.25,0,0,38.4,0,381,0,20
CASE-00026,Uttar Pradesh,Urban Metro,16,70.3,1.64,0,0,39.5,2,765,0,99
CASE-00027,West Bengal,Roads,9,26.0,1.79,0,1,48.4,5,256,0,36
CASE-00028,Maharashtra,Roads,23,49.2,0.8,0,0,26.6,1,311,0,21
CASE-00029,Uttar Pradesh,Housing,59,70.8,0.55,1,0,29.2,2,244,0,16
CASE-00030,Rajasthan,Roads,5,92.6,0.77,0,0,0.0,0,223,0,73
CASE-00031,Gujarat,Railways,30,13.2,1.33,0,0,22.0,1,221,1,352
CASE-00032,Punjab,Railways,32,18.0,1.44,0,0,30.4,2,446,1,389
CASE-00033,Madhya Pradesh,Roads,66,68.9,0.18,0,0,14.7,3,175,0,252
CASE-00034,Madhya Pradesh,Roads,12,67.5,1.8,0,0,20.6,0,519,0,249
CASE-00035,West Bengal,Housing,5,79.5,1.78,0,0,40.5,1,438,0,95
CASE-00036,Uttar Pradesh,Urban Metro,17,50.1,1.37,0,0,43.9,2,353,0,313
CASE-00037,Uttar Pradesh,Urban Metro,44,74.1,0.67,0,0,25.8,2,289,0,36
CASE-00038,West Bengal,Roads,25,73.1,2.31,0,0,21.2,1,590,0,292
CASE-00039,Bihar,Roads,35,62.8,3.09,1,0,32.9,4,581,0,85
CASE-00040,Rajasthan,Railways,10,87.3,0.96,1,0,16.5,4,761,1,621
CASE-00041,Karnataka,Railways,20,75.9,0.75,1,0,37.7,3,313,0,80
CASE-00042,Odisha,Roads,26,30.6,2.06,0,0,14.1,1,215,0,51
CASE-00043,Rajasthan,Power/Transmission,6,75.4,0.1,0,0,33.3,3,523,0,99
CASE-00044,Madhya Pradesh,Housing,26,55.7,-0.03,0,0,21.7,3,149,1,413
CASE-00045,Odisha,Irrigation,19,27.3,0.72,0,1,12.7,2,860,1,483
CASE-00046,Tamil Nadu,Railways,130,47.2,1.87,0,0,27.4,3,113,0,360
CASE-00047,Madhya Pradesh,Railways,24,13.6,0.44,0,0,16.1,4,339,1,570
CASE-00048,Bihar,Roads,68,64.5,1.48,0,0,36.9,2,179,1,513
CASE-00049,Rajasthan,Roads,35,66.1,-0.91,0,0,7.1,4,532,0,89
CASE-00050,Uttar Pradesh,Irrigation,22,40.8,2.24,0,0,25.4,5,312,0,163
CASE-00051,Uttar Pradesh,Railways,62,45.0,3.23,0,0,11.0,2,399,0,126
CASE-00052,Maharashtra,Irrigation,9,34.6,0.41,0,1,40.0,4,104,1,556
CASE-00053,Tamil Nadu,Urban Metro,17,51.6,2.03,0,1,32.7,4,515,0,50
CASE-00054,Rajasthan,Roads,46,49.7,1.25,0,0,21.3,1,461,1,307
CASE-00055,Rajasthan,Roads,3,27.7,1.63,1,1,21.8,1,419,1,903
CASE-00056,Tamil Nadu,Roads,24,67.5,1.2,0,0,47.3,3,341,1,395
CASE-00057,Karnataka,Roads,23,21.9,1.14,0,0,33.4,1,108,1,322
CASE-00058,Andhra Pradesh,Irrigation,29,56.7,0.5,0,0,10.7,2,263,0,22
CASE-00059,Uttar Pradesh,Urban Metro,20,44.3,0.19,0,1,36.0,2,363,0,30
CASE-00060,Maharashtra,Urban Metro,44,97.9,2.82,0,0,13.6,7,235,0,64
CASE-00061,Rajasthan,Irrigation,13,55.0,-0.51,0,0,24.3,1,358,0,32
CASE-00062,West Bengal,Railways,49,2.5,1.48,0,0,0.0,0,393,0,173
CASE-00063,Andhra Pradesh,Roads,10,60.6,1.42,0,0,34.2,1,42,0,79
CASE-00064,Gujarat,Railways,31,33.0,1.44,0,0,12.0,2,152,1,529
CASE-00065,Chhattisgarh,Railways,57,64.2,2.3,1,0,18.9,3,299,0,224
CASE-00066,Andhra Pradesh,Urban Metro,12,31.1,1.06,0,0,1.1,3,626,0,155
CASE-00067,Andhra Pradesh,Railways,14,34.1,2.28,0,0,24.7,2,395,1,361
CASE-00068,Bihar,Roads,50,59.8,3.88,0,0,23.1,2,289,0,95
CASE-00069,Maharashtra,Roads,28,85.8,1.32,1,0,2.9,2,297,0,50
CASE-00070,Karnataka,Roads,5,25.6,-0.94,1,0,22.5,6,496,0,190
CASE-00071,Uttar Pradesh,Urban Metro,29,90.4,1.33,0,0,18.0,2,126,0,117
CASE-00072,Karnataka,Roads,39,93.4,1.21,0,0,40.4,2,378,0,41
CASE-00073,Odisha,Roads,51,45.0,1.98,0,1,11.4,0,586,0,249
CASE-00074,Bihar,Roads,31,52.6,-0.89,0,0,29.2,1,58,0,344
CASE-00075,Maharashtra,Urban Metro,36,67.5,1.89,0,0,0.0,3,117,0,53
CASE-00076,Bihar,Irrigation,73,20.8,0.99,0,1,23.2,2,184,1,759
CASE-00077,Bihar,Irrigation,47,66.9,2.46,0,0,27.4,0,1111,0,87
CASE-00078,Rajasthan,Railways,20,57.4,0.88,0,0,28.1,3,307,1,512
CASE-00079,Andhra Pradesh,Roads,22,91.4,2.54,0,0,20.2,1,221,0,91
CASE-00080,Tamil Nadu,Urban Metro,55,76.7,-0.31,0,0,48.0,3,160,0,222
CASE-00081,Rajasthan,Roads,30,57.0,1.52,0,1,16.6,2,181,0,131
CASE-00082,Karnataka,Roads,27,21.3,0.33,0,0,29.2,1,456,0,265
CASE-00083,Tamil Nadu,Irrigation,19,55.9,0.91,1,0,17.3,4,195,1,739
CASE-00084,Uttar Pradesh,Roads,54,35.5,4.76,0,0,9.4,2,176,0,27
CASE-00085,Maharashtra,Roads,12,56.3,0.36,1,0,4.2,3,186,0,175
CASE-00086,Maharashtra,Urban Metro,17,26.5,1.05,1,0,8.3,1,585,0,96
CASE-00087,Gujarat,Railways,54,73.3,0.13,0,0,31.1,2,176,1,444
CASE-00088,West Bengal,Roads,53,60.7,1.13,1,0,41.9,2,66,1,769
CASE-00089,Uttar Pradesh,Railways,103,87.0,1.32,0,0,31.0,6,367,1,566
CASE-00090,West Bengal,Power/Transmission,24,89.2,0.62,0,0,17.0,3,197,0,97
CASE-00091,Uttar Pradesh,Roads,20,43.7,3.39,0,1,12.6,3,146,0,212
CASE-00092,Rajasthan,Roads,21,25.7,2.89,0,0,24.5,2,366,0,128
CASE-00093,Karnataka,Irrigation,6,49.0,0.36,0,0,6.4,3,287,0,69
CASE-00094,Madhya Pradesh,Irrigation,3,44.0,2.48,1,0,35.3,4,108,1,858
CASE-00095,Bihar,Housing,31,10.1,0.92,1,0,27.5,3,486,1,743
CASE-00096,Chhattisgarh,Railways,18,29.9,0.02,0,0,7.5,1,487,0,162
CASE-00097,Madhya Pradesh,Roads,13,8.0,0.64,1,1,44.4,1,226,1,883
CASE-00098,Maharashtra,Irrigation,27,28.7,-0.01,0,0,3.9,4,449,1,653
CASE-00099,Maharashtra,Irrigation,31,63.5,2.63,0,0,22.8,3,425,0,195
CASE-00100,Punjab,Roads,22,72.8,0.45,0,1,34.5,2,386,0,99
CASE-00101,Haryana,Irrigation,23,74.4,3.05,0,0,33.0,0,335,0,37
CASE-00102,Rajasthan,Roads,18,63.9,1.67,0,0,12.6,1,266,0,137
CASE-00103,Bihar,Urban Metro,41,63.7,1.02,1,0,15.8,2,445,0,71
CASE-00104,Punjab,Urban Metro,16,78.6,0.9,0,0,7.7,0,182,0,114
CASE-00105,Tamil Nadu,Railways,11,17.7,3.6,0,0,25.3,1,797,0,515
CASE-00106,Gujarat,Housing,18,17.0,1.51,0,0,34.3,2,449,0,29
CASE-00107,Karnataka,Housing,30,76.6,0.89,0,0,0.0,4,418,0,94
CASE-00108,Bihar,Roads,43,19.0,2.52,1,0,30.3,2,172,1,685
CASE-00109,Maharashtra,Railways,83,61.5,2.2,0,0,14.6,1,129,1,475
CASE-00110,Haryana,Irrigation,27,52.8,0.31,1,1,20.6,3,187,1,794
CASE-00111,Karnataka,Roads,69,54.8,1.51,0,0,6.0,1,724,0,506
CASE-00112,Uttar Pradesh,Railways,15,37.1,-0.67,0,0,12.7,2,212,0,46
CASE-00113,Bihar,Roads,13,40.4,1.46,1,1,51.9,3,185,1,765
CASE-00114,Andhra Pradesh,Housing,34,34.9,1.88,0,0,16.9,2,951,1,532
CASE-00115,Uttar Pradesh,Railways,38,91.5,2.04,0,1,21.8,1,515,1,542
CASE-00116,Odisha,Power/Transmission,29,29.1,0.3,0,0,8.3,0,273,0,191
CASE-00117,Gujarat,Railways,132,85.4,0.61,0,0,60.7,1,244,1,897
CASE-00118,Gujarat,Roads,16,98.0,1.8,1,1,29.0,2,261,0,39
CASE-00119,Karnataka,Urban Metro,60,55.1,3.0,0,1,21.7,2,786,0,229
CASE-00120,Chhattisgarh,Roads,13,22.6,1.61,0,0,35.8,2,246,1,422
CASE-00121,Andhra Pradesh,Roads,40,34.5,0.83,0,1,27.3,6,144,1,634
CASE-00122,Chhattisgarh,Railways,26,52.4,2.66,0,0,19.4,5,297,1,502
CASE-00123,Maharashtra,Power/Transmission,30,77.3,1.65,0,1,20.1,2,219,0,66
CASE-00124,Karnataka,Railways,35,67.1,1.71,0,0,0.0,0,505,0,162
CASE-00125,Maharashtra,Roads,27,8.8,2.46,0,0,16.5,4,234,0,152
CASE-00126,West Bengal,Railways,23,56.4,1.38,0,1,14.4,1,193,0,60
CASE-00127,Madhya Pradesh,Roads,4,41.8,0.38,0,0,26.8,3,345,1,526
CASE-00128,Uttar Pradesh,Roads,48,35.2,1.31,1,0,18.8,6,256,0,130
CASE-00129,Maharashtra,Irrigation,8,88.2,2.83,0,0,32.3,4,103,0,274
CASE-00130,Andhra Pradesh,Roads,19,73.7,3.77,0,1,23.5,1,396,0,68
CASE-00131,Uttar Pradesh,Roads,32,29.6,0.04,0,1,9.4,1,119,1,638
CASE-00132,Haryana,Irrigation,10,70.7,3.46,0,0,44.3,5,19,0,163
CASE-00133,Andhra Pradesh,Power/Transmission,23,49.3,1.06,0,0,16.2,1,209,1,538
CASE-00134,Madhya Pradesh,Roads,44,84.6,1.52,0,1,30.3,3,434,1,679
CASE-00135,Chhattisgarh,Railways,18,56.6,3.54,1,0,2.3,3,277,0,190
CASE-00136,Maharashtra,Roads,23,65.8,1.01,0,0,33.6,3,457,0,284
CASE-00137,Punjab,Housing,11,27.8,1.17,0,0,0.0,2,242,0,49
CASE-00138,West Bengal,Roads,20,80.1,0.73,0,1,51.1,3,603,0,119
CASE-00139,Tamil Nadu,Roads,8,60.6,1.55,1,0,32.3,3,322,0,29
CASE-00140,Maharashtra,Railways,29,39.3,1.87,0,0,18.7,3,471,0,164
CASE-00141,West Bengal,Roads,7,60.4,0.68,0,1,30.6,2,1085,0,97
CASE-00142,West Bengal,Roads,15,9.2,3.24,0,0,3.0,0,752,0,124
CASE-00143,Punjab,Roads,26,62.6,0.6,1,0,19.0,2,775,1,573
CASE-00144,Andhra Pradesh,Irrigation,22,78.9,2.1,0,1,33.2,2,494,0,131
CASE-00145,West Bengal,Irrigation,33,58.6,1.53,1,0,30.6,1,287,1,983
CASE-00146,Bihar,Power/Transmission,23,61.8,2.99,1,0,21.9,3,347,1,751
CASE-00147,Madhya Pradesh,Power/Transmission,4,61.2,0.54,0,1,26.7,1,211,0,160
CASE-00148,West Bengal,Railways,9,77.7,2.19,1,1,38.2,2,534,0,136
CASE-00149,Karnataka,Urban Metro,25,71.7,4.41,0,0,32.8,3,466,1,867
CASE-00150,Maharashtra,Power/Transmission,52,68.5,-0.23,1,0,0.0,2,104,1,558
CASE-00151,Tamil Nadu,Urban Metro,46,55.5,0.42,0,0,21.9,3,555,0,115
CASE-00152,Haryana,Power/Transmission,130,38.7,4.0,0,1,22.3,1,509,0,296
CASE-00153,Uttar Pradesh,Railways,17,87.0,1.34,0,0,3.2,6,397,0,72
CASE-00154,Andhra Pradesh,Roads,43,49.2,1.64,0,0,6.2,0,290,1,233
CASE-00155,Maharashtra,Railways,41,37.7,1.1,0,1,44.5,2,303,0,28
CASE-00156,Rajasthan,Roads,71,44.6,3.49,0,0,11.1,5,219,1,473
CASE-00157,Bihar,Railways,58,40.3,-0.44,0,0,15.6,4,254,1,558
CASE-00158,Rajasthan,Roads,31,52.4,2.98,1,0,10.0,2,503,0,91
CASE-00159,Gujarat,Roads,38,25.2,-0.27,1,0,28.2,0,339,0,38
CASE-00160,Gujarat,Housing,33,47.7,-0.38,0,0,26.2,0,884,0,42
CASE-00161,Maharashtra,Power/Transmission,24,84.3,0.2,0,0,51.1,3,314,0,156
CASE-00162,Haryana,Irrigation,36,61.2,1.35,1,0,14.0,2,78,0,113
CASE-00163,Bihar,Railways,29,48.5,0.64,1,0,29.9,5,585,1,824
CASE-00164,Maharashtra,Irrigation,28,14.8,0.57,0,1,0.0,4,234,1,483
CASE-00165,Andhra Pradesh,Urban Metro,73,63.4,0.39,0,0,0.7,1,936,1,406
CASE-00166,Madhya Pradesh,Power/Transmission,31,5.3,0.41,0,0,42.0,0,719,0,109
CASE-00167,Tamil Nadu,Irrigation,27,73.1,0.38,0,0,38.6,3,447,0,168
CASE-00168,Tamil Nadu,Railways,22,18.5,1.78,0,0,28.7,4,180,1,464
CASE-00169,Madhya Pradesh,Railways,21,14.9,0.74,0,0,38.9,1,340,0,68
CASE-00170,Punjab,Power/Transmission,9,72.1,-1.0,0,0,5.9,2,404,0,23
CASE-00171,Bihar,Housing,24,52.8,1.46,1,0,46.8,3,43,0,39
CASE-00172,West Bengal,Railways,54,80.4,2.4,1,0,6.5,3,212,0,131
CASE-00173,Bihar,Railways,16,74.0,1.17,0,0,26.9,5,73,0,111
CASE-00174,Punjab,Railways,3,16.0,-0.01,1,0,63.6,4,206,1,867
CASE-00175,Uttar Pradesh,Railways,35,56.6,2.39,1,1,8.8,2,344,1,840
CASE-00176,Maharashtra,Housing,29,32.9,-0.15,0,0,42.2,3,501,0,16
CASE-00177,Karnataka,Power/Transmission,72,53.8,1.11,0,0,36.5,0,191,1,273
CASE-00178,Telangana,Railways,15,47.0,1.47,1,0,14.0,2,388,0,169
CASE-00179,Haryana,Railways,8,54.5,2.79,0,0,53.4,0,513,0,332
CASE-00180,Gujarat,Railways,21,95.9,2.19,0,1,8.3,5,272,0,223
CASE-00181,Haryana,Roads,19,57.2,1.79,0,0,21.5,1,158,0,240
CASE-00182,Haryana,Irrigation,6,11.6,2.62,0,0,31.6,3,341,1,653
CASE-00183,West Bengal,Urban Metro,27,20.7,0.11,1,0,20.6,3,404,1,819
CASE-00184,Madhya Pradesh,Power/Transmission,17,30.7,3.4,0,0,68.6,2,122,1,480
CASE-00185,Tamil Nadu,Roads,63,54.1,-1.0,0,0,3.1,1,196,1,255
CASE-00186,Rajasthan,Power/Transmission,27,29.4,3.21,0,0,46.3,2,30,0,142
CASE-00187,Madhya Pradesh,Power/Transmission,13,47.7,0.49,0,1,0.0,4,30,0,87
CASE-00188,Maharashtra,Roads,25,76.7,1.96,0,0,0.0,1,110,0,81
CASE-00189,Gujarat,Irrigation,29,40.7,3.24,0,0,22.8,3,715,0,43
CASE-00190,Bihar,Irrigation,38,60.3,2.17,0,0,33.1,1,309,0,19
CASE-00191,Punjab,Urban Metro,26,26.1,1.95,0,0,44.4,1,151,0,38
CASE-00192,Bihar,Roads,91,25.9,2.54,0,0,46.1,3,163,1,652
CASE-00193,Uttar Pradesh,Roads,9,22.3,-0.28,1,1,25.0,1,248,1,937
CASE-00194,Odisha,Railways,17,81.5,-0.1,0,0,29.5,2,453,0,19
CASE-00195,Uttar Pradesh,Roads,13,56.7,1.83,1,0,25.6,4,120,1,716
CASE-00196,Uttar Pradesh,Railways,19,82.9,1.26,1,0,44.9,1,13,0,184
CASE-00197,Chhattisgarh,Power/Transmission,32,80.7,1.12,0,0,3.5,4,92,0,53
CASE-00198,Odisha,Roads,30,65.3,2.99,0,0,12.0,2,233,0,27
CASE-00199,Uttar Pradesh,Railways,37,88.2,2.88,1,0,34.8,3,290,0,154
CASE-00200,Madhya Pradesh,Housing,27,46.3,0.4,0,0,37.8,3,721,0,51
CASE-00201,Tamil Nadu,Irrigation,28,51.2,2.03,1,0,42.2,3,141,0,272
CASE-00202,Telangana,Railways,28,43.2,-0.38,1,1,20.9,0,369,1,810
CASE-00203,West Bengal,Irrigation,18,53.1,-0.41,0,0,14.5,4,944,1,352
CASE-00204,Uttar Pradesh,Roads,17,33.4,0.43,0,0,32.6,2,735,1,377
CASE-00205,Maharashtra,Roads,13,48.0,1.44,0,0,5.5,4,314,0,165
CASE-00206,Bihar,Power/Transmission,39,81.3,0.72,0,0,47.0,2,305,0,106
CASE-00207,Uttar Pradesh,Railways,3,86.3,2.04,0,0,14.5,1,229,0,76
CASE-00208,Rajasthan,Roads,28,28.5,1.48,1,0,17.8,4,81,1,711
CASE-00209,Uttar Pradesh,Roads,44,21.4,2.84,0,0,33.3,4,460,1,469
CASE-00210,West Bengal,Urban Metro,52,91.4,2.15,0,0,11.1,1,517,1,378
CASE-00211,Rajasthan,Roads,2,60.1,0.25,0,0,4.8,0,384,0,34
CASE-00212,Andhra Pradesh,Power/Transmission,18,23.5,2.58,0,1,39.3,2,376,1,471
CASE-00213,Uttar Pradesh,Railways,14,62.0,0.47,0,0,6.4,5,142,0,15
CASE-00214,Tamil Nadu,Irrigation,17,43.4,1.99,1,0,25.9,2,227,1,680
CASE-00215,Gujarat,Roads,59,28.4,0.91,0,0,22.3,3,476,1,467
CASE-00216,Gujarat,Roads,14,56.7,3.09,0,0,0.0,0,158,0,157
CASE-00217,Uttar Pradesh,Irrigation,44,58.7,2.38,0,0,6.3,0,264,0,71
CASE-00218,Uttar Pradesh,Power/Transmission,28,55.9,0.67,0,0,27.3,2,31,0,85
CASE-00219,Haryana,Roads,17,65.4,1.04,1,1,40.5,1,175,0,141
CASE-00220,Karnataka,Railways,15,77.8,5.42,0,0,10.6,4,68,0,233
CASE-00221,Bihar,Railways,30,76.4,-0.01,0,0,8.7,0,244,1,160
CASE-00222,West Bengal,Roads,24,62.5,0.64,0,0,31.5,2,486,0,45
CASE-00223,Rajasthan,Irrigation,5,54.9,0.69,1,0,34.0,3,349,1,699
CASE-00224,Punjab,Roads,11,58.4,0.11,0,0,36.0,5,302,1,499
CASE-00225,Bihar,Irrigation,31,61.5,0.24,0,1,25.3,3,353,1,633
CASE-00226,Haryana,Roads,9,42.8,1.37,0,0,14.0,2,229,0,154
CASE-00227,Maharashtra,Railways,48,72.5,2.07,0,0,33.8,5,409,0,134
CASE-00228,Andhra Pradesh,Railways,6,69.7,-0.41,1,0,20.7,0,103,0,101
CASE-00229,Chhattisgarh,Railways,20,49.0,0.9,0,0,32.1,2,406,0,36
CASE-00230,Maharashtra,Railways,39,72.2,0.54,0,0,14.2,1,81,0,259
CASE-00231,Uttar Pradesh,Urban Metro,10,44.6,0.1,0,0,18.9,4,139,0,269
CASE-00232,Karnataka,Railways,8,26.4,2.69,0,0,30.0,2,693,1,494
CASE-00233,Punjab,Urban Metro,35,86.3,0.58,0,0,0.0,2,246,0,374
CASE-00234,Chhattisgarh,Roads,45,46.4,-0.14,0,1,42.1,3,474,0,76
CASE-00235,Punjab,Railways,22,79.3,2.56,0,0,21.2,1,119,0,138
CASE-00236,Tamil Nadu,Roads,18,78.5,3.0,0,0,0.0,2,495,0,142
CASE-00237,West Bengal,Railways,6,38.9,1.79,1,0,24.5,2,467,1,704
CASE-00238,Tamil Nadu,Power/Transmission,26,49.2,0.37,1,0,15.5,1,931,0,197
CASE-00239,Maharashtra,Urban Metro,4,75.5,1.17,0,0,6.4,1,645,1,263
CASE-00240,Maharashtra,Irrigation,60,65.9,0.71,0,0,51.4,1,51,0,45
CASE-00241,Tamil Nadu,Irrigation,22,35.6,1.44,0,0,34.6,1,139,0,103
CASE-00242,Tamil Nadu,Roads,11,54.1,2.36,1,0,19.6,2,324,0,40
CASE-00243,Bihar,Roads,15,80.3,1.47,0,0,22.8,2,354,0,190
CASE-00244,Andhra Pradesh,Power/Transmission,28,65.9,1.5,1,0,26.0,1,228,0,474
CASE-00245,Chhattisgarh,Roads,17,56.6,0.88,0,0,0.0,1,489,0,82
CASE-00246,Odisha,Roads,25,30.2,2.3,0,0,61.4,4,431,1,533
CASE-00247,Chhattisgarh,Housing,10,80.7,1.94,0,1,22.7,5,130,0,45
CASE-00248,Karnataka,Housing,52,86.8,-0.71,1,0,49.1,2,370,1,699
CASE-00249,Madhya Pradesh,Irrigation,15,95.8,-0.64,0,0,9.3,0,94,0,152
CASE-00250,Karnataka,Railways,3,73.9,1.1,0,1,30.8,1,200,0,67
CASE-00251,Rajasthan,Urban Metro,19,48.4,2.66,1,0,4.2,4,383,0,55
CASE-00252,Odisha,Roads,14,40.3,2.9,0,1,0.0,2,427,1,415
CASE-00253,Karnataka,Railways,50,8.5,2.42,1,1,35.6,3,505,1,868
CASE-00254,Bihar,Railways,11,40.2,1.32,1,0,24.9,4,94,1,824
CASE-00255,Bihar,Urban Metro,17,84.6,3.26,1,1,14.0,3,323,1,772
CASE-00256,Gujarat,Urban Metro,28,43.0,0.63,0,1,0.0,3,235,0,29
CASE-00257,Tamil Nadu,Power/Transmission,37,69.4,1.09,1,0,14.9,1,308,1,620
CASE-00258,Maharashtra,Roads,62,48.7,-0.21,0,0,26.1,1,350,1,364
CASE-00259,Maharashtra,Railways,12,77.7,1.09,0,0,5.8,2,368,0,74
CASE-00260,Chhattisgarh,Roads,58,34.3,0.47,1,0,24.0,5,410,1,921
CASE-00261,Uttar Pradesh,Urban Metro,49,72.6,3.35,0,0,12.5,6,137,0,37
CASE-00262,Tamil Nadu,Roads,13,77.5,3.11,0,0,4.0,3,769,0,27
CASE-00263,Madhya Pradesh,Roads,12,37.2,1.58,0,0,19.9,3,614,0,143
CASE-00264,Uttar Pradesh,Power/Transmission,33,36.0,2.06,0,0,0.0,5,211,0,184
CASE-00265,Haryana,Railways,24,70.0,0.77,0,1,29.5,3,352,1,479
CASE-00266,Uttar Pradesh,Urban Metro,33,86.6,-1.0,0,0,23.5,2,790,0,57
CASE-00267,Bihar,Roads,19,43.8,0.59,1,0,31.1,0,403,0,58
CASE-00268,Uttar Pradesh,Urban Metro,26,76.8,2.4,0,0,38.9,4,251,0,162
CASE-00269,Maharashtra,Roads,22,61.4,2.03,0,0,18.2,1,641,0,102
CASE-00270,Maharashtra,Roads,33,37.2,1.03,0,0,0.0,4,302,1,612
CASE-00271,Maharashtra,Railways,12,97.8,2.39,1,0,18.1,2,184,0,81
CASE-00272,Uttar Pradesh,Roads,27,56.2,0.94,0,0,4.8,2,363,1,397
CASE-00273,Maharashtra,Irrigation,61,91.6,0.13,0,0,43.5,4,222,0,175
CASE-00274,Chhattisgarh,Roads,59,91.6,2.39,1,0,16.4,0,553,0,333
CASE-00275,Rajasthan,Roads,30,81.7,0.77,0,1,34.6,1,157,1,470
CASE-00276,Karnataka,Power/Transmission,12,82.7,2.73,0,0,43.9,2,533,1,374
CASE-00277,Madhya Pradesh,Roads,81,21.5,-0.9,1,0,10.8,2,377,1,757
CASE-00278,West Bengal,Power/Transmission,33,40.9,0.82,0,1,23.1,1,391,1,564
CASE-00279,Odisha,Power/Transmission,76,17.6,2.22,0,0,22.6,2,243,0,109
CASE-00280,Odisha,Roads,34,47.1,2.09,0,0,55.1,2,81,0,136
CASE-00281,Maharashtra,Power/Transmission,2,51.5,1.23,0,0,41.0,5,114,0,27
CASE-00282,Uttar Pradesh,Roads,81,81.9,1.84,0,0,6.0,3,870,0,147
CASE-00283,Bihar,Railways,44,70.2,1.67,1,0,12.8,2,534,0,312
CASE-00284,Bihar,Roads,25,87.0,-0.29,0,1,15.0,2,69,0,189
CASE-00285,Andhra Pradesh,Urban Metro,5,39.9,1.06,0,0,9.8,4,377,1,348
CASE-00286,Karnataka,Irrigation,47,48.6,1.77,1,0,17.3,4,506,1,813
CASE-00287,Maharashtra,Irrigation,33,29.0,2.11,1,0,14.1,4,375,1,764
CASE-00288,Madhya Pradesh,Housing,97,28.5,1.42,0,0,22.5,3,111,1,412
CASE-00289,West Bengal,Railways,71,59.0,0.84,0,0,20.3,3,423,1,659
CASE-00290,Maharashtra,Urban Metro,75,77.6,-0.1,0,0,39.3,2,150,0,87
CASE-00291,Odisha,Power/Transmission,29,60.8,2.4,0,0,10.6,1,185,0,211
CASE-00292,Maharashtra,Housing,28,45.9,2.27,1,0,0.0,2,75,0,115
CASE-00293,Haryana,Urban Metro,34,57.4,2.68,0,1,14.6,2,140,0,98
CASE-00294,Maharashtra,Housing,15,61.2,0.21,0,0,12.8,0,48,0,169
CASE-00295,Odisha,Roads,26,43.5,1.65,1,0,44.1,3,549,1,636
CASE-00296,Haryana,Power/Transmission,22,32.6,0.67,1,1,34.7,2,167,1,867
CASE-00297,Telangana,Urban Metro,57,10.0,1.56,0,0,41.5,1,828,1,407
CASE-00298,Tamil Nadu,Irrigation,65,33.8,4.99,0,0,36.4,1,562,0,177
CASE-00299,Tamil Nadu,Roads,40,79.9,2.58,1,1,0.0,2,552,1,1119
CASE-00300,Chhattisgarh,Housing,13,35.4,0.59,1,1,9.2,1,842,1,816
CASE-00301,Tamil Nadu,Roads,85,50.1,1.2,0,0,0.0,3,14,1,414
CASE-00302,Uttar Pradesh,Railways,47,33.2,1.07,0,0,45.5,2,445,0,134
CASE-00303,Andhra Pradesh,Irrigation,32,37.8,1.65,0,0,34.6,2,670,0,68
CASE-00304,West Bengal,Roads,38,67.7,-0.33,1,0,28.0,1,561,1,662
CASE-00305,Odisha,Power/Transmission,7,23.2,1.89,1,0,13.5,2,384,1,568
CASE-00306,West Bengal,Roads,22,43.3,-1.0,0,0,15.2,4,84,0,101
CASE-00307,Madhya Pradesh,Power/Transmission,60,30.9,-0.51,1,0,9.1,1,96,1,515
CASE-00308,Chhattisgarh,Urban Metro,7,56.4,3.9,1,0,31.7,3,223,0,166
CASE-00309,Bihar,Railways,7,51.0,1.07,0,0,23.6,2,287,0,107
CASE-00310,Uttar Pradesh,Power/Transmission,48,71.1,3.21,0,0,32.4,1,165,0,18
CASE-00311,West Bengal,Roads,36,73.8,0.53,0,0,28.3,2,1069,0,232
CASE-00312,Karnataka,Urban Metro,7,92.0,-1.0,1,0,34.4,2,843,1,820
CASE-00313,Bihar,Housing,21,45.1,0.24,0,0,29.7,2,197,0,82
CASE-00314,Madhya Pradesh,Roads,32,66.3,4.73,0,0,38.5,1,109,0,57
CASE-00315,Madhya Pradesh,Power/Transmission,29,34.0,-0.19,0,1,33.1,2,447,1,576
CASE-00316,Madhya Pradesh,Irrigation,34,47.6,3.63,0,0,14.3,4,274,0,179
CASE-00317,Madhya Pradesh,Irrigation,19,32.2,1.91,0,0,29.3,1,501,0,59
CASE-00318,Rajasthan,Power/Transmission,30,69.4,1.64,1,0,26.6,1,639,1,624
CASE-00319,Bihar,Railways,40,88.8,0.6,0,0,19.1,0,72,0,242
CASE-00320,Punjab,Irrigation,38,64.3,0.42,1,0,21.7,3,258,1,699
CASE-00321,Haryana,Roads,20,64.2,2.18,0,0,37.1,3,166,1,379
CASE-00322,West Bengal,Railways,43,10.7,3.08,0,0,30.1,5,1007,0,71
CASE-00323,Madhya Pradesh,Urban Metro,11,77.5,1.74,0,0,36.0,3,143,0,43
CASE-00324,Andhra Pradesh,Roads,15,29.5,2.39,0,0,22.6,2,186,0,115
CASE-00325,Odisha,Irrigation,47,91.8,0.99,0,0,39.2,2,496,0,43
CASE-00326,Rajasthan,Roads,42,42.4,4.11,0,0,33.6,0,185,1,461
CASE-00327,Tamil Nadu,Urban Metro,21,59.2,1.79,0,0,9.9,4,103,0,71
CASE-00328,Andhra Pradesh,Irrigation,15,69.7,3.94,0,0,16.6,0,861,0,34
CASE-00329,Chhattisgarh,Railways,17,77.9,0.34,1,0,9.3,1,323,1,640
CASE-00330,Bihar,Roads,39,84.6,1.45,0,0,5.8,3,149,0,56
CASE-00331,Gujarat,Railways,34,44.5,2.79,1,0,62.2,2,94,1,708
CASE-00332,Uttar Pradesh,Housing,14,56.5,1.67,1,0,47.0,0,138,0,67
CASE-00333,Rajasthan,Irrigation,42,47.1,2.12,1,1,39.3,4,166,1,970
CASE-00334,Odisha,Railways,21,27.1,0.33,0,0,28.7,2,263,0,154
CASE-00335,Uttar Pradesh,Power/Transmission,12,82.4,1.01,0,0,13.9,2,632,0,233
CASE-00336,Chhattisgarh,Railways,18,94.9,0.45,0,0,5.4,3,409,0,67
CASE-00337,Maharashtra,Railways,27,83.2,1.4,1,0,18.9,3,629,0,107
CASE-00338,Gujarat,Railways,41,72.2,1.27,1,0,11.2,0,448,0,157
CASE-00339,Maharashtra,Roads,39,20.8,0.87,0,0,32.7,3,364,0,126
CASE-00340,Punjab,Power/Transmission,24,24.1,2.26,1,1,24.3,4,104,0,398
CASE-00341,Uttar Pradesh,Urban Metro,30,64.3,0.22,1,0,34.8,0,541,1,692
CASE-00342,Punjab,Urban Metro,22,84.4,-1.0,0,0,25.6,1,138,0,56
CASE-00343,Tamil Nadu,Urban Metro,14,44.8,0.81,0,0,0.0,5,557,0,198
CASE-00344,Chhattisgarh,Railways,24,89.7,4.08,0,1,19.4,2,883,0,35
CASE-00345,Tamil Nadu,Roads,5,24.6,2.11,0,1,27.8,4,419,1,655
CASE-00346,Tamil Nadu,Irrigation,65,37.0,0.48,1,1,26.1,3,195,1,950
CASE-00347,Punjab,Housing,29,71.6,2.03,0,1,13.7,0,67,0,26
CASE-00348,Bihar,Power/Transmission,35,40.5,1.34,0,0,14.6,3,460,0,116
CASE-00349,Chhattisgarh,Railways,15,18.9,1.97,1,0,12.0,2,309,0,66
CASE-00350,Maharashtra,Power/Transmission,29,85.4,2.56,0,0,0.0,1,66,0,69
CASE-00351,Chhattisgarh,Power/Transmission,32,7.2,1.73,0,1,21.6,5,338,1,611
CASE-00352,Uttar Pradesh,Urban Metro,21,71.7,1.64,0,1,33.7,2,1181,1,720
CASE-00353,Andhra Pradesh,Power/Transmission,22,61.6,3.28,1,0,14.9,7,149,0,28
CASE-00354,Andhra Pradesh,Railways,8,77.6,2.15,0,0,3.4,6,118,0,153
CASE-00355,West Bengal,Roads,79,93.2,1.73,1,0,36.9,1,591,1,530
CASE-00356,West Bengal,Railways,15,66.7,1.55,0,0,42.4,1,323,0,168
CASE-00357,Gujarat,Railways,16,90.9,0.82,0,0,15.4,1,121,0,66
CASE-00358,Tamil Nadu,Housing,68,42.8,0.01,0,1,7.9,5,142,1,642
CASE-00359,West Bengal,Irrigation,36,54.1,2.3,0,0,19.8,4,369,0,145
CASE-00360,Chhattisgarh,Railways,41,75.6,3.03,1,0,26.2,1,97,1,798
CASE-00361,Punjab,Railways,8,43.9,2.01,0,0,15.3,1,407,1,486
CASE-00362,Maharashtra,Irrigation,29,68.7,2.18,0,0,0.0,3,36,1,505
CASE-00363,Maharashtra,Irrigation,8,53.1,0.44,0,0,36.4,2,367,0,150
CASE-00364,Maharashtra,Roads,13,52.8,0.78,0,0,25.6,3,336,0,159
CASE-00365,Rajasthan,Urban Metro,87,66.7,-0.04,0,1,45.2,5,1149,1,673
CASE-00366,Karnataka,Railways,11,91.2,1.2,1,1,22.6,3,175,1,795
CASE-00367,Tamil Nadu,Railways,40,35.0,2.68,0,0,44.1,2,302,0,268
CASE-00368,Rajasthan,Roads,12,72.9,0.66,1,0,18.6,4,89,0,60
CASE-00369,Madhya Pradesh,Irrigation,13,41.8,1.41,0,1,12.9,2,377,1,476
CASE-00370,Haryana,Power/Transmission,122,36.1,2.34,0,0,14.5,6,957,1,524
CASE-00371,Gujarat,Urban Metro,24,34.6,2.95,0,0,49.4,3,203,0,283
CASE-00372,Bihar,Roads,7,51.5,-0.48,1,0,19.2,2,197,0,144
CASE-00373,Madhya Pradesh,Housing,41,69.3,0.93,0,0,45.7,1,304,0,121
CASE-00374,Madhya Pradesh,Power/Transmission,57,91.7,0.61,0,1,15.1,2,165,0,69
CASE-00375,Uttar Pradesh,Roads,44,19.7,0.45,1,0,1.2,4,432,1,690
CASE-00376,Uttar Pradesh,Roads,22,26.2,1.04,0,0,32.5,4,112,0,297
CASE-00377,Punjab,Roads,23,42.2,-0.84,0,0,12.4,1,411,0,45
CASE-00378,Karnataka,Urban Metro,17,56.8,1.06,1,0,26.6,3,52,0,53
CASE-00379,Madhya Pradesh,Roads,10,54.9,1.54,0,0,25.0,0,187,0,102
CASE-00380,Gujarat,Railways,32,58.8,0.25,1,0,24.8,1,161,1,782
CASE-00381,Andhra Pradesh,Power/Transmission,21,63.5,0.92,0,0,46.7,3,262,0,157
CASE-00382,Punjab,Urban Metro,8,61.4,1.52,0,0,25.8,6,350,1,534
CASE-00383,Tamil Nadu,Power/Transmission,24,36.1,1.64,1,0,23.8,3,472,1,885
CASE-00384,West Bengal,Power/Transmission,15,15.0,-0.46,0,0,16.7,4,220,1,491
CASE-00385,Madhya Pradesh,Roads,31,47.7,2.34,1,0,30.1,5,213,1,814
CASE-00386,Telangana,Urban Metro,29,67.3,2.37,0,1,28.7,5,416,0,125
CASE-00387,Gujarat,Roads,19,75.2,0.61,1,0,16.0,4,220,0,111
CASE-00388,Punjab,Roads,25,54.7,3.51,0,0,36.1,1,149,0,176
CASE-00389,Maharashtra,Housing,27,31.2,2.05,1,0,18.9,4,446,1,726
CASE-00390,Odisha,Roads,47,69.9,1.87,1,0,30.7,2,502,0,50
CASE-00391,Chhattisgarh,Roads,24,12.4,2.32,0,0,2.1,2,535,0,134
CASE-00392,Uttar Pradesh,Irrigation,17,79.6,0.26,1,0,35.7,4,295,1,915
CASE-00393,Andhra Pradesh,Railways,21,83.7,1.08,0,0,11.2,2,1070,0,83
CASE-00394,Rajasthan,Roads,76,67.9,2.24,0,0,32.1,1,127,1,600
CASE-00395,Maharashtra,Irrigation,12,14.0,0.54,0,0,41.2,1,225,0,83
CASE-00396,Karnataka,Power/Transmission,22,76.2,1.08,0,0,28.2,1,232,0,159
CASE-00397,Tamil Nadu,Power/Transmission,21,79.4,2.22,0,0,39.3,1,457,0,124
CASE-00398,Bihar,Roads,22,62.0,1.87,0,0,5.8,4,19,0,71
CASE-00399,Karnataka,Irrigation,10,62.8,1.53,1,1,20.8,4,86,1,760
CASE-00400,Karnataka,Urban Metro,21,16.7,1.58,1,0,12.3,2,319,1,737
CASE-00401,Bihar,Roads,17,91.7,1.29,1,0,12.1,3,190,0,167
CASE-00402,Haryana,Roads,31,58.5,2.52,0,0,0.0,3,539,1,535
CASE-00403,Tamil Nadu,Roads,52,41.4,4.01,1,0,23.2,3,317,1,588
CASE-00404,Maharashtra,Irrigation,32,41.9,1.85,0,0,36.1,3,672,0,35
CASE-00405,Telangana,Roads,27,39.2,3.04,0,0,41.0,1,43,0,15
CASE-00406,Odisha,Power/Transmission,35,65.3,0.98,0,0,6.2,4,325,0,178
CASE-00407,Bihar,Housing,29,36.8,0.68,0,0,14.8,1,274,1,511
CASE-00408,Odisha,Roads,25,51.3,0.55,0,0,10.9,1,407,0,143
CASE-00409,Maharashtra,Irrigation,46,58.2,0.4,1,0,9.9,1,263,0,71
CASE-00410,Telangana,Roads,20,51.7,1.15,0,1,17.6,2,206,0,190
CASE-00411,Rajasthan,Roads,9,60.8,2.56,1,0,22.3,2,164,1,660
CASE-00412,Rajasthan,Power/Transmission,16,89.4,2.7,1,0,17.6,5,198,0,15
CASE-00413,Maharashtra,Railways,14,75.4,0.89,0,0,1.1,2,354,0,77
CASE-00414,Haryana,Housing,89,95.4,1.11,0,0,36.5,6,80,0,306
CASE-00415,Maharashtra,Irrigation,54,16.3,1.5,0,0,24.7,0,47,0,116
CASE-00416,Bihar,Roads,28,32.5,1.78,1,0,27.9,2,66,0,34
CASE-00417,Uttar Pradesh,Railways,15,62.6,2.2,0,0,28.8,2,471,0,86
CASE-00418,Tamil Nadu,Roads,46,66.3,1.02,0,0,31.2,2,221,0,272
CASE-00419,Uttar Pradesh,Urban Metro,27,86.7,1.26,1,1,24.3,0,174,0,69
CASE-00420,Haryana,Power/Transmission,20,38.0,3.13,0,0,9.5,1,214,0,86
CASE-00421,Rajasthan,Railways,27,40.7,1.17,0,0,44.7,0,524,1,544
CASE-00422,Maharashtra,Irrigation,21,72.1,0.81,1,1,31.6,4,43,1,1011
CASE-00423,Maharashtra,Power/Transmission,34,46.2,1.4,0,0,8.5,4,526,0,214
CASE-00424,Maharashtra,Power/Transmission,9,81.1,1.59,1,1,8.7,3,116,1,783
CASE-00425,Chhattisgarh,Roads,34,94.9,-0.35,0,0,51.8,2,576,0,105
CASE-00426,Tamil Nadu,Roads,21,36.3,0.97,0,0,19.6,0,976,1,237
CASE-00427,Bihar,Roads,47,44.4,2.0,1,0,11.8,3,235,1,505
CASE-00428,Odisha,Railways,55,13.9,3.91,0,0,14.0,1,175,0,83
CASE-00429,Maharashtra,Railways,63,33.1,0.87,0,0,28.8,5,730,1,499
CASE-00430,Tamil Nadu,Roads,93,19.2,2.42,0,0,14.9,4,121,1,492
CASE-00431,Haryana,Railways,61,61.0,1.72,1,0,24.0,3,255,1,751
CASE-00432,Tamil Nadu,Railways,46,60.8,2.89,0,0,56.6,4,194,0,193
CASE-00433,Rajasthan,Roads,10,16.5,0.76,0,0,0.0,1,299,0,97
CASE-00434,Odisha,Urban Metro,3,80.1,2.82,0,0,15.9,0,121,0,282
CASE-00435,Maharashtra,Irrigation,50,65.9,3.18,0,0,22.9,3,427,0,48
CASE-00436,Uttar Pradesh,Railways,13,92.6,3.23,0,0,0.0,2,306,0,162
CASE-00437,Uttar Pradesh,Irrigation,136,49.3,3.21,0,0,29.8,0,301,0,178
CASE-00438,West Bengal,Railways,7,66.1,1.73,0,0,35.4,0,345,0,18
CASE-00439,Gujarat,Urban Metro,44,48.1,2.2,0,0,1.2,3,115,0,120
CASE-00440,Chhattisgarh,Irrigation,29,50.4,1.0,0,0,20.8,2,442,0,69
CASE-00441,Odisha,Railways,7,64.8,-1.0,0,0,24.7,0,70,0,88
CASE-00442,Uttar Pradesh,Urban Metro,29,90.7,1.81,0,0,30.6,2,268,0,80
CASE-00443,Gujarat,Urban Metro,14,81.9,1.31,1,1,62.0,2,673,0,118
CASE-00444,Uttar Pradesh,Urban Metro,24,68.9,2.66,0,0,10.9,5,99,0,59
CASE-00445,Bihar,Roads,24,25.3,2.53,1,1,30.1,0,187,1,754
CASE-00446,Rajasthan,Roads,14,53.7,0.23,0,0,20.1,1,227,0,300
CASE-00447,Telangana,Power/Transmission,19,81.7,4.31,1,0,17.5,1,260,0,58
CASE-00448,Chhattisgarh,Railways,13,83.2,1.97,1,0,22.2,3,206,0,85
CASE-00449,Maharashtra,Power/Transmission,5,48.3,-0.04,0,0,28.2,2,536,1,449
CASE-00450,Chhattisgarh,Power/Transmission,27,57.2,0.13,0,0,22.1,2,53,0,81
CASE-00451,Maharashtra,Roads,61,48.1,-1.0,0,1,26.1,6,612,1,718
CASE-00452,Haryana,Roads,14,26.1,2.42,1,0,20.8,2,204,0,100
CASE-00453,Rajasthan,Railways,82,78.9,0.87,0,0,7.9,0,463,0,24
CASE-00454,Uttar Pradesh,Roads,93,54.4,0.49,0,1,34.4,1,444,1,563
CASE-00455,Maharashtra,Power/Transmission,18,64.9,0.73,0,0,37.4,0,210,1,278
CASE-00456,Uttar Pradesh,Power/Transmission,21,72.8,1.14,0,0,36.7,5,166,0,93
CASE-00457,Telangana,Railways,18,33.6,2.19,0,1,32.1,2,881,1,534
CASE-00458,Karnataka,Power/Transmission,10,63.4,-0.47,0,1,10.4,5,866,1,606
CASE-00459,Tamil Nadu,Irrigation,21,94.3,0.22,0,0,7.7,1,296,0,68
CASE-00460,Chhattisgarh,Power/Transmission,20,23.7,2.06,0,0,35.7,1,532,0,179
CASE-00461,Andhra Pradesh,Roads,27,61.0,0.79,0,0,3.9,4,246,0,149
CASE-00462,Uttar Pradesh,Power/Transmission,28,74.7,2.2,1,0,11.7,4,203,0,279
CASE-00463,Punjab,Power/Transmission,9,33.8,0.9,0,0,54.2,1,323,0,87
CASE-00464,Bihar,Roads,38,10.1,3.39,1,0,29.6,2,129,1,604
CASE-00465,Andhra Pradesh,Irrigation,21,54.4,1.75,0,0,24.4,2,116,1,494
CASE-00466,Rajasthan,Urban Metro,11,91.2,2.97,0,0,0.0,2,699,0,213
CASE-00467,Chhattisgarh,Roads,21,51.6,2.12,0,0,11.9,2,424,0,58
CASE-00468,Punjab,Power/Transmission,29,48.5,2.19,0,0,34.5,2,150,0,48
CASE-00469,Uttar Pradesh,Housing,69,27.6,0.6,1,0,0.0,0,447,1,538
CASE-00470,West Bengal,Urban Metro,62,68.7,2.9,0,0,28.0,5,213,1,664
CASE-00471,Karnataka,Railways,17,33.1,1.76,0,0,1.3,2,239,1,388
CASE-00472,West Bengal,Irrigation,22,34.9,0.36,0,0,12.6,2,168,0,193
CASE-00473,Maharashtra,Housing,13,21.2,-1.0,0,0,0.0,0,336,0,139
CASE-00474,Uttar Pradesh,Irrigation,32,80.3,1.67,1,0,23.4,2,388,0,164
CASE-00475,Bihar,Roads,18,25.1,3.31,0,1,0.0,4,242,1,947
CASE-00476,Bihar,Roads,22,8.9,0.41,0,0,20.7,4,116,1,647
CASE-00477,Karnataka,Power/Transmission,51,47.8,0.37,0,0,31.6,5,456,1,472
CASE-00478,Chhattisgarh,Railways,9,66.9,1.12,0,0,25.0,1,167,1,236
CASE-00479,Chhattisgarh,Roads,62,78.8,2.82,1,0,29.0,3,400,1,802
CASE-00480,Karnataka,Railways,34,25.0,-0.7,0,0,25.4,2,706,1,432
CASE-00481,Karnataka,Power/Transmission,60,70.5,0.72,0,0,20.6,4,706,1,762
CASE-00482,Uttar Pradesh,Railways,43,53.1,0.29,1,1,21.0,4,99,1,956
CASE-00483,Andhra Pradesh,Urban Metro,48,81.3,2.17,0,0,26.4,1,190,0,201
CASE-00484,Madhya Pradesh,Power/Transmission,26,70.2,1.33,0,0,5.6,0,358,0,83
CASE-00485,Maharashtra,Housing,11,17.0,1.08,1,0,16.1,2,547,1,672
CASE-00486,Karnataka,Urban Metro,16,93.4,1.28,1,0,52.5,1,90,0,35
CASE-00487,West Bengal,Roads,14,35.7,2.44,0,0,29.3,0,592,0,113
CASE-00488,Bihar,Power/Transmission,4,83.3,2.85,1,0,40.7,2,385,1,723
CASE-00489,Andhra Pradesh,Roads,51,55.5,2.73,0,1,27.1,2,626,0,46
CASE-00490,Andhra Pradesh,Housing,24,66.5,2.19,1,0,11.0,1,97,0,162
CASE-00491,Rajasthan,Roads,13,37.5,3.16,0,0,17.4,0,218,0,117
CASE-00492,Chhattisgarh,Power/Transmission,91,88.0,0.38,1,0,0.0,2,380,0,188
CASE-00493,Rajasthan,Urban Metro,117,66.3,1.97,1,0,42.6,0,269,1,583
CASE-00494,Madhya Pradesh,Roads,8,34.6,4.32,0,0,35.4,3,242,0,153
CASE-00495,Tamil Nadu,Urban Metro,21,59.2,-0.7,0,0,9.5,4,60,0,159
CASE-00496,Andhra Pradesh,Roads,20,70.2,0.86,0,0,33.5,1,228,0,32
CASE-00497,Karnataka,Railways,12,67.7,0.26,0,1,32.1,1,101,1,845
CASE-00498,Chhattisgarh,Railways,50,24.9,1.85,0,0,23.2,3,1015,1,390
CASE-00499,Madhya Pradesh,Railways,4,20.4,3.23,0,0,29.1,0,392,1,339
CASE-00500,West Bengal,Irrigation,76,43.4,2.15,0,0,30.6,2,1481,1,810
CASE-00501,Gujarat,Urban Metro,27,46.9,1.24,0,1,27.8,5,193,1,729
CASE-00502,Haryana,Railways,86,13.5,2.15,0,0,24.3,1,264,0,323
CASE-00503,Haryana,Irrigation,25,78.1,1.15,0,0,23.3,1,714,0,291
CASE-00504,West Bengal,Urban Metro,20,53.1,1.73,0,0,13.5,1,253,0,260
CASE-00505,West Bengal,Power/Transmission,53,35.5,2.24,0,1,35.6,1,771,0,234
CASE-00506,Tamil Nadu,Roads,85,56.5,3.6,0,0,51.7,3,909,1,431
CASE-00507,Madhya Pradesh,Housing,76,61.3,2.04,0,0,5.2,2,316,0,38
CASE-00508,Odisha,Roads,6,13.4,1.76,0,0,22.5,2,675,1,430
CASE-00509,West Bengal,Irrigation,64,45.8,3.94,0,0,12.2,1,518,0,39
CASE-00510,Maharashtra,Irrigation,20,62.8,-0.85,0,0,30.3,2,55,0,46
CASE-00511,Maharashtra,Power/Transmission,23,57.4,1.39,1,0,28.4,2,773,1,828
CASE-00512,Odisha,Roads,19,37.6,0.61,1,0,24.0,4,458,1,869
CASE-00513,Maharashtra,Roads,16,60.8,1.21,0,0,13.1,2,315,0,224
CASE-00514,Bihar,Power/Transmission,22,36.9,2.22,0,1,14.9,3,287,0,214
CASE-00515,Madhya Pradesh,Roads,11,50.7,2.68,0,0,10.6,3,982,0,106
CASE-00516,Uttar Pradesh,Railways,64,69.6,0.88,0,0,0.0,1,292,1,429
CASE-00517,Madhya Pradesh,Power/Transmission,42,48.7,2.3,1,1,40.4,5,417,0,180
CASE-00518,Gujarat,Power/Transmission,31,70.0,0.42,0,0,32.0,7,579,0,179
CASE-00519,Maharashtra,Roads,19,14.8,-0.04,0,0,41.4,1,505,1,359
CASE-00520,Tamil Nadu,Railways,17,64.5,1.59,1,0,16.8,2,269,0,51
CASE-00521,Odisha,Housing,35,54.7,1.24,0,0,29.4,2,1040,0,167
CASE-00522,Madhya Pradesh,Railways,31,63.8,3.29,0,0,9.3,2,108,0,75
CASE-00523,Uttar Pradesh,Roads,55,76.0,4.05,1,0,13.5,3,484,0,15
CASE-00524,Chhattisgarh,Roads,17,13.7,0.77,0,1,52.7,1,218,1,539
CASE-00525,Maharashtra,Railways,16,68.3,-0.67,1,0,16.4,4,369,0,193
CASE-00526,Madhya Pradesh,Housing,41,81.5,-0.14,0,1,36.2,2,347,0,57
CASE-00527,Punjab,Railways,47,51.8,0.5,0,1,25.8,1,222,0,51
CASE-00528,Telangana,Roads,111,75.7,1.75,0,0,1.1,5,650,0,43
CASE-00529,Tamil Nadu,Irrigation,6,49.8,1.19,0,0,20.0,1,584,0,159
CASE-00530,Madhya Pradesh,Roads,66,25.5,-0.01,0,0,27.7,2,152,1,505
CASE-00531,Rajasthan,Roads,29,79.0,3.64,0,0,32.6,2,1081,0,29
CASE-00532,Rajasthan,Housing,18,42.2,2.3,0,0,0.0,1,268,0,34
CASE-00533,Madhya Pradesh,Power/Transmission,36,68.6,3.61,0,0,7.5,2,401,0,56
CASE-00534,Chhattisgarh,Roads,35,85.8,-0.66,1,0,26.7,1,93,0,43
CASE-00535,Maharashtra,Railways,18,72.4,3.03,1,0,7.9,3,325,0,233
CASE-00536,Uttar Pradesh,Roads,6,70.5,1.32,1,0,40.3,0,553,1,530
CASE-00537,West Bengal,Roads,66,61.2,1.03,0,0,21.1,0,142,0,169
CASE-00538,Uttar Pradesh,Irrigation,15,47.1,1.53,0,0,29.3,4,325,0,26
CASE-00539,Uttar Pradesh,Irrigation,13,73.0,0.66,0,0,41.4,2,379,1,544
CASE-00540,Odisha,Power/Transmission,16,20.5,1.33,0,0,3.8,0,407,1,243
CASE-00541,Telangana,Urban Metro,46,32.7,2.64,0,0,28.9,3,34,0,64
CASE-00542,Andhra Pradesh,Roads,20,55.2,-0.86,0,0,24.0,2,179,0,33
CASE-00543,Odisha,Housing,16,58.3,3.3,0,0,24.5,3,380,0,123
CASE-00544,Telangana,Irrigation,34,76.1,1.97,0,1,18.6,0,469,0,27
CASE-00545,Uttar Pradesh,Roads,31,47.0,1.37,0,1,24.4,3,277,0,93
CASE-00546,Karnataka,Urban Metro,16,67.7,2.62,0,0,0.0,1,758,0,15
CASE-00547,Karnataka,Roads,6,62.9,1.94,0,0,40.7,1,394,0,65
CASE-00548,Maharashtra,Irrigation,45,63.9,0.92,0,0,2.0,2,313,0,176
CASE-00549,Gujarat,Power/Transmission,31,88.9,0.57,0,0,48.6,0,279,0,93
CASE-00550,Karnataka,Roads,4,93.6,3.3,1,0,7.8,2,337,0,183
CASE-00551,West Bengal,Urban Metro,73,55.1,-0.27,0,0,7.1,2,117,0,196
CASE-00552,Uttar Pradesh,Roads,4,58.3,1.26,0,0,28.1,5,321,0,74
CASE-00553,Uttar Pradesh,Urban Metro,14,83.7,-0.19,1,0,26.1,2,215,1,808
CASE-00554,Haryana,Roads,14,81.6,2.09,1,0,28.8,0,347,0,126
CASE-00555,Maharashtra,Roads,16,57.4,1.38,0,0,27.4,1,221,0,191
CASE-00556,Bihar,Railways,16,49.9,0.0,0,0,19.9,2,272,0,161
CASE-00557,Bihar,Urban Metro,9,86.7,0.46,1,0,16.5,3,312,0,113
CASE-00558,West Bengal,Roads,29,25.3,1.55,0,0,30.7,1,170,0,49
CASE-00559,Andhra Pradesh,Urban Metro,50,73.4,1.84,0,0,11.6,5,356,0,260
CASE-00560,West Bengal,Roads,29,72.4,-0.82,0,0,23.8,4,430,1,567
CASE-00561,Maharashtra,Railways,32,39.8,0.65,0,1,0.0,1,463,0,71
CASE-00562,Bihar,Railways,20,37.2,1.69,0,0,25.8,0,709,0,96
CASE-00563,Odisha,Roads,28,21.9,2.95,1,0,23.5,2,252,1,649
CASE-00564,Chhattisgarh,Housing,34,40.0,2.51,0,0,21.4,2,463,0,67
CASE-00565,Chhattisgarh,Railways,42,32.6,0.95,0,0,47.6,2,567,1,735
CASE-00566,Rajasthan,Power/Transmission,15,21.1,2.7,0,1,44.4,0,149,0,228
CASE-00567,Gujarat,Irrigation,13,60.4,1.12,1,0,35.7,3,372,1,677
CASE-00568,Maharashtra,Irrigation,3,53.5,-1.0,0,0,35.4,4,636,0,112
CASE-00569,Madhya Pradesh,Irrigation,87,82.5,3.23,0,0,23.6,0,352,0,95
CASE-00570,Andhra Pradesh,Urban Metro,83,48.6,2.05,0,0,26.6,4,670,0,194
CASE-00571,Madhya Pradesh,Power/Transmission,25,81.8,1.73,1,0,28.5,0,422,0,62
CASE-00572,Odisha,Irrigation,26,54.4,1.51,0,0,31.0,1,684,0,128
CASE-00573,West Bengal,Irrigation,69,74.7,1.86,0,0,23.1,1,656,0,70
CASE-00574,Gujarat,Irrigation,9,69.4,1.51,0,0,30.1,1,632,0,56
CASE-00575,Odisha,Railways,12,42.0,1.15,0,0,23.0,3,375,0,27
CASE-00576,West Bengal,Irrigation,72,58.1,0.72,1,0,28.3,4,464,1,897
CASE-00577,Haryana,Railways,20,37.0,1.59,1,0,35.8,3,373,0,76
CASE-00578,Andhra Pradesh,Power/Transmission,11,9.2,0.44,0,0,12.2,1,134,0,112
CASE-00579,Odisha,Housing,36,34.6,0.13,0,0,24.0,6,140,0,115
CASE-00580,Madhya Pradesh,Housing,15,54.7,1.82,0,1,23.1,1,527,1,411
CASE-00581,West Bengal,Urban Metro,64,83.6,2.68,0,0,6.7,0,1219,0,130
CASE-00582,Andhra Pradesh,Irrigation,28,49.0,0.54,0,0,42.9,1,195,1,368
CASE-00583,Maharashtra,Power/Transmission,16,76.8,0.75,0,1,9.6,3,335,1,569
CASE-00584,Karnataka,Roads,16,58.2,-0.54,0,0,43.5,2,354,1,428
CASE-00585,Haryana,Railways,34,54.5,-0.08,0,1,1.9,1,230,0,74
CASE-00586,Chhattisgarh,Roads,22,50.6,-0.03,0,0,0.0,6,395,0,64
CASE-00587,Uttar Pradesh,Roads,20,76.4,2.67,0,0,17.0,4,442,0,39
CASE-00588,Madhya Pradesh,Housing,43,55.8,-0.58,1,0,28.0,1,552,0,38
CASE-00589,Uttar Pradesh,Urban Metro,70,29.1,2.05,0,0,27.9,4,382,0,119
CASE-00590,Maharashtra,Irrigation,39,91.3,1.18,0,0,41.4,2,103,0,34
CASE-00591,Haryana,Roads,14,26.0,2.23,0,0,10.5,3,845,1,360
CASE-00592,Karnataka,Power/Transmission,10,32.8,2.9,1,0,35.9,3,353,1,726
CASE-00593,Bihar,Railways,42,66.1,1.46,1,0,0.0,3,250,0,115
CASE-00594,Chhattisgarh,Urban Metro,39,42.6,2.86,0,0,7.5,2,232,0,143
CASE-00595,Maharashtra,Housing,19,87.1,3.36,1,0,18.1,0,123,0,357
CASE-00596,Bihar,Railways,22,64.5,3.12,0,0,5.5,8,296,0,255
CASE-00597,Rajasthan,Roads,15,51.2,0.69,0,0,30.2,2,248,1,509
CASE-00598,Chhattisgarh,Roads,11,67.9,-0.86,0,0,12.2,1,618,0,15
CASE-00599,Telangana,Roads,16,18.1,1.35,0,0,37.0,2,159,0,130
CASE-00600,Chhattisgarh,Railways,2,96.7,1.71,1,0,35.0,1,192,0,41
CASE-00601,West Bengal,Roads,56,65.1,-0.84,0,1,11.9,2,435,0,201
CASE-00602,Gujarat,Roads,8,21.9,1.57,0,0,16.7,2,271,1,401
CASE-00603,Haryana,Roads,25,71.5,-1.0,0,0,20.7,2,855,1,215
CASE-00604,Gujarat,Roads,3,53.6,3.35,0,0,42.3,2,201,0,408
CASE-00605,Punjab,Power/Transmission,38,43.0,2.07,1,1,7.9,1,488,1,677
CASE-00606,Tamil Nadu,Roads,47,22.1,0.52,0,0,0.0,2,523,1,548
CASE-00607,Odisha,Urban Metro,27,13.7,1.65,0,0,15.6,3,102,0,54
CASE-00608,Maharashtra,Roads,24,29.2,1.8,0,0,8.2,1,307,0,120
CASE-00609,Gujarat,Roads,15,38.8,2.08,0,0,0.0,0,113,0,135
CASE-00610,Karnataka,Roads,55,42.5,1.58,0,0,21.4,2,231,1,413
CASE-00611,Andhra Pradesh,Power/Transmission,6,48.8,2.63,0,0,4.4,2,49,0,76
CASE-00612,Rajasthan,Roads,18,77.8,-0.02,1,1,27.1,1,193,0,63
CASE-00613,Punjab,Irrigation,13,34.3,1.34,1,0,4.0,0,381,0,298
CASE-00614,Telangana,Roads,13,61.0,3.64,0,1,66.3,0,174,1,725
CASE-00615,Bihar,Housing,54,22.5,1.08,1,1,37.9,1,371,1,717
CASE-00616,Gujarat,Roads,23,59.3,1.79,1,0,11.0,2,1041,1,593
CASE-00617,Gujarat,Railways,15,50.6,0.31,1,0,10.4,4,490,1,630
CASE-00618,Madhya Pradesh,Urban Metro,32,24.1,4.09,0,0,19.1,0,622,0,138
CASE-00619,Uttar Pradesh,Roads,30,37.9,1.84,0,0,33.0,3,83,0,151
CASE-00620,Maharashtra,Roads,46,78.8,-0.01,0,0,15.3,2,84,0,50
CASE-00621,Tamil Nadu,Urban Metro,34,77.6,2.81,1,0,4.6,4,195,0,101
CASE-00622,West Bengal,Roads,24,48.0,0.21,1,0,0.2,1,94,0,80
CASE-00623,Telangana,Roads,25,27.6,2.32,0,0,21.7,5,38,1,535
CASE-00624,West Bengal,Railways,33,72.2,2.74,1,1,11.1,3,211,0,80
CASE-00625,Telangana,Roads,12,50.3,3.93,0,0,26.2,4,374,0,26
CASE-00626,Karnataka,Urban Metro,30,81.2,1.77,0,0,0.0,3,174,0,31
CASE-00627,Tamil Nadu,Irrigation,69,52.9,1.56,1,0,29.1,2,243,1,625
CASE-00628,Maharashtra,Irrigation,27,21.7,-0.93,0,0,17.2,5,269,0,80
CASE-00629,Andhra Pradesh,Roads,19,49.5,0.95,0,0,0.0,2,187,0,82
CASE-00630,Tamil Nadu,Power/Transmission,19,40.8,0.64,0,0,27.4,2,125,1,418
CASE-00631,Haryana,Power/Transmission,32,67.2,1.28,1,0,29.5,0,370,1,587
CASE-00632,Tamil Nadu,Roads,28,9.6,0.88,0,0,9.9,3,226,1,301
CASE-00633,Maharashtra,Urban Metro,40,75.4,2.44,0,1,31.7,1,143,0,64
CASE-00634,Madhya Pradesh,Irrigation,15,62.7,0.83,0,0,1.5,3,852,0,35
CASE-00635,Maharashtra,Power/Transmission,22,68.3,2.07,0,0,0.0,1,309,0,44
CASE-00636,Maharashtra,Roads,44,3.6,1.36,0,0,19.5,3,87,0,144
CASE-00637,Rajasthan,Roads,47,72.7,0.75,0,1,8.7,1,224,0,169
CASE-00638,Gujarat,Power/Transmission,47,52.3,0.64,0,0,3.3,2,492,0,100
CASE-00639,Tamil Nadu,Power/Transmission,41,46.9,1.78,0,0,30.6,3,227,0,124
CASE-00640,Odisha,Railways,42,62.0,3.14,1,0,25.2,1,219,1,659
CASE-00641,Gujarat,Roads,30,47.5,0.62,0,0,46.6,4,294,1,474
CASE-00642,Tamil Nadu,Urban Metro,8,59.2,1.56,0,0,28.3,4,126,1,562
CASE-00643,Maharashtra,Roads,8,77.3,2.08,0,1,30.3,0,52,0,173
CASE-00644,Bihar,Railways,26,37.4,1.48,1,0,8.9,3,628,1,618
CASE-00645,Chhattisgarh,Irrigation,27,64.3,-0.61,0,0,0.0,4,368,1,358
CASE-00646,Odisha,Roads,13,94.3,2.07,0,0,51.7,3,315,0,43
CASE-00647,Maharashtra,Roads,13,66.7,-0.31,0,0,29.4,1,278,0,75
CASE-00648,West Bengal,Roads,23,53.6,-0.29,0,0,46.1,2,298,1,523
CASE-00649,Rajasthan,Urban Metro,95,83.5,-0.07,0,1,4.3,0,944,1,414
CASE-00650,Maharashtra,Railways,11,63.4,1.31,0,0,37.1,1,167,0,133
CASE-00651,Karnataka,Power/Transmission,18,72.7,0.34,1,0,26.3,2,608,1,658
CASE-00652,Haryana,Housing,46,52.9,-0.22,1,0,37.9,0,623,1,659
CASE-00653,Rajasthan,Power/Transmission,40,36.0,1.96,1,0,30.7,1,404,0,59
CASE-00654,Bihar,Irrigation,31,53.4,1.47,0,0,18.6,1,612,0,145
CASE-00655,Odisha,Irrigation,5,82.9,2.41,1,0,26.2,1,343,1,622
CASE-00656,Madhya Pradesh,Railways,21,56.6,0.62,0,0,16.7,2,212,0,90
CASE-00657,Odisha,Irrigation,79,59.4,1.42,1,1,34.6,3,385,1,782
CASE-00658,Bihar,Housing,13,50.9,2.46,0,0,10.1,0,1356,1,365
CASE-00659,Chhattisgarh,Power/Transmission,13,64.2,-0.08,0,0,11.5,1,367,0,30
CASE-00660,Karnataka,Railways,67,78.3,0.71,0,0,19.6,0,404,0,98
CASE-00661,Bihar,Railways,23,53.8,2.69,0,0,31.2,3,67,0,79
CASE-00662,Haryana,Urban Metro,5,35.4,1.52,0,1,22.8,1,115,1,765
CASE-00663,Uttar Pradesh,Roads,10,89.0,1.32,1,0,17.1,4,209,0,187
CASE-00664,Maharashtra,Urban Metro,16,25.3,1.45,0,0,37.8,5,294,0,489
CASE-00665,Madhya Pradesh,Roads,30,68.4,2.97,1,0,30.8,3,466,1,1011
CASE-00666,Gujarat,Power/Transmission,21,94.9,1.47,0,0,15.1,3,832,0,129
CASE-00667,Tamil Nadu,Urban Metro,12,34.8,1.55,0,1,6.4,4,124,1,564
CASE-00668,Telangana,Railways,22,56.2,1.48,0,0,19.4,0,287,0,119
CASE-00669,Bihar,Roads,13,47.9,-0.44,0,0,12.6,2,505,0,86
CASE-00670,Karnataka,Urban Metro,82,44.3,2.1,0,0,10.4,2,166,0,277
CASE-00671,Uttar Pradesh,Railways,9,23.9,0.51,0,0,33.2,2,886,1,441
CASE-00672,Andhra Pradesh,Railways,17,13.6,-0.01,1,0,38.9,0,317,0,134
CASE-00673,Telangana,Irrigation,16,58.6,-0.6,0,0,21.1,3,217,0,93
CASE-00674,Rajasthan,Railways,16,58.2,-0.35,0,1,21.9,4,260,0,32
CASE-00675,Chhattisgarh,Power/Transmission,10,55.4,-1.0,0,0,10.9,3,69,0,61
CASE-00676,Karnataka,Roads,64,23.5,0.27,1,0,6.1,3,727,1,682
CASE-00677,Haryana,Railways,100,53.8,0.98,0,0,33.9,3,344,1,403
CASE-00678,West Bengal,Urban Metro,33,31.6,2.77,0,0,2.9,0,790,0,33
CASE-00679,Uttar Pradesh,Roads,31,4.8,1.57,1,1,12.7,0,302,0,173
CASE-00680,Madhya Pradesh,Railways,6,47.4,1.8,0,0,12.2,0,1033,0,70
CASE-00681,Maharashtra,Power/Transmission,63,54.6,3.04,1,0,28.4,1,108,0,266
CASE-00682,Uttar Pradesh,Urban Metro,13,72.5,-1.0,1,0,19.0,2,539,0,120
CASE-00683,Maharashtra,Irrigation,5,44.4,1.97,0,0,13.5,4,218,0,65
CASE-00684,Karnataka,Urban Metro,37,64.9,1.88,0,0,42.4,1,801,0,64
CASE-00685,Chhattisgarh,Roads,52,58.8,2.49,1,0,46.5,1,229,1,603
CASE-00686,Madhya Pradesh,Railways,62,70.3,-0.66,0,0,27.8,2,70,0,332
CASE-00687,Karnataka,Housing,18,26.1,0.81,0,0,24.2,1,120,0,39
CASE-00688,Punjab,Urban Metro,16,89.5,0.38,0,0,14.4,1,140,0,15
CASE-00689,Gujarat,Irrigation,29,42.0,-0.05,1,0,21.7,2,148,0,30
CASE-00690,Andhra Pradesh,Railways,21,19.6,4.28,0,0,3.9,0,112,0,83
CASE-00691,Bihar,Railways,38,45.8,0.82,1,0,36.8,5,587,1,871
CASE-00692,Haryana,Roads,29,72.6,2.61,0,0,20.0,2,334,0,171
CASE-00693,Bihar,Urban Metro,12,64.0,2.35,0,0,11.7,3,176,1,563
CASE-00694,Madhya Pradesh,Urban Metro,63,56.4,-0.23,0,0,17.0,4,280,0,53
CASE-00695,Haryana,Railways,38,19.3,0.87,0,0,32.6,1,740,0,34
CASE-00696,West Bengal,Roads,51,69.6,1.57,1,0,18.2,3,391,0,76
CASE-00697,Gujarat,Railways,12,13.5,1.97,0,0,10.2,5,212,0,108
CASE-00698,Chhattisgarh,Roads,37,6.2,1.9,0,1,0.0,3,169,1,439
CASE-00699,Rajasthan,Power/Transmission,44,14.2,3.6,0,0,20.8,4,778,1,542
CASE-00700,Bihar,Irrigation,28,17.0,2.59,1,0,27.6,6,178,0,172
CASE-00701,Bihar,Roads,10,53.4,2.29,0,0,14.6,2,44,0,123
CASE-00702,Madhya Pradesh,Irrigation,27,58.0,2.66,1,0,10.1,3,536,0,109
CASE-00703,Uttar Pradesh,Housing,42,14.9,3.12,0,0,5.1,2,96,0,110
CASE-00704,Odisha,Roads,53,72.2,0.75,1,0,16.4,3,542,1,654
CASE-00705,Bihar,Railways,7,20.9,-0.4,0,0,5.3,2,157,1,394
CASE-00706,Andhra Pradesh,Railways,28,21.7,0.77,1,0,5.2,4,133,0,225
CASE-00707,Tamil Nadu,Roads,8,94.2,-0.15,1,1,14.8,4,53,0,283
CASE-00708,Tamil Nadu,Irrigation,42,35.0,0.32,0,1,50.3,1,357,1,688
CASE-00709,Karnataka,Irrigation,50,61.4,1.62,0,0,57.0,0,488,0,27
CASE-00710,West Bengal,Roads,11,57.1,0.84,1,0,39.7,0,312,0,163
CASE-00711,Telangana,Roads,10,75.9,2.28,0,0,31.7,1,236,0,287
CASE-00712,Rajasthan,Urban Metro,15,51.2,1.86,1,1,0.0,1,173,0,210
CASE-00713,Tamil Nadu,Railways,22,39.9,1.94,0,0,62.1,2,209,0,59
CASE-00714,Haryana,Irrigation,14,93.0,-0.02,0,0,27.9,1,299,1,468
CASE-00715,Tamil Nadu,Irrigation,45,23.6,0.45,0,0,5.5,3,245,0,68
CASE-00716,Uttar Pradesh,Urban Metro,53,45.2,-0.79,0,0,62.3,4,216,0,127
CASE-00717,Andhra Pradesh,Power/Transmission,27,78.4,2.18,0,0,20.5,0,208,0,262
CASE-00718,Maharashtra,Urban Metro,14,53.0,3.81,1,0,34.5,1,632,0,255
CASE-00719,Rajasthan,Irrigation,21,17.7,1.71,0,0,17.3,1,87,0,29
CASE-00720,Punjab,Railways,27,47.6,1.82,0,0,30.5,1,1610,1,546
CASE-00721,West Bengal,Railways,21,73.4,0.86,0,1,32.3,1,995,0,118
CASE-00722,Karnataka,Railways,24,49.2,1.24,0,0,34.9,3,128,1,395
CASE-00723,Maharashtra,Railways,51,23.1,3.03,0,0,41.3,3,710,1,514
CASE-00724,Punjab,Roads,13,83.3,1.61,1,0,24.3,3,250,0,145
CASE-00725,Maharashtra,Railways,87,23.1,2.27,1,0,25.1,2,63,1,649
CASE-00726,Maharashtra,Railways,28,78.5,3.06,0,0,21.3,0,403,0,326
CASE-00727,Bihar,Roads,20,75.4,2.82,0,0,6.3,3,209,0,22
CASE-00728,Maharashtra,Roads,13,38.4,1.54,0,0,8.4,0,672,0,61
CASE-00729,Karnataka,Power/Transmission,14,10.3,1.63,1,1,17.4,2,1066,1,869
CASE-00730,West Bengal,Irrigation,25,82.1,1.04,0,0,40.9,0,102,0,127
CASE-00731,Madhya Pradesh,Urban Metro,28,9.2,2.1,1,0,29.1,2,161,1,636
CASE-00732,Maharashtra,Irrigation,19,37.6,1.0,0,1,20.6,1,264,1,802
CASE-00733,Maharashtra,Urban Metro,8,6.6,1.92,1,0,18.0,3,369,0,97
CASE-00734,Madhya Pradesh,Power/Transmission,25,21.1,2.75,0,1,4.5,4,138,1,504
CASE-00735,Maharashtra,Roads,14,17.4,-0.52,0,0,8.5,1,444,0,61
CASE-00736,Rajasthan,Housing,5,90.7,-0.73,0,0,24.3,1,93,0,95
CASE-00737,Uttar Pradesh,Roads,39,38.8,1.45,0,0,22.1,4,107,1,645
CASE-00738,Bihar,Irrigation,6,57.4,2.3,0,0,33.7,5,569,1,502
CASE-00739,Karnataka,Power/Transmission,19,40.7,1.84,1,0,18.8,0,266,1,682
CASE-00740,Karnataka,Railways,23,91.1,0.05,0,1,30.5,2,251,0,60
CASE-00741,Maharashtra,Irrigation,58,12.4,2.58,0,0,0.0,2,510,0,48
CASE-00742,Maharashtra,Railways,5,52.3,3.79,0,0,7.8,2,20,0,78
CASE-00743,Odisha,Roads,42,74.1,0.46,0,0,26.0,1,234,0,55
CASE-00744,Maharashtra,Roads,46,87.8,0.63,0,0,22.2,2,314,1,762
CASE-00745,West Bengal,Roads,70,57.6,1.53,0,0,33.1,1,96,0,194
CASE-00746,West Bengal,Roads,52,17.7,1.35,0,0,39.6,4,272,0,81
CASE-00747,Madhya Pradesh,Irrigation,24,74.4,2.94,0,0,40.3,2,622,0,206
CASE-00748,Karnataka,Irrigation,43,27.3,1.84,0,0,45.8,2,440,0,123
CASE-00749,Tamil Nadu,Railways,60,5.2,1.15,0,0,49.3,2,27,0,134
CASE-00750,Odisha,Power/Transmission,4,44.9,0.79,0,1,16.7,2,269,1,600
CASE-00751,Bihar,Roads,8,81.4,-0.33,0,0,56.5,0,634,0,44
CASE-00752,Madhya Pradesh,Roads,30,25.1,3.14,0,0,65.3,6,478,1,804
CASE-00753,Bihar,Power/Transmission,46,80.5,2.25,0,0,2.5,2,234,0,185
CASE-00754,West Bengal,Urban Metro,38,82.3,1.39,1,0,13.2,0,543,1,735
CASE-00755,Rajasthan,Railways,32,81.9,1.63,0,0,27.4,3,595,0,495
CASE-00756,Bihar,Roads,70,73.4,1.37,0,0,25.5,1,180,1,370
CASE-00757,Madhya Pradesh,Power/Transmission,19,80.5,-0.62,1,0,0.0,4,517,0,46
CASE-00758,Punjab,Urban Metro,14,76.8,-0.21,0,1,7.8,3,179,1,570
CASE-00759,Maharashtra,Railways,17,52.7,1.25,0,0,25.3,4,158,0,46
CASE-00760,West Bengal,Roads,30,87.7,1.23,0,0,18.7,1,355,0,24
CASE-00761,Gujarat,Roads,23,72.1,1.49,0,0,31.3,1,115,0,179
CASE-00762,Uttar Pradesh,Irrigation,48,93.2,3.54,0,1,51.3,5,241,1,896
CASE-00763,Maharashtra,Urban Metro,14,44.6,1.16,1,0,3.3,1,160,0,168
CASE-00764,Uttar Pradesh,Power/Transmission,33,63.4,0.58,0,0,56.7,0,244,0,152
CASE-00765,Haryana,Railways,43,58.3,1.56,0,0,50.2,4,857,1,564
CASE-00766,Maharashtra,Irrigation,60,39.5,-0.18,0,0,0.0,1,1141,0,67
CASE-00767,Uttar Pradesh,Urban Metro,9,65.5,1.69,1,0,4.1,2,117,0,255
CASE-00768,Maharashtra,Railways,16,51.8,0.63,0,0,15.9,2,949,0,40
CASE-00769,Maharashtra,Urban Metro,22,16.2,1.77,0,0,7.7,3,168,1,335
CASE-00770,Chhattisgarh,Railways,7,72.6,1.28,0,0,30.7,5,533,0,116
CASE-00771,Bihar,Railways,31,38.3,1.33,0,0,31.5,4,148,1,734
CASE-00772,Andhra Pradesh,Irrigation,31,53.9,2.25,1,1,24.1,2,371,1,738
CASE-00773,Chhattisgarh,Railways,29,57.3,2.38,0,0,27.6,2,455,1,371
CASE-00774,Odisha,Housing,21,73.1,3.94,0,0,20.0,1,566,0,106
CASE-00775,Maharashtra,Irrigation,56,38.6,2.33,1,0,27.9,3,975,0,119
CASE-00776,Odisha,Railways,17,42.2,1.21,1,0,50.7,2,210,1,709
CASE-00777,Chhattisgarh,Railways,52,82.1,0.74,1,0,0.0,3,477,1,655
CASE-00778,Uttar Pradesh,Irrigation,16,47.3,1.92,0,0,22.3,1,361,0,152
CASE-00779,Tamil Nadu,Railways,9,75.4,3.25,0,1,29.0,1,878,1,565
CASE-00780,Odisha,Power/Transmission,24,25.0,2.53,1,0,20.5,1,649,1,771
CASE-00781,Bihar,Railways,27,54.5,0.65,0,0,26.7,2,584,1,351
CASE-00782,Haryana,Railways,33,5.2,2.04,0,0,40.0,4,43,1,451
CASE-00783,Karnataka,Irrigation,3,90.0,1.77,0,0,14.3,2,1112,0,134
CASE-00784,Chhattisgarh,Roads,19,53.4,2.76,1,0,55.1,1,84,1,741
CASE-00785,Telangana,Power/Transmission,82,89.4,1.86,0,0,0.0,2,100,0,142
CASE-00786,Madhya Pradesh,Irrigation,15,74.2,1.82,0,1,31.3,3,215,0,82
CASE-00787,Tamil Nadu,Railways,46,20.9,0.08,0,0,21.8,3,318,1,321
CASE-00788,Madhya Pradesh,Power/Transmission,138,91.5,2.45,0,0,25.9,0,481,0,121
CASE-00789,Tamil Nadu,Power/Transmission,92,16.3,-0.17,1,0,33.4,2,479,1,860
CASE-00790,Chhattisgarh,Urban Metro,10,73.7,1.61,0,0,12.7,2,311,0,35
CASE-00791,Uttar Pradesh,Railways,44,57.2,0.84,1,0,38.5,1,549,0,167
CASE-00792,Karnataka,Railways,45,53.9,0.77,0,0,51.6,1,1460,1,512
CASE-00793,Madhya Pradesh,Power/Transmission,39,30.2,2.2,1,0,17.7,2,867,1,764
CASE-00794,Maharashtra,Irrigation,9,93.8,1.5,1,0,14.2,4,217,0,31
CASE-00795,Maharashtra,Irrigation,29,87.3,-1.0,0,0,41.0,3,234,0,16
CASE-00796,Madhya Pradesh,Irrigation,29,71.1,1.26,0,0,36.7,2,157,0,92
CASE-00797,Maharashtra,Power/Transmission,8,87.7,1.03,0,0,0.0,1,462,0,415
CASE-00798,Uttar Pradesh,Roads,20,4.3,3.01,0,1,30.3,4,124,1,572
CASE-00799,Gujarat,Irrigation,30,66.2,0.01,0,0,33.6,6,142,1,533
CASE-00800,Rajasthan,Roads,23,75.0,3.8,1,0,21.2,3,310,1,666
CASE-00801,Gujarat,Railways,41,40.6,2.53,1,0,44.5,2,336,0,273
CASE-00802,Madhya Pradesh,Power/Transmission,20,34.7,1.17,0,0,0.0,1,390,1,404
CASE-00803,Haryana,Railways,27,17.8,1.0,0,1,0.0,4,49,0,139
CASE-00804,Chhattisgarh,Railways,48,20.7,0.73,1,0,38.0,5,147,1,867
CASE-00805,Uttar Pradesh,Urban Metro,76,66.4,1.88,0,0,9.8,0,334,0,18
CASE-00806,Uttar Pradesh,Power/Transmission,9,47.1,0.55,1,0,21.5,7,720,1,904
CASE-00807,Rajasthan,Irrigation,40,72.7,1.36,0,0,5.0,3,234,0,115
CASE-00808,Uttar Pradesh,Housing,17,53.8,0.2,0,0,34.8,3,929,1,662
CASE-00809,West Bengal,Railways,34,40.8,2.36,0,0,27.1,3,654,1,363
CASE-00810,Telangana,Power/Transmission,8,35.0,1.7,0,0,20.0,1,61,0,516
CASE-00811,Maharashtra,Roads,57,66.3,0.94,0,0,3.5,3,589,0,138
CASE-00812,Maharashtra,Roads,13,64.3,1.21,0,1,19.6,0,155,0,17
CASE-00813,Telangana,Railways,49,39.4,0.67,0,0,27.0,3,406,0,206
CASE-00814,Andhra Pradesh,Roads,9,54.6,1.88,1,0,14.0,5,142,1,822
CASE-00815,Uttar Pradesh,Irrigation,7,95.5,-0.01,0,0,14.5,2,90,0,37
CASE-00816,Haryana,Roads,21,30.9,2.58,0,0,22.2,2,114,0,57
CASE-00817,Haryana,Irrigation,29,91.0,1.71,0,0,32.1,6,393,0,250
CASE-00818,Andhra Pradesh,Roads,98,78.0,0.96,0,0,28.4,3,467,0,338
CASE-00819,Chhattisgarh,Roads,29,61.2,2.21,0,0,39.6,1,82,0,109
CASE-00820,Bihar,Housing,10,53.7,1.97,0,0,20.7,3,134,0,197
CASE-00821,Maharashtra,Power/Transmission,44,95.5,0.25,1,0,37.2,2,149,0,82
CASE-00822,Chhattisgarh,Housing,63,78.5,3.07,0,0,4.5,1,73,0,82
CASE-00823,Bihar,Railways,12,59.2,-1.0,0,0,28.0,3,222,0,55
CASE-00824,Rajasthan,Roads,48,85.4,2.81,0,1,27.2,4,1062,0,55
CASE-00825,Odisha,Irrigation,58,59.4,1.3,0,0,57.4,0,359,0,202
CASE-00826,Maharashtra,Irrigation,44,31.8,2.69,1,0,11.9,1,265,0,158
CASE-00827,Chhattisgarh,Roads,15,28.0,3.23,0,0,4.0,2,499,0,58
CASE-00828,Bihar,Urban Metro,29,61.4,0.99,0,0,10.4,3,581,1,565
CASE-00829,Odisha,Irrigation,34,64.3,1.04,0,0,12.5,1,159,1,335
CASE-00830,Bihar,Power/Transmission,56,93.9,1.88,0,0,28.1,1,157,0,92
CASE-00831,Chhattisgarh,Railways,16,76.0,0.14,1,0,3.1,2,214,0,150
CASE-00832,Andhra Pradesh,Irrigation,48,87.7,1.1,0,0,27.2,2,78,0,49
CASE-00833,Karnataka,Roads,23,74.7,1.0,0,0,22.5,0,116,0,246
CASE-00834,Rajasthan,Housing,19,70.0,0.08,0,0,35.7,2,485,0,56
CASE-00835,Gujarat,Railways,26,11.9,0.94,1,1,31.3,5,121,1,985
CASE-00836,Andhra Pradesh,Roads,2,58.1,2.4,0,0,34.4,3,125,0,31
CASE-00837,Gujarat,Roads,3,35.8,2.32,0,0,29.4,1,792,0,129
CASE-00838,Telangana,Irrigation,4,75.2,1.29,0,0,39.5,1,1123,0,204
CASE-00839,Karnataka,Housing,35,52.2,1.57,0,0,0.0,4,253,0,160
CASE-00840,West Bengal,Urban Metro,21,64.5,1.13,0,0,0.2,2,426,0,106
CASE-00841,Maharashtra,Power/Transmission,15,69.8,-0.61,1,0,21.7,0,364,0,68
CASE-00842,Tamil Nadu,Housing,25,39.0,0.28,0,1,23.3,0,242,1,465
CASE-00843,West Bengal,Power/Transmission,49,67.0,2.65,0,0,6.6,3,587,0,31
CASE-00844,Karnataka,Railways,24,48.2,2.94,0,1,30.4,4,105,1,607
CASE-00845,Maharashtra,Irrigation,10,66.4,0.47,0,0,2.4,2,245,0,69
CASE-00846,Haryana,Roads,108,41.2,2.84,0,0,18.0,0,280,0,194
CASE-00847,Karnataka,Roads,25,27.3,0.06,1,0,21.7,4,78,1,1091
CASE-00848,Rajasthan,Railways,58,37.8,0.88,0,0,30.6,2,277,0,18
CASE-00849,Uttar Pradesh,Roads,45,31.4,1.36,0,0,14.4,6,126,1,551
CASE-00850,Punjab,Housing,18,35.7,1.17,1,0,40.2,2,359,1,826
CASE-00851,Uttar Pradesh,Housing,75,76.6,0.67,0,1,47.2,2,381,0,55
CASE-00852,Uttar Pradesh,Railways,16,81.6,1.65,0,0,45.1,7,495,0,147
CASE-00853,Odisha,Power/Transmission,34,41.3,2.43,0,0,49.1,2,303,1,729
CASE-00854,Haryana,Railways,31,80.2,-0.24,1,0,38.0,2,358,0,67
CASE-00855,Uttar Pradesh,Roads,33,56.9,1.65,0,0,31.2,4,492,0,228
CASE-00856,West Bengal,Railways,67,36.7,2.66,0,0,10.8,2,1275,0,239
CASE-00857,Gujarat,Roads,26,48.4,1.0,0,1,13.5,3,88,1,700
CASE-00858,Odisha,Railways,30,57.9,0.84,0,0,36.2,1,933,1,321
CASE-00859,Madhya Pradesh,Roads,31,83.9,0.48,0,0,0.0,2,43,0,178
CASE-00860,West Bengal,Roads,95,64.6,3.9,0,0,41.9,1,151,0,38
CASE-00861,Gujarat,Roads,55,21.4,3.29,1,0,12.9,3,436,0,154
CASE-00862,Gujarat,Urban Metro,6,68.6,1.15,0,0,14.0,3,152,0,15
CASE-00863,Tamil Nadu,Roads,16,15.6,2.92,0,0,33.6,0,272,1,286
CASE-00864,Andhra Pradesh,Railways,27,19.4,0.87,0,1,26.2,2,464,0,132
CASE-00865,Maharashtra,Irrigation,66,19.0,1.31,0,0,15.7,3,82,1,426
CASE-00866,Haryana,Railways,71,71.6,0.23,0,1,8.3,3,610,0,17
CASE-00867,Odisha,Irrigation,25,69.7,-0.71,1,1,0.0,3,177,1,838
CASE-00868,Tamil Nadu,Roads,16,8.0,0.8,1,0,0.0,2,705,1,681
CASE-00869,Maharashtra,Irrigation,22,76.5,0.99,0,0,43.9,0,338,0,111
CASE-00870,Uttar Pradesh,Irrigation,28,56.5,2.01,0,0,18.8,1,237,0,183
CASE-00871,Gujarat,Power/Transmission,21,25.5,2.29,1,1,8.7,1,68,1,983
CASE-00872,Maharashtra,Irrigation,59,86.1,1.35,0,0,33.3,2,144,1,277
CASE-00873,Telangana,Railways,20,34.8,0.31,0,0,10.3,1,329,0,23
CASE-00874,Madhya Pradesh,Railways,13,71.3,0.71,1,0,10.6,0,472,1,600
CASE-00875,Gujarat,Roads,22,72.7,3.41,0,0,39.8,0,181,0,152
CASE-00876,Haryana,Irrigation,32,55.0,2.25,0,0,33.1,1,564,0,116
CASE-00877,Karnataka,Roads,60,51.8,3.21,0,0,24.7,1,552,0,91
CASE-00878,Madhya Pradesh,Railways,12,25.6,3.63,1,0,13.7,5,403,1,934
CASE-00879,Chhattisgarh,Power/Transmission,32,88.4,0.71,0,0,25.5,2,110,0,18
CASE-00880,Andhra Pradesh,Roads,33,44.4,2.48,0,0,30.7,1,141,0,22
CASE-00881,Karnataka,Roads,38,34.8,0.42,0,0,25.9,5,728,1,520
CASE-00882,Chhattisgarh,Power/Transmission,20,65.7,2.74,1,0,40.2,5,143,0,22
CASE-00883,Punjab,Railways,37,54.1,2.49,0,0,7.0,1,349,0,56
CASE-00884,West Bengal,Urban Metro,44,65.2,-1.0,0,0,18.1,5,183,0,177
CASE-00885,Uttar Pradesh,Housing,19,58.8,1.98,1,0,30.4,3,351,0,246
CASE-00886,Madhya Pradesh,Housing,30,46.5,0.47,0,0,13.4,0,202,0,112
CASE-00887,Karnataka,Railways,23,69.7,1.09,0,0,36.3,2,382,0,87
CASE-00888,Uttar Pradesh,Roads,14,45.4,0.71,0,0,42.1,3,451,0,280
CASE-00889,Uttar Pradesh,Irrigation,8,12.8,2.59,0,1,22.9,4,107,0,103
CASE-00890,Rajasthan,Irrigation,16,68.5,0.68,0,0,27.7,4,60,0,31
CASE-00891,Madhya Pradesh,Irrigation,17,9.4,-0.03,1,0,18.9,4,986,1,672
CASE-00892,Punjab,Railways,8,18.8,0.53,0,0,17.6,0,169,0,29
CASE-00893,Bihar,Roads,35,54.3,1.24,0,0,41.2,1,106,0,66
CASE-00894,Maharashtra,Roads,46,66.1,1.99,1,1,9.5,1,479,1,662
CASE-00895,Gujarat,Roads,22,53.1,2.94,0,0,34.4,3,251,1,391
CASE-00896,Haryana,Roads,25,56.8,2.12,0,0,14.6,1,244,0,268
CASE-00897,Bihar,Housing,18,54.4,2.2,0,0,9.3,1,72,0,173
CASE-00898,Uttar Pradesh,Roads,24,77.3,2.39,0,0,37.1,4,355,0,75
CASE-00899,Uttar Pradesh,Irrigation,37,41.3,2.48,0,0,32.4,2,155,1,451
CASE-00900,West Bengal,Housing,32,77.7,2.74,0,0,12.2,3,143,0,98
CASE-00901,West Bengal,Railways,24,42.0,4.51,0,1,19.5,3,83,1,664
CASE-00902,Bihar,Irrigation,17,75.8,2.46,0,0,20.1,1,487,0,108
CASE-00903,Maharashtra,Power/Transmission,43,30.0,1.84,1,1,25.5,2,218,0,16
CASE-00904,West Bengal,Railways,18,77.0,0.94,0,0,14.7,3,186,0,82
CASE-00905,Punjab,Railways,9,2.9,1.87,1,0,48.0,1,341,1,973
CASE-00906,Rajasthan,Urban Metro,28,52.2,2.88,1,1,5.4,3,430,1,898
CASE-00907,West Bengal,Power/Transmission,5,31.6,0.04,0,1,0.0,4,516,0,66
CASE-00908,Maharashtra,Urban Metro,31,56.6,3.01,0,0,20.2,3,317,0,129
CASE-00909,Bihar,Housing,33,78.8,0.99,0,0,0.0,4,371,0,43
CASE-00910,Bihar,Railways,16,89.1,1.22,0,0,10.3,4,289,0,70
CASE-00911,Gujarat,Power/Transmission,18,58.9,2.13,0,0,12.5,3,139,1,427
CASE-00912,Odisha,Irrigation,48,72.6,0.87,0,0,22.2,1,623,0,230
CASE-00913,Haryana,Power/Transmission,89,65.6,2.05,0,0,19.0,3,257,0,35
CASE-00914,Telangana,Power/Transmission,26,67.0,0.12,0,0,25.5,3,922,0,97
CASE-00915,Telangana,Power/Transmission,16,93.5,2.55,1,0,10.3,2,477,0,245
CASE-00916,Punjab,Urban Metro,33,60.5,1.74,0,1,16.3,1,110,1,516
CASE-00917,Maharashtra,Railways,23,63.2,1.5,0,0,30.7,1,639,0,20
CASE-00918,Uttar Pradesh,Power/Transmission,32,57.7,1.83,0,1,0.0,3,336,0,258
CASE-00919,Bihar,Roads,28,32.9,1.48,0,1,28.3,3,216,0,162
CASE-00920,Andhra Pradesh,Irrigation,29,95.1,2.03,0,0,0.0,1,94,0,15
CASE-00921,Maharashtra,Power/Transmission,4,27.8,1.25,1,1,22.2,2,291,1,947
CASE-00922,Odisha,Power/Transmission,18,61.1,1.15,0,1,29.8,1,200,0,64
CASE-00923,Chhattisgarh,Railways,16,37.6,-0.62,0,0,26.6,2,507,1,507
CASE-00924,Andhra Pradesh,Irrigation,16,76.3,3.14,0,0,12.7,2,437,0,173
CASE-00925,Uttar Pradesh,Railways,39,68.5,0.1,0,0,25.9,1,293,1,291
CASE-00926,Bihar,Roads,10,82.2,3.44,0,0,7.9,3,70,0,142
CASE-00927,Uttar Pradesh,Roads,4,27.6,1.21,1,1,42.7,2,271,1,824
CASE-00928,Odisha,Urban Metro,16,75.0,2.96,0,0,34.5,5,130,0,19
CASE-00929,Andhra Pradesh,Railways,13,55.6,2.75,1,0,7.8,0,261,1,576
CASE-00930,Gujarat,Housing,26,28.8,2.65,1,1,42.7,2,189,1,707
CASE-00931,Bihar,Roads,13,60.4,1.56,0,0,24.9,2,742,0,190
CASE-00932,Madhya Pradesh,Power/Transmission,21,81.1,0.07,0,0,5.1,5,93,0,93
CASE-00933,Karnataka,Irrigation,18,79.7,1.28,0,0,39.5,3,178,0,38
CASE-00934,Gujarat,Power/Transmission,58,41.9,1.12,0,0,46.7,2,422,0,42
CASE-00935,Tamil Nadu,Irrigation,13,74.4,1.38,0,0,18.2,1,585,0,104
CASE-00936,Uttar Pradesh,Power/Transmission,38,44.3,0.03,1,1,27.5,6,859,1,929
CASE-00937,Punjab,Urban Metro,24,61.5,1.16,0,0,21.8,2,472,0,26
CASE-00938,Uttar Pradesh,Irrigation,48,22.2,-1.0,1,1,30.7,3,462,1,1021
CASE-00939,Haryana,Roads,70,63.5,1.14,0,0,33.9,4,656,1,457
CASE-00940,Maharashtra,Roads,23,31.6,1.65,0,0,36.8,3,757,1,432
CASE-00941,Bihar,Power/Transmission,5,48.9,0.56,0,0,0.0,1,936,0,24
CASE-00942,Odisha,Railways,10,85.8,1.18,0,0,14.2,2,904,1,538
CASE-00943,Uttar Pradesh,Irrigation,8,53.9,1.7,1,1,36.5,3,412,1,1022
CASE-00944,Karnataka,Irrigation,18,50.9,2.72,0,0,11.5,1,135,1,485
CASE-00945,Karnataka,Railways,15,67.7,2.77,1,1,27.2,3,534,1,865
CASE-00946,Bihar,Power/Transmission,29,51.5,1.87,0,0,8.3,3,704,0,114
CASE-00947,Gujarat,Power/Transmission,46,30.0,1.46,0,1,32.2,2,401,1,502
CASE-00948,Odisha,Power/Transmission,5,45.6,1.93,0,1,22.6,1,433,1,441
CASE-00949,Odisha,Power/Transmission,25,64.4,3.66,1,1,31.1,2,98,0,96
CASE-00950,Madhya Pradesh,Urban Metro,14,58.4,2.1,0,0,27.9,2,285,1,302
CASE-00951,Andhra Pradesh,Irrigation,26,30.6,1.81,0,0,0.9,1,187,0,183
CASE-00952,Bihar,Housing,18,59.2,2.79,0,0,53.4,4,127,0,97
CASE-00953,Bihar,Roads,41,71.6,1.56,1,0,2.4,0,208,0,33
CASE-00954,Uttar Pradesh,Irrigation,10,35.8,0.48,1,0,59.3,0,499,0,99
CASE-00955,Punjab,Power/Transmission,14,33.4,2.05,1,0,0.0,2,295,1,568
CASE-00956,Haryana,Railways,22,38.5,1.7,0,0,23.0,4,136,1,653
CASE-00957,Tamil Nadu,Roads,19,90.5,1.24,1,0,0.9,2,248,0,158
CASE-00958,West Bengal,Irrigation,22,61.9,2.15,0,0,46.2,1,598,0,156
CASE-00959,West Bengal,Railways,6,68.7,-0.68,0,0,6.8,1,624,0,67
CASE-00960,West Bengal,Urban Metro,63,62.4,0.85,1,0,5.6,2,209,1,768
CASE-00961,Andhra Pradesh,Railways,17,33.4,0.45,0,0,22.5,3,541,1,486
CASE-00962,Karnataka,Roads,11,52.4,0.57,1,1,43.5,1,600,0,155
CASE-00963,Uttar Pradesh,Irrigation,23,44.1,1.32,0,0,40.5,2,741,1,519
CASE-00964,Uttar Pradesh,Railways,25,81.8,0.41,1,0,18.7,1,292,0,99
CASE-00965,Punjab,Roads,81,76.8,3.51,0,0,17.2,1,46,0,18
CASE-00966,West Bengal,Irrigation,51,74.7,2.04,0,0,29.8,5,226,0,26
CASE-00967,Punjab,Irrigation,19,90.4,0.55,1,0,21.1,4,666,0,66
CASE-00968,Uttar Pradesh,Roads,72,66.9,-0.59,0,0,23.2,1,114,0,213
CASE-00969,Andhra Pradesh,Irrigation,63,21.1,0.8,0,0,19.9,2,334,1,338
CASE-00970,Uttar Pradesh,Irrigation,11,51.3,1.1,0,0,31.2,4,85,0,136
CASE-00971,Bihar,Power/Transmission,94,29.5,0.74,1,0,28.8,2,186,1,536
CASE-00972,Maharashtra,Railways,17,35.5,4.55,1,0,44.8,1,62,0,89
CASE-00973,Maharashtra,Roads,27,57.9,-0.49,0,0,12.4,0,408,1,367
CASE-00974,Haryana,Housing,57,38.1,1.56,0,0,12.3,6,258,0,96
CASE-00975,Madhya Pradesh,Irrigation,5,92.4,1.34,0,0,20.6,0,133,0,128
CASE-00976,Chhattisgarh,Roads,22,16.5,1.2,0,0,19.0,4,293,0,71
CASE-00977,West Bengal,Urban Metro,31,23.7,-0.83,0,0,34.9,2,345,0,205
CASE-00978,Karnataka,Roads,50,27.0,1.45,1,0,6.2,6,118,1,720
CASE-00979,Andhra Pradesh,Power/Transmission,24,88.3,1.72,0,0,41.1,3,146,1,456
CASE-00980,Uttar Pradesh,Power/Transmission,5,32.2,2.35,0,0,17.7,4,176,0,21
CASE-00981,Telangana,Housing,81,59.0,2.08,0,0,39.7,2,50,0,121
CASE-00982,Tamil Nadu,Housing,25,57.3,2.96,1,0,60.0,2,566,0,134
CASE-00983,Gujarat,Roads,31,30.2,-0.96,0,0,37.4,4,476,1,599
CASE-00984,West Bengal,Power/Transmission,7,19.5,1.22,0,0,31.4,5,120,0,75
CASE-00985,Uttar Pradesh,Railways,61,16.8,4.51,0,0,38.7,1,244,1,468
CASE-00986,Haryana,Irrigation,17,74.9,2.77,0,0,17.6,3,17,0,63
CASE-00987,Madhya Pradesh,Irrigation,14,89.7,-0.24,1,0,25.9,1,1191,1,767
CASE-00988,Maharashtra,Roads,52,50.8,1.61,0,0,11.9,3,186,1,394
CASE-00989,Madhya Pradesh,Roads,8,42.7,0.24,0,0,12.9,1,283,0,82
CASE-00990,Tamil Nadu,Roads,32,5.0,0.98,0,0,26.6,2,336,0,275
CASE-00991,Chhattisgarh,Roads,13,74.1,3.9,1,0,23.4,2,334,0,123
CASE-00992,Gujarat,Roads,35,46.0,2.65,0,0,28.5,0,221,0,30
CASE-00993,Tamil Nadu,Urban Metro,41,23.0,-0.32,1,1,24.0,1,266,1,898
CASE-00994,Uttar Pradesh,Irrigation,17,86.9,0.58,0,0,17.8,1,174,0,15
CASE-00995,Haryana,Power/Transmission,59,40.8,1.5,0,1,35.9,1,86,0,67
CASE-00996,Karnataka,Urban Metro,25,82.6,1.18,0,0,12.7,3,163,1,459
CASE-00997,Chhattisgarh,Power/Transmission,82,58.5,1.88,0,0,25.8,2,486,1,403
CASE-00998,Maharashtra,Railways,53,91.2,0.57,0,0,39.2,3,534,0,257
CASE-00999,Telangana,Urban Metro,27,35.1,1.06,0,0,32.6,2,488,0,87
CASE-01000,Bihar,Power/Transmission,27,57.4,0.56,0,0,21.6,1,369,0,285
CASE-01001,Maharashtra,Power/Transmission,8,61.5,1.06,1,1,0.0,3,268,0,60
CASE-01002,Karnataka,Urban Metro,52,63.8,2.34,1,1,16.9,1,130,1,685
CASE-01003,Uttar Pradesh,Irrigation,15,41.2,1.86,1,1,53.9,3,117,1,990
CASE-01004,Uttar Pradesh,Irrigation,29,53.6,0.66,0,0,18.3,0,6,0,56
CASE-01005,Chhattisgarh,Urban Metro,81,27.6,2.86,0,0,21.9,0,329,1,382
CASE-01006,Karnataka,Railways,58,88.8,2.78,0,0,24.5,2,605,0,59
CASE-01007,Haryana,Urban Metro,12,11.7,1.5,1,0,28.4,4,498,1,933
CASE-01008,Madhya Pradesh,Roads,25,40.8,1.19,0,0,12.2,2,375,0,112
CASE-01009,Gujarat,Roads,32,18.1,3.62,0,0,33.4,5,416,0,77
CASE-01010,West Bengal,Irrigation,63,23.9,3.43,0,0,28.1,6,28,1,872
CASE-01011,Rajasthan,Roads,57,60.2,-0.32,0,0,0.0,2,494,1,234
CASE-01012,Chhattisgarh,Housing,37,33.2,2.93,0,0,0.0,3,240,0,60
CASE-01013,West Bengal,Roads,35,81.8,3.57,0,0,13.9,3,765,1,379
CASE-01014,Punjab,Power/Transmission,25,9.0,2.29,0,0,3.8,1,349,0,39
CASE-01015,Madhya Pradesh,Roads,31,44.8,0.94,1,0,26.6,2,451,1,567
CASE-01016,Uttar Pradesh,Housing,21,24.3,1.09,0,0,16.4,0,123,0,46
CASE-01017,Rajasthan,Railways,44,38.1,3.55,0,0,29.1,1,305,0,89
CASE-01018,Odisha,Roads,36,74.9,2.5,0,0,29.2,6,471,0,61
CASE-01019,Maharashtra,Roads,51,34.8,2.16,0,0,6.9,0,400,1,382
CASE-01020,Karnataka,Irrigation,50,47.3,4.3,0,0,16.5,1,453,0,221
CASE-01021,Haryana,Housing,15,59.0,0.29,0,0,13.7,3,1050,1,391
CASE-01022,Gujarat,Housing,3,28.3,1.39,0,0,36.0,0,400,0,15
CASE-01023,Telangana,Railways,14,60.9,1.73,0,0,19.4,3,395,0,75
CASE-01024,Andhra Pradesh,Railways,31,53.3,1.25,1,0,40.8,1,153,0,57
CASE-01025,Rajasthan,Roads,21,71.2,-0.71,0,0,41.6,3,713,0,447
CASE-01026,Bihar,Irrigation,20,52.4,2.7,1,0,20.0,4,50,0,189
CASE-01027,Punjab,Irrigation,14,59.9,0.6,0,0,13.1,1,47,0,15
CASE-01028,Madhya Pradesh,Roads,34,60.0,0.58,0,0,8.9,4,358,1,455
CASE-01029,Gujarat,Irrigation,5,78.6,1.07,0,0,32.6,3,207,0,59
CASE-01030,Karnataka,Urban Metro,37,76.4,1.22,0,0,20.5,2,347,0,175
CASE-01031,Andhra Pradesh,Roads,38,90.4,1.35,0,0,11.1,2,662,0,145
CASE-01032,Gujarat,Roads,50,23.8,2.66,0,0,35.5,2,449,0,100
CASE-01033,West Bengal,Roads,146,83.3,2.9,0,0,35.7,3,253,0,67
CASE-01034,Haryana,Roads,3,25.7,1.19,0,0,7.8,1,495,0,81
CASE-01035,Karnataka,Roads,37,57.4,0.78,0,0,27.4,1,446,0,66
CASE-01036,Chhattisgarh,Irrigation,42,45.3,1.35,1,0,30.8,5,225,0,120
CASE-01037,Madhya Pradesh,Roads,14,37.0,0.43,0,0,47.5,3,178,1,631
CASE-01038,Karnataka,Power/Transmission,22,70.0,1.47,0,1,19.5,2,740,1,466
CASE-01039,Karnataka,Urban Metro,17,30.3,0.36,0,1,22.0,0,104,1,468
CASE-01040,Uttar Pradesh,Housing,38,57.5,4.05,0,1,31.9,3,1095,0,110
CASE-01041,Maharashtra,Power/Transmission,54,61.5,1.65,1,0,41.0,5,419,1,707
CASE-01042,Rajasthan,Roads,9,45.6,0.85,1,0,28.0,2,22,1,855
CASE-01043,Rajasthan,Roads,34,57.6,2.35,0,0,25.4,3,170,0,49
CASE-01044,Rajasthan,Roads,62,61.5,0.02,0,1,13.6,0,295,0,89
CASE-01045,Maharashtra,Housing,15,83.0,0.65,0,0,17.1,3,302,0,120
CASE-01046,Madhya Pradesh,Housing,12,13.6,2.01,0,0,19.8,2,560,0,100
CASE-01047,Uttar Pradesh,Railways,11,27.2,1.66,0,0,32.5,4,129,1,452
CASE-01048,Tamil Nadu,Railways,13,28.1,2.76,1,1,28.7,3,414,1,1105
CASE-01049,Odisha,Irrigation,80,76.5,-1.0,0,0,11.7,0,211,1,742
CASE-01050,Bihar,Roads,93,50.2,2.48,1,0,34.7,1,257,0,225
CASE-01051,Rajasthan,Housing,67,47.1,0.85,1,0,19.5,0,611,0,125
CASE-01052,Uttar Pradesh,Roads,20,90.9,0.1,0,0,19.7,2,98,0,43
CASE-01053,Bihar,Railways,69,10.1,-0.57,0,0,33.5,5,95,1,626
CASE-01054,Uttar Pradesh,Railways,11,42.8,0.83,0,0,35.4,2,77,0,128
CASE-01055,Bihar,Roads,45,61.5,3.41,1,1,27.2,3,835,1,945
CASE-01056,Rajasthan,Railways,16,15.8,2.66,0,0,50.1,3,310,0,139
CASE-01057,Haryana,Urban Metro,9,82.1,3.46,0,1,0.0,2,281,0,64
CASE-01058,Uttar Pradesh,Roads,33,98.7,1.36,1,1,36.5,3,324,0,88
CASE-01059,Andhra Pradesh,Irrigation,34,16.3,1.63,0,1,7.0,1,709,1,731
CASE-01060,Rajasthan,Railways,36,34.6,-0.4,1,0,21.7,1,167,1,790
CASE-01061,Punjab,Roads,39,62.0,-0.4,1,0,22.4,1,200,0,79
CASE-01062,Chhattisgarh,Roads,32,70.6,1.32,0,0,21.3,2,219,1,609
CASE-01063,Bihar,Roads,23,37.8,-0.15,1,0,8.5,1,639,1,444
CASE-01064,Chhattisgarh,Roads,27,87.2,0.47,1,0,1.8,0,83,0,198
CASE-01065,Madhya Pradesh,Railways,45,78.1,1.55,0,0,0.0,0,175,0,127
CASE-01066,Telangana,Urban Metro,31,78.7,3.03,1,0,19.0,2,303,1,647
CASE-01067,Karnataka,Power/Transmission,18,72.5,1.51,0,0,24.2,4,374,0,67
CASE-01068,Rajasthan,Housing,14,51.8,-0.13,1,0,31.0,1,251,1,660
CASE-01069,Maharashtra,Railways,27,28.9,-0.69,1,0,39.6,2,338,1,856
CASE-01070,Karnataka,Power/Transmission,61,45.9,1.64,1,0,34.7,3,472,0,91
CASE-01071,Odisha,Power/Transmission,40,74.9,0.75,1,0,36.9,7,192,0,35
CASE-01072,Chhattisgarh,Roads,64,44.2,1.64,1,0,7.1,2,156,0,25
CASE-01073,Karnataka,Railways,20,23.1,1.25,0,1,38.7,5,360,1,849
CASE-01074,Punjab,Irrigation,30,34.2,1.42,0,0,27.7,3,256,1,630
CASE-01075,Odisha,Power/Transmission,33,62.6,2.94,0,1,2.6,4,545,0,24
CASE-01076,Madhya Pradesh,Railways,46,93.1,2.76,0,0,38.2,3,932,0,265
CASE-01077,Andhra Pradesh,Roads,20,35.1,1.94,1,0,8.9,2,363,1,647
CASE-01078,West Bengal,Housing,40,60.0,0.43,0,1,6.6,4,173,0,29
CASE-01079,Chhattisgarh,Roads,59,79.2,0.84,0,0,45.3,3,670,1,411
CASE-01080,Madhya Pradesh,Housing,24,77.8,2.42,0,1,25.7,3,200,0,42
CASE-01081,Bihar,Urban Metro,13,33.2,3.06,1,0,6.5,2,1321,0,289
CASE-01082,Haryana,Urban Metro,60,71.3,-0.03,0,1,14.1,1,75,0,223
CASE-01083,Haryana,Power/Transmission,42,56.5,3.33,1,0,38.0,2,360,0,39
CASE-01084,Odisha,Roads,8,23.8,0.56,0,0,4.1,1,345,0,102
CASE-01085,Telangana,Irrigation,25,62.0,2.3,0,0,20.0,1,155,0,61
CASE-01086,Gujarat,Power/Transmission,84,73.5,4.86,0,0,20.0,1,570,0,23
CASE-01087,Gujarat,Power/Transmission,38,49.8,-0.41,1,0,63.0,0,788,1,793
CASE-01088,Gujarat,Roads,27,16.8,2.11,0,0,0.3,2,379,0,49
CASE-01089,West Bengal,Roads,11,73.1,1.12,0,0,0.9,3,209,0,83
CASE-01090,Karnataka,Railways,11,43.8,2.04,0,0,13.6,2,195,0,67
CASE-01091,Bihar,Railways,44,45.6,0.76,0,0,12.5,1,97,1,335
CASE-01092,Chhattisgarh,Irrigation,12,47.2,-1.0,0,0,22.6,4,800,0,212
CASE-01093,Bihar,Urban Metro,33,80.9,0.6,0,0,15.0,2,167,0,56
CASE-01094,Bihar,Power/Transmission,24,49.0,1.92,0,0,34.8,5,94,0,426
CASE-01095,Andhra Pradesh,Power/Transmission,32,27.1,3.12,0,0,23.4,2,238,0,268
CASE-01096,Karnataka,Roads,23,79.4,1.99,0,0,7.6,1,71,0,16
CASE-01097,Uttar Pradesh,Railways,36,33.7,3.27,0,0,18.6,2,652,0,330
CASE-01098,Tamil Nadu,Railways,50,35.8,0.91,1,0,18.1,1,339,1,579
CASE-01099,Odisha,Roads,23,56.1,0.81,1,0,39.3,1,271,0,16
CASE-01100,Uttar Pradesh,Roads,47,46.1,1.91,1,0,35.1,2,62,1,815
CASE-01101,Maharashtra,Railways,65,85.0,1.05,0,0,32.8,6,32,0,93
CASE-01102,Madhya Pradesh,Roads,33,67.2,2.85,0,0,11.2,3,407,0,79
CASE-01103,Tamil Nadu,Irrigation,44,92.3,-0.19,0,0,26.8,1,362,0,53
CASE-01104,Odisha,Roads,9,73.0,2.54,0,0,4.9,2,415,0,278
CASE-01105,Uttar Pradesh,Roads,23,76.6,2.95,0,0,31.9,3,141,0,92
CASE-01106,Tamil Nadu,Roads,7,77.4,1.94,0,0,40.4,3,82,0,54
CASE-01107,Maharashtra,Irrigation,17,24.4,2.6,0,0,0.0,5,528,0,46
CASE-01108,Karnataka,Irrigation,24,6.9,0.72,0,0,20.9,0,202,0,118
CASE-01109,Telangana,Railways,88,68.1,0.5,0,0,20.9,0,84,0,87
CASE-01110,Uttar Pradesh,Roads,14,27.0,1.92,0,1,35.8,2,406,1,498
CASE-01111,Uttar Pradesh,Housing,26,76.4,0.63,0,0,13.4,2,228,0,129
CASE-01112,Karnataka,Irrigation,12,69.9,1.86,0,0,13.2,4,414,0,216
CASE-01113,Chhattisgarh,Power/Transmission,22,43.6,1.86,0,0,24.7,1,669,0,37
CASE-01114,Punjab,Irrigation,37,80.3,1.42,0,1,31.4,2,127,0,39
CASE-01115,Telangana,Urban Metro,41,39.5,1.84,0,1,25.4,1,674,1,471
CASE-01116,Maharashtra,Urban Metro,20,13.1,2.26,0,0,35.5,1,303,1,406
CASE-01117,Uttar Pradesh,Railways,16,47.0,1.38,0,1,32.6,1,150,1,458
CASE-01118,Tamil Nadu,Power/Transmission,71,47.2,0.93,0,0,14.5,0,325,0,272
CASE-01119,Bihar,Roads,19,78.8,2.49,0,0,22.7,1,389,0,80
CASE-01120,Haryana,Power/Transmission,4,58.1,1.83,0,0,30.6,2,397,0,55
CASE-01121,Rajasthan,Railways,59,6.4,2.04,0,0,10.4,1,883,1,375
CASE-01122,Maharashtra,Roads,4,35.8,2.2,1,0,12.1,0,100,1,622
CASE-01123,Odisha,Housing,59,90.1,1.68,0,1,0.4,2,438,0,105
CASE-01124,Uttar Pradesh,Urban Metro,7,29.5,1.09,0,0,40.0,1,171,0,15
CASE-01125,Karnataka,Roads,8,45.5,0.76,1,0,54.9,1,530,1,701
CASE-01126,Andhra Pradesh,Housing,10,13.7,1.39,0,0,12.2,2,865,1,365
CASE-01127,West Bengal,Railways,18,13.1,2.08,0,0,31.0,1,241,0,777
CASE-01128,Rajasthan,Railways,60,62.8,2.13,1,1,41.1,0,365,1,752
CASE-01129,Rajasthan,Urban Metro,11,34.6,1.67,1,0,4.9,3,986,1,694
CASE-01130,Telangana,Railways,37,50.9,1.92,0,0,27.6,3,191,0,204
CASE-01131,Telangana,Railways,31,45.1,0.17,0,0,42.3,0,768,0,152
CASE-01132,West Bengal,Power/Transmission,27,27.8,0.94,0,0,18.4,4,526,1,541
CASE-01133,Maharashtra,Roads,52,57.7,2.31,0,1,21.2,3,647,1,566
CASE-01134,Gujarat,Railways,29,82.2,0.5,1,0,43.2,2,174,0,32
CASE-01135,Telangana,Railways,31,44.5,1.67,1,0,16.1,1,207,0,270
CASE-01136,Madhya Pradesh,Power/Transmission,43,49.7,1.56,0,0,13.9,3,437,1,397
CASE-01137,West Bengal,Roads,18,14.1,1.36,0,0,19.7,0,392,0,158
CASE-01138,Karnataka,Roads,26,77.7,2.31,0,0,49.8,1,449,1,312
CASE-01139,Maharashtra,Power/Transmission,33,8.2,1.77,0,0,34.5,1,121,0,154
CASE-01140,Rajasthan,Roads,49,26.9,0.06,1,1,30.7,1,218,1,982
CASE-01141,Madhya Pradesh,Railways,23,65.7,2.12,0,0,30.5,5,177,0,133
CASE-01142,Tamil Nadu,Power/Transmission,26,76.9,0.89,1,1,5.9,5,203,1,873
CASE-01143,Odisha,Power/Transmission,36,63.0,-0.14,0,0,31.1,2,565,1,392
CASE-01144,Tamil Nadu,Roads,24,69.4,2.39,0,0,16.4,4,478,0,51
CASE-01145,Karnataka,Urban Metro,15,33.4,0.08,1,0,19.9,2,243,0,206
CASE-01146,Madhya Pradesh,Power/Transmission,43,19.5,1.07,0,0,19.1,1,149,0,176
CASE-01147,Gujarat,Railways,29,52.8,1.85,0,1,37.0,2,622,1,601
CASE-01148,Tamil Nadu,Power/Transmission,19,82.1,1.41,0,1,50.4,6,45,0,116
CASE-01149,West Bengal,Power/Transmission,10,52.3,0.75,0,0,9.2,0,1300,0,45
CASE-01150,Haryana,Irrigation,5,80.9,0.31,1,1,39.0,1,90,1,679
CASE-01151,Uttar Pradesh,Irrigation,37,97.5,0.59,1,1,20.8,3,383,0,42
CASE-01152,Odisha,Power/Transmission,14,38.4,0.21,0,0,34.9,3,1149,1,655
CASE-01153,Maharashtra,Housing,6,30.5,1.35,0,0,28.1,3,512,1,442
CASE-01154,Uttar Pradesh,Irrigation,13,41.8,0.85,0,0,14.4,2,408,0,22
CASE-01155,Andhra Pradesh,Urban Metro,33,47.7,-0.15,1,0,14.1,2,78,0,374
CASE-01156,Maharashtra,Power/Transmission,14,59.3,1.15,0,1,20.4,4,942,1,623
CASE-01157,Maharashtra,Urban Metro,33,25.7,0.73,0,0,29.0,0,159,0,138
CASE-01158,Maharashtra,Housing,17,7.5,1.82,0,1,31.1,6,683,1,772
CASE-01159,Karnataka,Roads,26,43.3,1.93,1,0,68.2,3,110,1,703
CASE-01160,Tamil Nadu,Roads,27,62.5,3.11,0,0,31.9,1,408,0,381
CASE-01161,Maharashtra,Irrigation,42,83.2,2.28,0,0,4.2,2,44,0,222
CASE-01162,Rajasthan,Railways,43,46.5,0.19,1,0,42.6,3,236,1,836
CASE-01163,Tamil Nadu,Irrigation,26,92.7,-1.0,0,0,32.7,3,240,0,82
CASE-01164,Uttar Pradesh,Power/Transmission,12,74.7,-0.32,0,0,21.3,0,313,0,49
CASE-01165,Uttar Pradesh,Housing,56,66.4,0.9,0,0,7.1,1,181,0,106
CASE-01166,Odisha,Railways,19,84.7,-0.43,0,0,19.6,6,383,1,806
CASE-01167,Tamil Nadu,Power/Transmission,2,92.3,0.76,1,0,41.3,2,31,1,606
CASE-01168,Andhra Pradesh,Roads,32,25.8,1.54,0,0,31.2,3,205,0,118
CASE-01169,Tamil Nadu,Irrigation,33,78.0,0.82,0,0,44.1,4,145,0,79
CASE-01170,Maharashtra,Roads,20,77.7,1.83,0,0,43.3,4,275,1,476
CASE-01171,Karnataka,Irrigation,7,74.9,0.77,0,0,26.8,2,735,0,34
CASE-01172,Gujarat,Irrigation,6,53.2,0.59,0,0,0.0,3,72,0,81
CASE-01173,Bihar,Power/Transmission,21,79.1,3.55,0,0,10.2,2,352,0,15
CASE-01174,Gujarat,Irrigation,11,56.7,1.46,0,0,0.6,0,123,0,127
CASE-01175,West Bengal,Railways,49,70.1,1.63,0,0,45.0,1,428,0,15
CASE-01176,Gujarat,Roads,20,56.3,2.51,0,1,31.5,1,394,1,609
CASE-01177,West Bengal,Roads,18,52.5,2.55,0,0,20.5,1,537,0,328
CASE-01178,Madhya Pradesh,Housing,82,54.2,1.06,0,1,15.9,2,471,1,667
CASE-01179,Uttar Pradesh,Housing,3,53.0,2.76,0,0,40.0,4,201,1,485
CASE-01180,Uttar Pradesh,Railways,26,70.0,0.96,0,0,10.2,2,48,0,211
CASE-01181,Gujarat,Roads,5,66.3,2.72,0,0,4.3,3,548,0,132
CASE-01182,Maharashtra,Railways,60,20.1,0.02,0,0,3.1,1,941,1,309
CASE-01183,Maharashtra,Power/Transmission,6,66.0,1.13,0,0,25.3,5,125,0,32
CASE-01184,Uttar Pradesh,Railways,34,90.8,1.77,0,0,11.5,2,445,0,105
CASE-01185,Uttar Pradesh,Roads,30,68.3,1.93,0,0,38.6,1,92,0,162
CASE-01186,Tamil Nadu,Railways,5,40.3,0.49,0,0,23.4,1,357,0,56
CASE-01187,Karnataka,Roads,34,66.6,-0.48,0,0,2.5,1,894,0,102
CASE-01188,Telangana,Railways,17,80.2,2.05,1,0,19.8,3,445,0,226
CASE-01189,Uttar Pradesh,Roads,39,6.2,1.25,0,0,8.7,1,115,0,108
CASE-01190,Rajasthan,Power/Transmission,16,30.6,1.03,0,0,21.4,3,133,0,85
CASE-01191,Karnataka,Irrigation,34,45.2,3.49,0,0,39.6,3,563,0,135
CASE-01192,Karnataka,Roads,24,20.2,1.15,0,0,20.8,5,249,1,586
CASE-01193,Odisha,Irrigation,34,65.8,0.88,0,1,13.1,2,387,0,21
CASE-01194,Telangana,Railways,38,91.7,-0.66,1,1,29.7,1,134,1,797
CASE-01195,Odisha,Power/Transmission,22,54.8,0.2,0,0,16.7,3,277,0,44
CASE-01196,Uttar Pradesh,Housing,19,25.2,2.55,1,1,31.1,2,784,1,776
CASE-01197,Bihar,Roads,38,49.3,0.63,0,1,27.9,4,524,0,67
CASE-01198,Rajasthan,Urban Metro,17,71.7,2.25,0,0,7.2,4,369,0,61
CASE-01199,Bihar,Power/Transmission,22,50.8,-0.05,0,1,3.3,2,433,0,88
CASE-01200,Gujarat,Power/Transmission,68,77.2,0.46,0,0,17.4,4,725,0,70
CASE-01201,Andhra Pradesh,Railways,26,61.4,0.43,0,0,29.1,3,478,0,96
CASE-01202,Andhra Pradesh,Railways,43,63.2,2.07,0,0,48.9,1,495,0,152
CASE-01203,Tamil Nadu,Roads,15,81.9,1.25,1,0,5.9,3,57,0,45
CASE-01204,Gujarat,Housing,34,81.1,0.17,0,0,7.8,1,561,0,45
CASE-01205,Maharashtra,Irrigation,23,72.9,2.36,0,0,37.5,3,215,0,218
CASE-01206,Maharashtra,Railways,19,92.1,2.09,1,0,25.6,3,360,1,671
CASE-01207,Chhattisgarh,Irrigation,4,45.6,1.91,1,0,20.0,3,220,0,116
CASE-01208,West Bengal,Roads,11,58.1,1.85,0,0,32.8,1,272,1,355
CASE-01209,Bihar,Roads,86,45.7,0.48,0,0,41.3,3,699,1,478
CASE-01210,Karnataka,Irrigation,23,61.1,3.01,1,0,38.3,1,656,0,55
CASE-01211,Gujarat,Irrigation,26,83.8,1.38,0,0,12.1,1,167,0,149
CASE-01212,Tamil Nadu,Power/Transmission,48,64.4,1.82,0,0,29.3,2,147,0,277
CASE-01213,Andhra Pradesh,Power/Transmission,32,77.9,1.96,0,0,39.6,3,218,1,469
CASE-01214,Madhya Pradesh,Irrigation,19,34.9,0.37,1,0,18.3,1,367,1,620
CASE-01215,Bihar,Urban Metro,20,75.7,3.78,1,0,28.3,2,139,0,164
CASE-01216,West Bengal,Roads,10,75.0,1.47,1,0,13.9,1,172,0,164
CASE-01217,Madhya Pradesh,Power/Transmission,36,25.1,1.54,0,0,8.4,1,258,0,107
CASE-01218,Andhra Pradesh,Power/Transmission,37,83.7,1.0,0,0,28.9,1,196,1,409
CASE-01219,Rajasthan,Roads,26,42.0,2.88,0,0,36.6,0,419,0,285
CASE-01220,Maharashtra,Roads,23,33.3,2.93,1,1,34.2,3,373,0,34
CASE-01221,Maharashtra,Roads,37,74.7,1.69,1,0,2.7,4,276,0,63
CASE-01222,Uttar Pradesh,Roads,10,50.5,-0.26,0,0,42.5,2,239,0,304
CASE-01223,Haryana,Irrigation,33,61.2,1.3,0,0,31.5,2,80,0,62
CASE-01224,Chhattisgarh,Roads,71,25.6,1.42,0,0,39.7,3,139,0,76
CASE-01225,Uttar Pradesh,Power/Transmission,15,33.0,0.96,0,1,8.9,2,89,1,510
CASE-01226,Haryana,Roads,21,51.5,0.32,0,0,35.5,2,465,1,475
CASE-01227,West Bengal,Roads,59,35.0,-0.37,1,0,32.5,2,359,1,794
CASE-01228,West Bengal,Railways,26,44.7,3.27,0,1,3.9,4,39,0,46
CASE-01229,Punjab,Roads,45,69.5,2.39,0,0,29.5,2,770,1,485
CASE-01230,Maharashtra,Housing,34,82.8,1.54,1,0,7.5,3,156,1,942
CASE-01231,Uttar Pradesh,Railways,36,49.7,0.72,0,0,23.2,1,27,0,259
CASE-01232,Andhra Pradesh,Roads,15,72.0,1.93,1,0,57.7,3,428,0,40
CASE-01233,Uttar Pradesh,Roads,14,85.0,1.74,0,1,27.3,1,78,0,36
CASE-01234,Rajasthan,Railways,41,54.5,1.02,0,0,21.3,2,177,0,24
CASE-01235,Uttar Pradesh,Irrigation,7,47.7,1.97,0,0,0.7,2,163,0,80
CASE-01236,Maharashtra,Power/Transmission,22,28.4,2.11,0,0,27.3,2,398,0,134
CASE-01237,Uttar Pradesh,Railways,37,37.4,2.32,1,0,20.7,5,690,1,869
CASE-01238,Karnataka,Irrigation,21,71.3,0.43,0,0,0.0,2,247,0,228
CASE-01239,Uttar Pradesh,Railways,23,50.0,2.02,0,0,6.6,2,172,0,48
CASE-01240,Uttar Pradesh,Urban Metro,47,48.7,2.91,0,0,36.3,1,110,0,233
CASE-01241,Odisha,Irrigation,63,70.0,1.86,1,0,42.4,2,436,1,718
CASE-01242,Madhya Pradesh,Roads,109,75.9,4.15,0,0,24.1,3,149,0,26
CASE-01243,Madhya Pradesh,Power/Transmission,60,78.0,1.28,0,0,38.2,0,317,0,154
CASE-01244,Maharashtra,Urban Metro,18,39.2,-0.56,0,0,23.5,3,412,0,73
CASE-01245,Madhya Pradesh,Railways,13,84.0,0.48,0,1,11.7,2,883,0,168
CASE-01246,Bihar,Housing,18,48.3,0.7,0,0,56.0,1,865,0,15
CASE-01247,Chhattisgarh,Urban Metro,37,44.8,2.17,0,0,1.8,2,155,0,75
CASE-01248,Uttar Pradesh,Roads,20,67.4,2.5,0,0,29.4,5,675,0,88
CASE-01249,Haryana,Power/Transmission,15,55.7,1.66,0,0,13.3,4,656,0,78
CASE-01250,Haryana,Irrigation,69,58.5,1.85,0,0,19.9,2,235,0,15
CASE-01251,Maharashtra,Irrigation,19,69.2,3.8,0,0,46.8,2,584,1,465
CASE-01252,Maharashtra,Irrigation,35,46.9,0.5,1,0,23.7,1,354,1,524
CASE-01253,Maharashtra,Urban Metro,35,84.9,1.41,0,0,18.2,2,420,0,139
CASE-01254,Chhattisgarh,Irrigation,4,46.8,0.96,1,0,14.8,0,894,1,514
CASE-01255,Uttar Pradesh,Irrigation,66,55.5,0.09,0,0,31.4,1,187,1,398
CASE-01256,Odisha,Roads,9,16.9,-0.93,0,1,8.8,1,314,0,37
CASE-01257,Gujarat,Railways,7,73.2,3.06,0,0,24.4,1,1006,0,29
CASE-01258,Tamil Nadu,Urban Metro,17,10.7,0.58,1,0,21.0,2,716,1,1045
CASE-01259,West Bengal,Power/Transmission,13,56.3,1.2,0,0,11.3,0,490,0,297
CASE-01260,Telangana,Roads,59,38.9,2.02,0,0,1.5,2,361,1,354
CASE-01261,Maharashtra,Urban Metro,31,86.1,0.07,1,1,23.5,0,623,1,598
CASE-01262,Karnataka,Urban Metro,16,40.2,0.5,0,0,17.4,3,336,0,104
CASE-01263,Madhya Pradesh,Irrigation,7,57.8,1.47,1,0,26.4,1,803,1,592
CASE-01264,Punjab,Roads,34,61.7,0.97,0,0,0.0,1,119,0,179
CASE-01265,Andhra Pradesh,Irrigation,21,65.6,-0.03,1,0,16.1,2,320,0,58
CASE-01266,Tamil Nadu,Roads,37,30.1,2.23,0,0,35.8,2,110,0,70
CASE-01267,Uttar Pradesh,Railways,31,57.5,0.94,0,0,0.0,1,103,0,71
CASE-01268,Telangana,Irrigation,13,32.7,1.66,0,1,51.1,2,151,1,503
CASE-01269,West Bengal,Urban Metro,41,22.2,1.57,1,0,28.4,4,249,1,648
CASE-01270,West Bengal,Railways,8,69.5,2.66,0,0,20.9,3,941,1,415
CASE-01271,Telangana,Urban Metro,20,73.5,1.92,0,0,24.6,2,42,0,27
CASE-01272,Madhya Pradesh,Urban Metro,22,47.8,0.46,0,1,10.2,1,238,0,57
CASE-01273,Karnataka,Roads,24,35.3,2.89,0,0,44.3,3,286,1,567
CASE-01274,Andhra Pradesh,Roads,8,52.2,0.93,0,0,25.7,4,265,0,38
CASE-01275,Uttar Pradesh,Power/Transmission,57,48.3,0.52,0,1,24.0,2,251,0,100
CASE-01276,Madhya Pradesh,Power/Transmission,13,79.8,0.35,1,0,38.0,1,179,0,154
CASE-01277,Uttar Pradesh,Railways,5,47.5,-1.0,0,0,28.8,2,198,0,127
CASE-01278,Maharashtra,Power/Transmission,32,37.0,0.77,1,0,12.8,4,123,0,41
CASE-01279,Odisha,Irrigation,85,17.3,1.98,1,0,22.5,0,99,1,654
CASE-01280,Andhra Pradesh,Power/Transmission,4,50.8,-0.13,0,0,31.5,5,398,1,661
CASE-01281,Madhya Pradesh,Power/Transmission,47,66.5,3.55,1,0,23.9,1,172,0,159
CASE-01282,Karnataka,Roads,26,41.0,-1.0,0,0,2.8,3,142,0,15
CASE-01283,Karnataka,Roads,8,33.2,0.56,0,0,44.0,2,283,0,50
CASE-01284,Chhattisgarh,Roads,22,74.7,-0.29,0,0,25.4,1,430,0,60
CASE-01285,Haryana,Housing,72,33.7,2.6,0,1,17.0,1,288,0,63
CASE-01286,Punjab,Urban Metro,61,95.6,2.28,0,0,32.7,5,248,0,49
CASE-01287,Karnataka,Power/Transmission,122,74.2,1.18,0,0,15.5,2,450,0,85
CASE-01288,Madhya Pradesh,Roads,42,76.0,-0.21,0,0,0.0,4,560,1,297
CASE-01289,Karnataka,Irrigation,17,52.4,0.06,1,0,22.9,4,629,1,691
CASE-01290,Andhra Pradesh,Roads,46,15.5,1.8,1,0,33.0,3,478,1,877
CASE-01291,West Bengal,Railways,14,85.4,0.69,0,0,18.9,3,322,0,274
CASE-01292,Rajasthan,Roads,23,40.4,0.83,0,0,19.4,3,139,0,242
CASE-01293,Andhra Pradesh,Urban Metro,14,24.1,1.41,1,0,20.1,5,448,1,800
CASE-01294,Madhya Pradesh,Roads,42,63.1,1.0,1,0,21.4,1,417,0,158
CASE-01295,Madhya Pradesh,Irrigation,39,69.3,-0.6,1,0,25.1,3,216,0,117
CASE-01296,Madhya Pradesh,Housing,15,14.2,-0.1,0,1,34.9,3,254,1,501
CASE-01297,Maharashtra,Power/Transmission,54,84.1,-0.07,0,0,33.9,2,383,0,66
CASE-01298,Uttar Pradesh,Roads,66,60.7,0.63,1,0,53.4,1,272,1,712
CASE-01299,Gujarat,Urban Metro,17,57.9,1.61,0,0,49.0,2,246,0,158
CASE-01300,Madhya Pradesh,Irrigation,34,39.7,1.56,0,1,10.0,3,151,0,74
CASE-01301,Uttar Pradesh,Railways,68,48.9,2.92,0,0,19.5,1,196,0,350
CASE-01302,Andhra Pradesh,Power/Transmission,32,29.9,-0.19,0,0,33.7,1,449,0,78
CASE-01303,Gujarat,Urban Metro,20,42.6,1.87,1,0,0.0,7,45,1,718
CASE-01304,Bihar,Railways,24,53.7,0.56,0,0,27.6,2,114,1,339
CASE-01305,Tamil Nadu,Irrigation,17,21.7,3.87,0,0,10.0,1,147,0,136
CASE-01306,Haryana,Railways,55,33.6,1.37,0,0,22.1,2,291,1,320
CASE-01307,Chhattisgarh,Roads,51,49.7,0.83,0,0,23.0,4,156,1,673
CASE-01308,Rajasthan,Power/Transmission,14,43.5,1.83,0,0,0.0,1,345,0,138
CASE-01309,Maharashtra,Roads,16,85.3,1.74,1,0,59.1,2,396,0,153
CASE-01310,Punjab,Railways,7,55.9,1.04,0,0,14.7,1,96,0,123
CASE-01311,Karnataka,Railways,38,27.8,2.21,0,0,44.4,2,131,1,503
CASE-01312,Haryana,Roads,10,89.7,3.31,0,0,0.0,2,398,0,336
CASE-01313,Andhra Pradesh,Railways,93,77.3,2.6,0,0,13.0,3,147,0,29
CASE-01314,Maharashtra,Irrigation,13,55.1,1.32,0,0,34.6,3,530,0,63
CASE-01315,Maharashtra,Railways,4,41.7,3.63,1,0,19.0,1,794,1,592
CASE-01316,Rajasthan,Roads,9,64.6,2.08,1,1,34.6,4,1181,1,867
CASE-01317,Andhra Pradesh,Urban Metro,31,47.3,0.18,0,0,32.1,1,825,0,282
CASE-01318,Maharashtra,Housing,24,50.5,1.57,0,1,10.1,0,226,0,72
CASE-01319,Gujarat,Railways,12,34.7,1.24,1,0,40.9,2,665,1,1056
CASE-01320,Odisha,Railways,23,84.3,0.85,0,1,31.2,2,259,0,197
CASE-01321,West Bengal,Roads,16,14.7,1.88,0,0,0.8,0,509,0,29
CASE-01322,West Bengal,Roads,37,13.8,-0.75,0,1,24.1,1,319,0,78
CASE-01323,Maharashtra,Railways,10,39.7,3.42,0,0,32.3,4,303,0,183
CASE-01324,Tamil Nadu,Housing,28,49.2,2.23,0,1,21.0,3,423,1,452
CASE-01325,Madhya Pradesh,Power/Transmission,29,53.0,-0.71,0,0,23.2,2,688,0,44
CASE-01326,Odisha,Railways,24,46.0,2.22,0,0,29.8,0,268,0,199
CASE-01327,Madhya Pradesh,Housing,34,34.4,2.03,0,0,0.0,1,210,1,224
CASE-01328,Andhra Pradesh,Railways,23,42.6,3.26,0,0,19.5,0,567,0,360
CASE-01329,Bihar,Roads,41,49.8,3.57,1,0,16.9,2,880,0,211
CASE-01330,Uttar Pradesh,Railways,24,22.4,3.77,0,1,33.8,3,177,1,773
CASE-01331,Tamil Nadu,Roads,57,71.4,1.17,0,0,14.0,1,145,0,158
CASE-01332,West Bengal,Urban Metro,28,76.2,2.15,0,0,51.7,1,330,1,368
CASE-01333,Andhra Pradesh,Railways,54,54.7,0.92,0,1,13.7,2,859,1,538
CASE-01334,Punjab,Power/Transmission,16,59.7,2.67,0,1,5.6,2,520,0,65
CASE-01335,Punjab,Railways,11,15.0,-1.0,0,1,40.9,3,213,1,675
CASE-01336,Odisha,Urban Metro,41,25.6,-0.03,1,0,31.4,1,400,1,626
CASE-01337,Uttar Pradesh,Irrigation,25,49.3,0.98,0,1,28.2,3,85,0,55
CASE-01338,Chhattisgarh,Railways,3,50.3,1.43,0,0,18.7,1,835,0,112
CASE-01339,Odisha,Roads,14,84.7,1.7,0,1,17.1,0,381,0,143
CASE-01340,Madhya Pradesh,Urban Metro,32,84.1,3.03,0,0,29.2,0,125,1,556
CASE-01341,Maharashtra,Irrigation,23,18.0,0.72,0,0,13.8,2,102,1,394
CASE-01342,Tamil Nadu,Roads,13,50.8,-0.05,1,0,49.0,2,877,1,673
CASE-01343,West Bengal,Urban Metro,25,36.2,1.03,0,0,25.9,4,629,0,146
CASE-01344,Andhra Pradesh,Roads,28,4.9,0.77,0,0,18.3,3,268,1,400
CASE-01345,Telangana,Railways,5,65.9,2.16,0,0,16.1,2,181,0,142
CASE-01346,Chhattisgarh,Irrigation,53,44.9,3.33,0,0,4.1,2,327,0,128
CASE-01347,Karnataka,Railways,62,80.5,3.22,1,0,32.9,2,353,0,225
CASE-01348,Madhya Pradesh,Railways,14,98.5,2.81,0,0,10.5,0,319,0,37
CASE-01349,Karnataka,Roads,83,67.9,0.82,0,0,20.1,8,70,0,153
CASE-01350,Maharashtra,Roads,23,55.0,1.31,1,0,60.2,1,811,1,670
CASE-01351,Tamil Nadu,Roads,15,23.5,2.01,0,0,0.0,2,209,0,247
CASE-01352,Odisha,Roads,15,89.1,0.58,0,0,20.5,5,113,0,154
CASE-01353,Bihar,Housing,79,33.5,0.69,1,0,1.5,1,164,0,97
CASE-01354,Bihar,Irrigation,10,18.8,1.95,0,0,13.9,2,456,0,78
CASE-01355,Odisha,Railways,28,88.9,-0.14,0,0,19.9,1,213,0,15
CASE-01356,Maharashtra,Railways,31,82.9,2.81,0,0,2.4,2,195,0,26
CASE-01357,West Bengal,Power/Transmission,41,63.9,1.02,0,0,28.1,0,222,0,75
CASE-01358,West Bengal,Roads,26,66.4,2.15,0,0,44.0,4,315,0,82
CASE-01359,Rajasthan,Roads,76,66.8,1.75,1,0,27.0,1,255,0,34
CASE-01360,Uttar Pradesh,Power/Transmission,85,37.3,3.01,0,0,34.6,3,516,1,618
CASE-01361,Rajasthan,Railways,65,49.3,-1.0,1,1,46.4,2,913,1,764
CASE-01362,Madhya Pradesh,Power/Transmission,33,24.0,3.01,0,0,31.1,4,254,0,142
CASE-01363,Chhattisgarh,Urban Metro,47,94.5,2.99,0,1,0.0,3,324,0,163
CASE-01364,Maharashtra,Urban Metro,20,72.5,1.84,0,0,24.7,3,757,0,235
CASE-01365,West Bengal,Roads,55,31.0,2.13,0,0,0.0,0,196,0,74
CASE-01366,West Bengal,Roads,16,76.9,2.22,0,0,11.2,5,590,1,450
CASE-01367,Uttar Pradesh,Roads,12,82.2,0.42,0,0,0.0,6,443,1,459
CASE-01368,Uttar Pradesh,Power/Transmission,11,47.8,1.56,1,1,26.1,0,222,1,749
CASE-01369,Uttar Pradesh,Urban Metro,38,60.4,2.57,0,0,8.5,0,67,0,115
CASE-01370,Madhya Pradesh,Housing,70,64.4,-0.65,0,0,26.5,3,478,0,88
CASE-01371,Maharashtra,Roads,73,34.0,2.07,1,1,33.7,3,291,1,1090
CASE-01372,Punjab,Urban Metro,3,80.6,1.6,0,0,7.6,3,93,0,95
CASE-01373,Karnataka,Irrigation,49,51.4,2.25,0,0,25.8,0,136,0,119
CASE-01374,Tamil Nadu,Urban Metro,11,94.7,-0.03,0,0,0.0,3,256,0,193
CASE-01375,Telangana,Irrigation,108,57.8,0.61,1,1,0.0,2,424,1,1104
CASE-01376,Maharashtra,Roads,8,93.1,-0.18,0,0,41.0,3,50,0,176
CASE-01377,Rajasthan,Roads,5,87.5,-0.19,0,1,8.8,5,177,0,124
CASE-01378,Odisha,Housing,50,98.2,2.5,0,0,14.1,1,194,0,320
CASE-01379,Chhattisgarh,Railways,19,73.9,0.79,0,0,9.7,3,721,0,70
CASE-01380,Karnataka,Railways,18,69.1,0.71,0,0,0.0,1,495,0,16
CASE-01381,Karnataka,Railways,13,93.1,2.81,0,0,6.5,2,109,0,95
CASE-01382,Maharashtra,Railways,15,6.5,1.09,1,0,21.9,2,1350,1,680
CASE-01383,Andhra Pradesh,Housing,52,47.8,2.66,1,0,16.2,2,276,0,156
CASE-01384,Telangana,Roads,11,46.8,0.24,0,0,38.1,7,156,1,611
CASE-01385,Punjab,Roads,23,64.1,1.08,0,0,12.7,2,476,0,117
CASE-01386,Maharashtra,Power/Transmission,10,41.1,0.41,0,1,21.8,4,426,0,70
CASE-01387,Rajasthan,Irrigation,27,63.3,2.16,0,0,13.8,3,549,0,38
CASE-01388,Bihar,Roads,18,10.8,1.25,0,0,36.0,4,589,1,582
CASE-01389,Haryana,Roads,35,12.2,2.38,0,0,0.5,1,502,0,142
CASE-01390,Maharashtra,Roads,39,83.7,1.68,1,0,29.2,0,402,0,148
CASE-01391,Punjab,Roads,70,64.4,-0.84,0,0,28.1,3,140,1,524
CASE-01392,Odisha,Roads,103,31.0,1.18,0,0,9.7,3,418,0,203
CASE-01393,Maharashtra,Roads,15,83.2,-0.34,0,0,20.5,3,453,0,77
CASE-01394,Maharashtra,Power/Transmission,42,80.8,1.92,0,1,27.8,3,168,0,152
CASE-01395,Odisha,Urban Metro,17,42.8,2.17,1,0,11.6,2,178,1,573
CASE-01396,Uttar Pradesh,Urban Metro,38,59.9,2.29,0,1,11.3,2,137,0,80
CASE-01397,Andhra Pradesh,Railways,37,16.7,1.35,0,0,3.6,4,702,1,464
CASE-01398,Haryana,Railways,36,69.1,-0.46,0,0,52.3,1,1019,1,535
CASE-01399,Andhra Pradesh,Housing,44,52.9,1.75,0,1,15.0,2,574,1,607
CASE-01400,Karnataka,Power/Transmission,29,75.0,1.99,0,0,3.6,4,272,0,384
CASE-01401,Karnataka,Irrigation,19,40.2,1.28,1,1,0.0,1,590,1,614
CASE-01402,Maharashtra,Roads,27,42.6,1.6,1,0,10.0,4,569,0,163
CASE-01403,Punjab,Railways,98,36.9,-0.77,0,0,26.0,4,171,1,434
CASE-01404,Madhya Pradesh,Irrigation,16,69.0,1.58,0,1,18.2,2,108,0,52
CASE-01405,Uttar Pradesh,Irrigation,20,46.2,1.37,0,0,27.3,5,77,1,770
CASE-01406,Bihar,Roads,14,42.2,0.04,0,0,32.7,2,149,0,45
CASE-01407,Punjab,Housing,4,31.6,2.13,0,0,19.7,4,320,0,107
CASE-01408,Maharashtra,Irrigation,24,89.4,0.91,0,1,20.1,0,525,0,57
CASE-01409,Odisha,Irrigation,40,49.0,1.77,1,1,45.5,0,305,1,760
CASE-01410,Rajasthan,Roads,12,61.6,2.09,0,0,33.0,0,556,0,65
CASE-01411,Odisha,Power/Transmission,63,37.4,1.89,1,0,27.8,2,190,1,722
CASE-01412,Telangana,Power/Transmission,35,42.6,-0.11,1,0,16.9,6,418,1,757
CASE-01413,Odisha,Roads,52,35.9,1.04,0,0,32.1,4,400,0,310
CASE-01414,Punjab,Irrigation,32,69.5,4.06,0,0,27.3,1,1117,1,469
CASE-01415,Uttar Pradesh,Power/Transmission,22,73.3,3.17,1,0,26.7,5,127,1,789
CASE-01416,Tamil Nadu,Urban Metro,19,37.5,2.5,0,0,32.8,2,1116,0,78
CASE-01417,Andhra Pradesh,Roads,31,59.9,1.83,0,0,26.9,2,965,0,206
CASE-01418,Andhra Pradesh,Urban Metro,33,27.1,0.31,0,0,0.0,2,131,0,105
CASE-01419,Haryana,Railways,17,72.6,1.31,0,0,22.8,2,317,0,149
CASE-01420,Telangana,Roads,22,8.0,0.99,1,0,5.3,1,753,1,539
CASE-01421,Rajasthan,Roads,86,82.6,1.4,0,0,31.5,0,56,0,188
CASE-01422,West Bengal,Roads,28,49.1,-0.24,0,0,0.0,2,151,0,122
CASE-01423,Karnataka,Roads,30,89.1,2.65,0,0,21.5,4,13,0,49
CASE-01424,Madhya Pradesh,Railways,72,80.3,-1.0,0,1,22.9,3,541,1,512
CASE-01425,Madhya Pradesh,Power/Transmission,34,77.3,2.53,1,0,4.8,4,47,0,232
CASE-01426,Karnataka,Roads,25,70.7,2.55,0,0,20.8,4,255,0,80
CASE-01427,Maharashtra,Housing,51,45.2,4.29,1,0,33.5,2,414,1,838
CASE-01428,Maharashtra,Roads,43,82.6,1.2,0,0,13.7,4,98,0,113
CASE-01429,Tamil Nadu,Irrigation,31,55.5,0.88,1,0,26.3,0,1012,0,111
CASE-01430,Karnataka,Housing,32,38.4,1.64,1,0,29.6,1,480,1,606
CASE-01431,Punjab,Urban Metro,20,44.6,2.17,1,1,6.0,1,567,0,59
CASE-01432,Chhattisgarh,Irrigation,10,66.9,1.39,1,0,22.6,3,305,1,654
CASE-01433,Maharashtra,Power/Transmission,39,33.7,0.08,0,0,18.8,2,349,1,331
CASE-01434,Uttar Pradesh,Roads,7,58.1,2.17,0,0,21.8,3,199,0,107
CASE-01435,Uttar Pradesh,Roads,10,52.9,1.5,0,0,0.0,2,222,0,35
CASE-01436,Telangana,Railways,22,95.0,0.29,0,0,0.9,3,188,0,243
CASE-01437,Uttar Pradesh,Roads,20,98.4,-0.45,1,0,40.3,0,113,0,52
CASE-01438,West Bengal,Railways,42,46.4,4.46,0,0,33.3,6,210,0,15
CASE-01439,Punjab,Roads,50,43.3,2.5,0,1,25.3,2,71,0,61
CASE-01440,Telangana,Urban Metro,94,49.7,2.17,0,0,35.5,2,1121,0,236
CASE-01441,Bihar,Urban Metro,6,32.9,1.36,0,0,2.1,2,191,0,119
CASE-01442,Maharashtra,Urban Metro,36,66.3,2.33,0,0,18.6,2,166,0,48
CASE-01443,Uttar Pradesh,Power/Transmission,35,83.9,0.24,1,0,17.2,3,252,1,735
CASE-01444,Maharashtra,Roads,32,86.3,1.74,0,0,10.4,1,388,0,28
CASE-01445,Uttar Pradesh,Roads,39,64.5,1.79,1,1,5.0,0,141,1,626
CASE-01446,Andhra Pradesh,Power/Transmission,45,57.6,0.27,0,0,41.7,1,392,1,375
CASE-01447,Haryana,Irrigation,65,73.4,1.37,1,0,12.6,1,120,0,315
CASE-01448,Andhra Pradesh,Railways,32,11.5,1.0,1,0,28.8,6,107,1,1235
CASE-01449,Chhattisgarh,Railways,78,66.8,0.58,1,0,27.0,1,560,0,122
CASE-01450,Uttar Pradesh,Railways,33,43.6,0.85,0,0,37.7,1,189,0,65
CASE-01451,Tamil Nadu,Roads,18,70.4,-0.55,1,1,33.0,4,205,1,908
CASE-01452,Chhattisgarh,Railways,31,74.3,2.78,0,0,17.4,3,50,0,128
CASE-01453,Odisha,Railways,13,76.2,3.37,0,0,3.0,1,387,0,66
CASE-01454,Punjab,Irrigation,13,86.5,0.39,0,0,35.4,4,214,1,468
CASE-01455,Madhya Pradesh,Housing,23,61.5,2.83,0,0,40.3,1,558,0,47
CASE-01456,Maharashtra,Irrigation,21,20.7,1.46,1,0,58.9,1,563,1,699
CASE-01457,Bihar,Power/Transmission,63,70.6,1.49,0,0,36.7,5,310,1,560
CASE-01458,Karnataka,Urban Metro,23,54.3,-0.05,0,0,12.4,1,284,0,52
CASE-01459,Punjab,Roads,11,79.1,0.83,0,1,14.4,5,190,0,127
CASE-01460,Madhya Pradesh,Power/Transmission,27,18.8,2.14,0,0,0.0,2,1166,1,258
CASE-01461,Tamil Nadu,Railways,32,14.2,0.33,0,0,9.8,1,180,0,216
CASE-01462,Andhra Pradesh,Irrigation,29,39.2,0.61,1,0,3.0,5,687,1,789
CASE-01463,Uttar Pradesh,Roads,11,16.6,0.89,0,0,30.8,0,316,0,167
CASE-01464,Madhya Pradesh,Urban Metro,68,82.0,-1.0,0,0,36.4,2,39,1,582
CASE-01465,Rajasthan,Housing,5,82.8,1.89,0,0,55.9,3,1223,0,84
CASE-01466,Rajasthan,Roads,28,31.6,2.26,0,0,68.3,0,136,0,159
CASE-01467,Karnataka,Roads,10,80.4,1.94,0,0,25.7,2,187,1,400
CASE-01468,Bihar,Roads,53,19.9,2.63,0,0,13.3,2,344,1,370
CASE-01469,Gujarat,Power/Transmission,36,80.4,0.97,0,1,16.1,0,558,1,445
CASE-01470,Uttar Pradesh,Irrigation,32,65.6,3.67,0,0,11.6,0,383,0,76
CASE-01471,Punjab,Roads,22,86.3,0.49,1,0,57.2,3,240,0,26
CASE-01472,Uttar Pradesh,Urban Metro,64,55.0,1.23,0,0,0.0,2,249,0,112
CASE-01473,Maharashtra,Railways,22,21.0,1.11,0,1,46.3,1,232,1,701
CASE-01474,West Bengal,Railways,83,66.8,1.72,0,0,8.0,3,310,0,87
CASE-01475,West Bengal,Railways,13,37.4,1.21,1,0,16.1,0,441,0,52
CASE-01476,West Bengal,Irrigation,27,45.5,1.38,0,0,0.0,1,609,0,53
CASE-01477,Karnataka,Railways,44,65.9,0.69,1,0,37.8,0,339,1,517
CASE-01478,Telangana,Roads,38,82.5,0.97,0,0,33.9,5,277,0,174
CASE-01479,West Bengal,Railways,25,26.8,-1.0,0,0,5.6,4,863,1,470
CASE-01480,West Bengal,Urban Metro,6,94.3,2.46,0,0,38.6,2,217,0,358
CASE-01481,Karnataka,Irrigation,30,30.7,0.27,0,0,35.7,3,273,0,129
CASE-01482,Maharashtra,Urban Metro,20,71.9,0.91,0,0,14.0,4,198,0,197
CASE-01483,Chhattisgarh,Irrigation,16,61.0,0.23,0,0,0.0,1,191,0,47
CASE-01484,Bihar,Power/Transmission,46,6.9,2.18,0,0,18.7,2,403,0,238
CASE-01485,Chhattisgarh,Roads,5,89.3,0.85,0,0,37.6,5,95,0,23
CASE-01486,Maharashtra,Power/Transmission,26,83.2,-1.0,1,0,8.3,1,246,0,73
CASE-01487,Telangana,Roads,2,48.8,1.84,0,1,38.2,0,184,1,654
CASE-01488,West Bengal,Roads,38,71.2,0.6,1,1,9.1,4,275,1,954
CASE-01489,Haryana,Roads,46,88.1,1.47,0,0,20.6,4,255,0,19
CASE-01490,West Bengal,Roads,29,30.0,2.5,0,0,11.0,0,814,1,277
CASE-01491,Maharashtra,Housing,18,13.1,0.31,0,0,24.3,2,593,0,80
CASE-01492,Tamil Nadu,Housing,63,90.0,1.44,0,1,34.3,1,690,0,36
CASE-01493,Chhattisgarh,Power/Transmission,66,68.5,0.57,0,0,46.5,4,271,1,501
CASE-01494,Tamil Nadu,Roads,34,49.6,2.68,0,0,25.1,2,353,0,139
CASE-01495,Karnataka,Urban Metro,73,48.8,1.59,0,0,0.0,0,406,0,23
CASE-01496,Chhattisgarh,Power/Transmission,13,55.0,1.47,0,0,31.5,1,196,0,147
CASE-01497,Odisha,Railways,24,67.7,0.01,0,0,17.5,3,90,0,22
CASE-01498,Chhattisgarh,Irrigation,3,60.6,2.4,0,0,17.2,1,184,0,68
CASE-01499,Madhya Pradesh,Power/Transmission,10,16.9,2.55,0,0,23.6,7,408,0,143
CASE-01500,Rajasthan,Roads,9,35.0,0.58,0,1,30.4,3,592,0,213
CASE-01501,Rajasthan,Irrigation,38,63.0,1.68,0,1,15.8,2,1685,1,585
CASE-01502,Punjab,Power/Transmission,10,52.4,2.21,0,0,30.7,5,78,0,21
CASE-01503,Madhya Pradesh,Roads,15,38.4,4.16,1,0,28.1,1,493,0,76
CASE-01504,Karnataka,Railways,17,44.4,1.97,0,0,30.7,5,344,1,400
CASE-01505,Tamil Nadu,Irrigation,8,10.1,1.5,0,0,35.2,2,997,1,491
CASE-01506,West Bengal,Power/Transmission,28,69.1,1.31,0,0,0.0,1,595,0,127
CASE-01507,Gujarat,Housing,32,29.9,1.38,0,0,16.1,0,208,0,53
CASE-01508,Karnataka,Urban Metro,6,44.5,2.42,1,0,19.7,3,195,0,153
CASE-01509,Uttar Pradesh,Irrigation,42,44.4,0.44,0,0,18.3,4,203,0,32
CASE-01510,Gujarat,Irrigation,12,44.1,2.62,0,0,9.0,2,66,1,399
CASE-01511,Uttar Pradesh,Irrigation,17,90.8,-0.35,0,0,12.2,6,59,0,109
CASE-01512,Uttar Pradesh,Irrigation,36,81.3,2.3,0,0,29.8,2,137,1,456
CASE-01513,Chhattisgarh,Roads,17,81.7,2.63,1,0,28.9,2,88,0,265
CASE-01514,Gujarat,Power/Transmission,10,69.6,2.47,1,1,22.5,1,252,0,19
CASE-01515,Haryana,Power/Transmission,27,28.1,1.82,0,0,6.9,2,313,1,412
CASE-01516,Bihar,Irrigation,53,23.5,1.97,1,0,34.9,0,993,1,815
CASE-01517,Maharashtra,Urban Metro,49,76.0,1.02,0,1,33.8,4,10,0,376
CASE-01518,Punjab,Power/Transmission,15,49.1,0.15,0,0,38.7,4,225,0,181
CASE-01519,Uttar Pradesh,Railways,12,40.0,1.8,0,0,10.3,1,276,0,37
CASE-01520,Uttar Pradesh,Roads,14,62.3,1.58,1,0,76.4,0,273,0,83
CASE-01521,Bihar,Roads,49,23.0,2.61,0,0,25.3,4,951,1,438
CASE-01522,West Bengal,Railways,13,7.1,1.33,1,0,10.6,2,58,1,745
CASE-01523,Haryana,Railways,71,83.2,1.69,1,0,57.7,2,232,1,697
CASE-01524,Gujarat,Roads,36,78.6,1.84,0,0,33.2,2,97,0,54
CASE-01525,Rajasthan,Roads,24,25.1,2.19,1,0,25.0,3,162,1,690
CASE-01526,Uttar Pradesh,Roads,15,74.7,2.64,0,1,26.9,1,128,0,233
CASE-01527,Madhya Pradesh,Power/Transmission,27,85.2,0.36,1,0,41.2,2,503,1,660
CASE-01528,West Bengal,Power/Transmission,10,22.1,2.34,0,1,25.8,3,271,1,609
CASE-01529,Uttar Pradesh,Railways,7,87.8,1.28,0,0,0.0,2,469,0,92
CASE-01530,Bihar,Roads,36,78.9,2.27,1,1,21.7,5,809,1,1119
CASE-01531,Bihar,Roads,24,27.8,3.27,0,0,35.5,2,522,1,448
CASE-01532,Uttar Pradesh,Roads,43,55.1,-1.0,1,0,21.3,2,109,0,111
CASE-01533,Andhra Pradesh,Railways,31,37.4,2.96,0,0,7.2,3,624,0,115
CASE-01534,Rajasthan,Roads,15,81.6,1.36,0,0,21.5,1,276,0,129
CASE-01535,Maharashtra,Railways,49,32.2,0.47,0,0,35.0,1,335,0,170
CASE-01536,West Bengal,Housing,16,98.4,0.97,0,0,41.1,5,663,0,63
CASE-01537,Tamil Nadu,Irrigation,59,81.4,0.26,1,0,5.4,4,62,1,837
CASE-01538,Gujarat,Urban Metro,16,64.7,2.11,0,1,4.3,1,379,0,126
CASE-01539,Tamil Nadu,Roads,8,18.5,0.26,1,1,21.1,3,56,0,138
CASE-01540,Karnataka,Roads,66,66.4,2.95,1,1,11.6,2,166,0,106
CASE-01541,Tamil Nadu,Housing,16,83.4,2.33,0,0,13.3,3,651,0,15
CASE-01542,Bihar,Railways,17,34.6,1.77,1,0,18.0,3,180,1,797
CASE-01543,Madhya Pradesh,Irrigation,8,98.9,-0.94,0,1,33.5,2,286,0,104
CASE-01544,Uttar Pradesh,Housing,23,62.4,-0.09,1,0,9.3,5,597,1,752
CASE-01545,West Bengal,Irrigation,9,56.9,1.4,1,0,4.5,5,223,0,54
CASE-01546,Karnataka,Railways,63,51.9,1.47,0,0,10.9,4,230,0,128
CASE-01547,Bihar,Irrigation,19,32.9,2.63,1,0,0.0,2,217,0,68
CASE-01548,Gujarat,Roads,12,40.1,-1.0,0,0,22.8,6,103,1,672
CASE-01549,Madhya Pradesh,Roads,26,52.5,0.59,0,0,23.6,2,459,0,29
CASE-01550,Bihar,Roads,101,61.5,2.5,1,0,37.1,1,422,1,645
CASE-01551,Uttar Pradesh,Urban Metro,27,60.2,1.1,0,0,6.1,0,837,0,130
CASE-01552,Karnataka,Power/Transmission,21,88.1,0.94,0,0,23.8,4,159,0,118
CASE-01553,Bihar,Roads,25,71.4,-0.43,0,1,27.0,0,380,0,43
CASE-01554,Madhya Pradesh,Roads,45,29.7,2.77,0,0,0.0,5,158,0,182
CASE-01555,Bihar,Power/Transmission,42,57.9,0.92,0,0,25.3,2,790,1,274
CASE-01556,Gujarat,Urban Metro,30,59.5,2.81,0,0,25.8,4,322,0,55
CASE-01557,Punjab,Roads,50,13.1,3.26,0,1,20.1,2,1032,1,579
CASE-01558,West Bengal,Railways,27,42.0,3.08,0,0,2.8,0,212,0,97
CASE-01559,Chhattisgarh,Urban Metro,22,60.0,1.46,1,0,20.9,1,338,0,20
CASE-01560,Odisha,Urban Metro,26,24.6,0.92,0,1,0.0,0,212,1,749
CASE-01561,Telangana,Urban Metro,16,81.7,0.84,1,1,26.9,2,938,1,706
CASE-01562,Chhattisgarh,Roads,45,21.6,3.86,0,0,33.1,2,586,0,15
CASE-01563,Haryana,Roads,16,39.3,1.25,1,0,18.7,3,504,1,881
CASE-01564,Haryana,Railways,4,70.9,2.76,1,0,41.2,2,554,1,667
CASE-01565,Tamil Nadu,Roads,7,49.5,2.08,0,1,11.5,2,603,1,560
CASE-01566,West Bengal,Urban Metro,33,37.4,1.01,0,0,11.1,4,402,0,110
CASE-01567,Maharashtra,Roads,14,46.3,1.2,1,0,17.8,1,273,0,139
CASE-01568,Maharashtra,Irrigation,42,89.7,2.92,0,0,56.0,3,125,0,107
CASE-01569,West Bengal,Urban Metro,24,27.9,1.54,0,0,17.7,1,103,0,87
CASE-01570,West Bengal,Housing,45,70.1,0.96,1,0,54.1,0,118,1,618
CASE-01571,Karnataka,Power/Transmission,4,13.8,0.53,0,0,21.4,3,493,0,65
CASE-01572,Andhra Pradesh,Housing,15,29.9,1.88,0,0,9.9,3,339,1,608
CASE-01573,Andhra Pradesh,Roads,11,74.9,0.88,0,0,51.3,5,188,0,205
CASE-01574,Odisha,Railways,115,70.7,2.21,1,1,24.8,7,161,1,1062
CASE-01575,Maharashtra,Roads,18,24.4,4.55,0,0,17.6,1,77,0,110
CASE-01576,Bihar,Housing,6,65.1,2.12,1,0,34.9,4,234,1,867
CASE-01577,Tamil Nadu,Urban Metro,32,43.3,3.66,0,0,40.7,4,151,0,228
CASE-01578,Odisha,Roads,11,49.1,0.64,0,1,13.3,0,119,0,201
CASE-01579,Telangana,Roads,48,50.8,2.32,0,0,35.5,1,56,0,188
CASE-01580,Odisha,Railways,54,45.3,3.01,1,0,18.6,1,159,1,569
CASE-01581,Haryana,Roads,11,93.1,3.16,0,1,7.3,3,103,0,103
CASE-01582,Madhya Pradesh,Urban Metro,14,77.1,3.04,1,0,11.4,6,500,0,131
CASE-01583,Karnataka,Roads,30,14.0,1.52,0,0,4.4,0,257,1,410
CASE-01584,Bihar,Power/Transmission,49,18.3,2.57,1,0,23.3,2,457,1,681
CASE-01585,Chhattisgarh,Irrigation,32,61.4,0.28,0,0,23.4,1,263,0,59
CASE-01586,Punjab,Railways,18,54.4,3.43,0,1,39.1,3,652,0,26
CASE-01587,Madhya Pradesh,Roads,8,23.7,0.36,0,0,35.0,1,25,1,403
CASE-01588,Andhra Pradesh,Housing,75,62.3,3.0,0,0,15.9,3,181,0,116
CASE-01589,Bihar,Irrigation,33,58.9,2.75,1,0,19.1,2,492,1,549
CASE-01590,Uttar Pradesh,Railways,86,69.8,2.74,0,0,12.3,2,180,0,27
CASE-01591,Uttar Pradesh,Railways,37,37.1,3.98,1,0,23.6,1,183,0,68
CASE-01592,Maharashtra,Urban Metro,78,70.2,2.76,0,0,18.7,2,85,0,74
CASE-01593,Punjab,Urban Metro,13,89.2,-0.09,1,0,22.7,2,182,1,765
CASE-01594,Karnataka,Urban Metro,14,52.5,2.21,0,0,43.9,1,268,1,521
CASE-01595,Odisha,Irrigation,21,34.4,-0.77,1,1,44.7,2,903,1,873
CASE-01596,Rajasthan,Urban Metro,12,23.2,1.39,1,0,12.6,3,163,1,690
CASE-01597,Uttar Pradesh,Roads,6,72.4,0.99,1,0,33.7,6,271,0,20
CASE-01598,Uttar Pradesh,Power/Transmission,15,13.6,2.27,0,1,31.8,2,1350,1,573
CASE-01599,Tamil Nadu,Railways,36,90.7,0.51,0,0,13.8,3,893,0,40
CASE-01600,Bihar,Irrigation,9,64.1,0.55,1,1,43.2,2,509,1,911
CASE-01601,Haryana,Housing,10,87.8,2.1,0,1,0.0,3,425,0,43
CASE-01602,Uttar Pradesh,Housing,16,79.2,2.91,0,0,38.1,3,266,0,147
CASE-01603,Rajasthan,Irrigation,11,82.9,1.5,0,0,20.2,1,485,0,147
CASE-01604,Tamil Nadu,Irrigation,16,54.8,4.29,0,0,5.9,2,302,0,96
CASE-01605,Bihar,Urban Metro,23,56.8,1.09,0,0,19.2,3,33,0,119
CASE-01606,Bihar,Housing,9,76.2,2.32,0,0,50.2,2,245,0,54
CASE-01607,Punjab,Power/Transmission,16,56.8,1.91,0,1,59.7,4,198,1,585
CASE-01608,Bihar,Roads,24,57.3,1.09,0,0,10.3,3,209,1,548
CASE-01609,Karnataka,Railways,12,22.4,3.07,0,0,21.4,1,285,1,305
CASE-01610,Karnataka,Urban Metro,8,49.5,0.43,0,0,19.2,3,188,0,34
CASE-01611,Bihar,Power/Transmission,13,12.2,-0.99,0,0,21.7,2,574,1,514
CASE-01612,Tamil Nadu,Power/Transmission,18,16.2,1.35,0,1,46.4,1,702,0,33
CASE-01613,Tamil Nadu,Power/Transmission,5,79.1,1.19,1,1,16.1,1,617,0,141
CASE-01614,Madhya Pradesh,Railways,37,59.7,2.78,0,0,10.3,3,135,1,380
CASE-01615,Odisha,Railways,19,62.9,0.0,1,0,15.3,2,723,1,886
CASE-01616,Uttar Pradesh,Urban Metro,13,67.2,2.13,0,1,19.2,1,242,0,70
CASE-01617,Maharashtra,Roads,6,78.2,1.98,1,1,33.6,2,1305,1,846
CASE-01618,Andhra Pradesh,Power/Transmission,33,58.2,1.89,0,0,23.9,2,1043,0,147
CASE-01619,Telangana,Power/Transmission,54,26.5,2.75,0,0,32.0,1,92,0,97
CASE-01620,Maharashtra,Urban Metro,15,73.5,1.47,0,0,37.9,3,284,0,31
CASE-01621,Uttar Pradesh,Railways,81,35.8,1.56,1,0,17.8,2,172,1,575
CASE-01622,West Bengal,Power/Transmission,23,84.4,2.04,0,0,21.0,2,435,0,38
CASE-01623,Tamil Nadu,Roads,24,40.7,1.38,0,0,29.4,3,450,0,115
CASE-01624,Maharashtra,Roads,44,33.1,-0.12,1,0,12.8,1,668,1,691
CASE-01625,Karnataka,Railways,35,76.3,1.01,0,0,22.7,4,797,0,37
CASE-01626,Gujarat,Roads,9,60.2,1.19,1,0,37.9,2,98,1,584
CASE-01627,Madhya Pradesh,Housing,15,44.6,0.83,0,0,23.8,0,961,1,335
CASE-01628,Uttar Pradesh,Urban Metro,49,65.7,1.12,0,0,41.1,5,287,0,105
CASE-01629,Uttar Pradesh,Roads,35,61.5,1.72,0,0,8.3,2,292,0,85
CASE-01630,Karnataka,Urban Metro,81,91.1,1.17,1,0,27.1,1,58,0,15
CASE-01631,West Bengal,Irrigation,31,43.6,2.52,0,0,30.7,3,343,0,77
CASE-01632,Odisha,Power/Transmission,36,48.0,2.54,1,0,26.7,2,190,0,267
CASE-01633,Chhattisgarh,Urban Metro,13,62.2,-1.0,0,0,17.7,3,75,0,23
CASE-01634,Rajasthan,Irrigation,54,40.1,-0.22,0,0,0.1,2,274,1,340
CASE-01635,Telangana,Roads,3,73.4,-1.0,0,0,38.8,4,225,1,541
CASE-01636,Karnataka,Roads,27,47.4,1.17,0,1,0.8,2,793,0,31
CASE-01637,Karnataka,Railways,37,51.8,1.1,0,1,2.0,1,720,0,267
CASE-01638,Haryana,Housing,30,80.7,1.68,1,0,30.7,0,208,0,44
CASE-01639,Bihar,Irrigation,24,53.4,2.51,1,0,16.5,3,380,0,149
CASE-01640,Gujarat,Railways,22,87.2,1.45,0,0,24.2,1,639,0,86
CASE-01641,Gujarat,Roads,24,66.3,0.78,0,1,2.8,3,77,0,155
CASE-01642,Maharashtra,Urban Metro,10,60.4,1.49,0,1,26.4,0,265,1,413
CASE-01643,West Bengal,Railways,30,98.7,0.91,0,0,34.5,2,230,0,59
CASE-01644,Uttar Pradesh,Power/Transmission,13,92.5,-0.27,0,0,0.0,3,41,0,80
CASE-01645,Uttar Pradesh,Power/Transmission,15,10.1,2.65,1,1,25.8,0,193,0,25
CASE-01646,West Bengal,Roads,9,56.7,2.01,0,0,35.5,3,37,0,17
CASE-01647,Bihar,Roads,131,80.8,3.24,0,0,2.0,1,77,1,317
CASE-01648,Tamil Nadu,Railways,28,5.2,0.02,1,0,24.2,2,188,0,25
CASE-01649,Haryana,Railways,7,21.1,-0.44,0,0,22.8,1,457,1,414
CASE-01650,Tamil Nadu,Power/Transmission,26,28.6,0.38,1,0,27.4,2,85,1,599
CASE-01651,Bihar,Urban Metro,53,22.1,1.98,0,0,17.9,4,369,1,826
CASE-01652,Bihar,Roads,29,59.7,2.53,0,0,0.2,4,544,0,213
CASE-01653,Bihar,Irrigation,23,74.4,1.84,1,0,16.0,1,170,1,596
CASE-01654,Uttar Pradesh,Roads,12,74.2,1.67,0,0,13.7,4,447,0,96
CASE-01655,Punjab,Roads,29,57.0,2.53,0,0,21.0,0,424,0,177
CASE-01656,Karnataka,Power/Transmission,41,34.0,0.95,1,1,40.1,4,263,1,1014
CASE-01657,Bihar,Power/Transmission,41,76.2,2.77,1,0,0.0,1,200,0,309
CASE-01658,Odisha,Power/Transmission,27,55.3,3.88,1,0,36.4,3,236,1,672
CASE-01659,Karnataka,Roads,27,62.1,0.22,1,0,48.5,0,1198,1,634
CASE-01660,Maharashtra,Irrigation,59,84.6,1.2,0,0,47.6,1,114,0,80
CASE-01661,Uttar Pradesh,Railways,55,36.9,-0.17,1,0,48.9,1,955,1,745
CASE-01662,Chhattisgarh,Housing,21,40.3,0.34,0,1,24.9,3,133,0,15
CASE-01663,Tamil Nadu,Power/Transmission,77,55.8,1.97,0,0,23.1,3,472,0,102
CASE-01664,Uttar Pradesh,Housing,7,49.9,-0.52,0,0,0.0,5,57,0,111
CASE-01665,Haryana,Roads,28,78.6,0.56,0,0,18.7,3,64,0,102
CASE-01666,Odisha,Railways,31,35.3,2.76,0,0,39.0,2,783,1,445
CASE-01667,Odisha,Power/Transmission,12,31.5,1.77,1,0,0.7,1,99,0,68
CASE-01668,Bihar,Railways,6,55.0,2.42,1,0,9.1,0,520,1,639
CASE-01669,Maharashtra,Irrigation,12,47.9,-0.05,0,0,23.6,3,362,1,460
CASE-01670,Odisha,Irrigation,47,54.2,1.58,0,0,0.0,3,290,1,478
CASE-01671,Bihar,Housing,47,50.1,3.76,0,0,49.4,3,492,0,107
CASE-01672,Chhattisgarh,Roads,39,68.2,0.71,0,1,30.8,3,473,0,93
CASE-01673,Gujarat,Housing,13,47.9,0.91,1,1,27.1,0,289,1,1008
CASE-01674,Uttar Pradesh,Railways,48,63.8,2.2,1,0,34.1,3,27,0,86
CASE-01675,Tamil Nadu,Railways,14,56.0,0.42,0,0,16.9,2,272,0,15
CASE-01676,Punjab,Irrigation,30,27.4,2.36,1,1,26.2,0,988,1,912
CASE-01677,Gujarat,Roads,24,88.9,-0.66,0,0,7.3,1,156,0,122
CASE-01678,Karnataka,Housing,18,41.7,-1.0,1,0,0.0,1,229,0,76
CASE-01679,Odisha,Urban Metro,38,63.7,1.88,0,0,21.5,2,72,0,73
CASE-01680,West Bengal,Housing,43,82.5,0.32,0,1,45.7,2,214,1,869
CASE-01681,Gujarat,Housing,13,53.4,0.82,0,1,47.1,3,292,1,634
CASE-01682,Tamil Nadu,Power/Transmission,25,78.8,2.55,0,0,19.2,3,190,0,209
CASE-01683,Gujarat,Railways,42,50.1,2.25,0,0,17.9,2,277,0,160
CASE-01684,Bihar,Urban Metro,2,63.7,0.03,0,0,0.0,3,225,0,180
CASE-01685,Maharashtra,Roads,33,33.4,2.12,0,0,37.9,2,750,0,53
CASE-01686,Bihar,Urban Metro,42,6.1,1.14,0,1,28.3,0,134,1,483
CASE-01687,West Bengal,Railways,34,2.3,2.0,0,0,19.2,5,597,0,50
CASE-01688,West Bengal,Power/Transmission,35,56.8,1.48,0,0,0.0,2,177,0,40
CASE-01689,Andhra Pradesh,Railways,23,42.5,-0.3,1,0,0.0,1,140,0,62
CASE-01690,Karnataka,Railways,40,23.5,0.64,0,1,23.9,2,486,0,245
CASE-01691,Tamil Nadu,Roads,8,71.3,-1.0,0,0,0.0,2,127,0,36
CASE-01692,Haryana,Railways,12,82.9,1.72,0,0,30.1,2,294,0,205
CASE-01693,Bihar,Railways,34,84.5,1.98,0,0,30.8,1,258,0,21
CASE-01694,Gujarat,Roads,40,36.7,0.65,0,1,2.3,0,941,1,453
CASE-01695,Rajasthan,Roads,53,29.4,1.36,1,0,22.7,3,283,1,702
CASE-01696,West Bengal,Irrigation,69,48.9,0.33,1,0,7.9,2,28,0,198
CASE-01697,Uttar Pradesh,Railways,14,73.9,3.01,0,0,36.1,1,360,0,120
CASE-01698,Tamil Nadu,Urban Metro,10,84.7,-0.04,0,1,71.4,4,614,0,189
CASE-01699,Punjab,Roads,46,56.7,1.13,1,0,20.2,0,466,0,155
CASE-01700,Gujarat,Irrigation,17,53.4,-0.06,1,1,44.2,4,338,1,941
CASE-01701,Haryana,Roads,24,39.0,1.78,0,0,37.4,5,216,1,440
CASE-01702,Telangana,Irrigation,43,80.3,2.75,0,0,20.8,3,434,0,167
CASE-01703,Madhya Pradesh,Irrigation,28,63.8,-0.99,1,1,30.0,1,288,1,768
CASE-01704,Chhattisgarh,Irrigation,39,62.8,2.28,1,0,3.0,2,335,0,266
CASE-01705,West Bengal,Railways,13,57.3,3.46,0,1,24.1,1,476,0,20
CASE-01706,Telangana,Irrigation,31,21.9,1.65,0,0,17.5,2,770,1,355
CASE-01707,Maharashtra,Roads,30,75.1,0.69,0,0,42.4,3,176,0,183
CASE-01708,Karnataka,Railways,53,65.8,1.45,1,1,12.6,6,174,0,323
CASE-01709,Odisha,Railways,61,87.1,0.85,1,1,6.2,1,325,1,600
CASE-01710,Bihar,Power/Transmission,17,77.8,3.86,0,1,6.8,1,292,0,26
CASE-01711,Tamil Nadu,Railways,11,2.1,2.5,0,0,34.8,4,313,1,488
CASE-01712,Madhya Pradesh,Power/Transmission,41,90.9,2.58,1,0,19.2,2,174,0,174
CASE-01713,Telangana,Railways,5,82.4,4.09,1,0,0.0,1,95,0,215
CASE-01714,Haryana,Roads,43,71.5,3.11,1,0,37.2,3,81,0,197
CASE-01715,Bihar,Roads,45,54.3,1.35,0,0,0.0,2,91,0,460
CASE-01716,Tamil Nadu,Roads,16,76.4,1.53,1,1,13.8,2,145,1,883
CASE-01717,Madhya Pradesh,Irrigation,2,69.1,4.33,0,0,18.8,3,905,0,98
CASE-01718,Chhattisgarh,Urban Metro,49,42.8,0.61,1,0,5.6,2,399,1,404
CASE-01719,Rajasthan,Power/Transmission,64,94.3,1.29,1,1,0.0,2,536,0,91
CASE-01720,Tamil Nadu,Railways,61,83.9,0.28,0,0,34.2,1,92,0,72
CASE-01721,Maharashtra,Roads,62,42.1,-0.68,0,1,31.8,3,275,1,666
CASE-01722,Bihar,Urban Metro,8,60.8,0.44,0,0,22.8,0,489,0,95
CASE-01723,Gujarat,Roads,26,13.6,0.47,0,1,27.5,1,118,1,563
CASE-01724,Andhra Pradesh,Railways,30,45.9,0.75,0,0,0.0,1,309,0,17
CASE-01725,West Bengal,Urban Metro,27,40.0,2.23,1,0,29.8,0,173,1,747
CASE-01726,Maharashtra,Railways,40,68.2,1.49,0,0,28.2,1,76,0,178
CASE-01727,Madhya Pradesh,Roads,10,51.5,2.71,1,0,28.6,2,54,0,139
CASE-01728,Odisha,Roads,5,57.5,1.68,0,0,28.6,2,340,1,340
CASE-01729,Maharashtra,Irrigation,4,71.8,1.71,0,0,36.9,3,204,1,468
CASE-01730,Karnataka,Roads,49,97.3,1.15,0,0,20.3,4,257,0,100
CASE-01731,Punjab,Power/Transmission,8,43.6,3.84,0,0,22.9,1,66,0,26
CASE-01732,Maharashtra,Railways,27,52.2,0.99,0,0,2.0,1,418,0,74
CASE-01733,Gujarat,Railways,15,65.4,2.6,1,0,32.3,1,1047,1,750
CASE-01734,Bihar,Roads,16,71.6,0.08,0,0,12.0,4,551,0,76
CASE-01735,Odisha,Urban Metro,21,54.7,1.21,0,0,13.0,3,158,0,118
CASE-01736,Gujarat,Railways,16,53.9,3.91,1,0,15.9,0,38,0,98
CASE-01737,Haryana,Power/Transmission,5,71.7,2.32,0,0,5.9,1,491,0,223
CASE-01738,Uttar Pradesh,Railways,21,16.6,-0.18,0,0,20.4,1,630,0,29
CASE-01739,Andhra Pradesh,Roads,13,52.1,0.26,0,0,34.4,2,414,0,45
CASE-01740,Tamil Nadu,Railways,12,22.5,3.42,0,1,5.3,3,250,1,498
CASE-01741,Bihar,Irrigation,76,69.1,1.61,1,0,21.8,2,609,1,648
CASE-01742,Bihar,Railways,7,41.6,1.17,0,0,32.0,2,326,0,156
CASE-01743,Maharashtra,Urban Metro,20,33.0,0.57,0,0,0.0,3,240,0,38
CASE-01744,Punjab,Urban Metro,29,58.8,1.12,0,0,49.8,5,530,0,397
CASE-01745,Gujarat,Power/Transmission,76,27.5,3.2,1,1,15.1,2,715,1,772
CASE-01746,Chhattisgarh,Irrigation,9,34.4,0.66,1,0,8.0,0,170,1,638
CASE-01747,Gujarat,Irrigation,59,10.1,0.78,0,1,23.2,2,135,1,706
CASE-01748,Andhra Pradesh,Irrigation,21,62.4,2.22,0,0,11.9,1,315,0,66
CASE-01749,West Bengal,Roads,22,82.8,0.25,0,0,20.9,3,356,0,116
CASE-01750,Karnataka,Urban Metro,38,97.7,0.38,0,0,10.8,0,269,0,194
CASE-01751,Chhattisgarh,Urban Metro,65,32.6,1.51,0,0,38.9,3,673,1,440
CASE-01752,Uttar Pradesh,Roads,16,73.2,1.54,0,0,62.3,1,454,1,499
CASE-01753,Haryana,Urban Metro,30,36.8,0.53,0,0,32.8,0,366,0,232
CASE-01754,Tamil Nadu,Urban Metro,27,19.0,2.07,0,0,25.0,3,255,0,216
CASE-01755,Madhya Pradesh,Railways,26,58.0,1.76,1,0,13.7,2,913,1,948
CASE-01756,Andhra Pradesh,Urban Metro,43,87.5,-0.87,0,0,37.9,0,572,0,58
CASE-01757,Uttar Pradesh,Roads,14,25.2,2.44,0,1,10.5,4,994,0,143
CASE-01758,Telangana,Roads,18,50.7,0.82,1,0,26.8,4,330,0,28
CASE-01759,Haryana,Railways,5,44.2,2.47,1,0,14.2,0,188,0,16
CASE-01760,Haryana,Irrigation,36,63.5,4.0,1,0,3.2,3,608,1,666
CASE-01761,Madhya Pradesh,Railways,25,83.3,1.42,0,0,18.8,0,271,0,45
CASE-01762,Uttar Pradesh,Housing,64,58.7,0.73,0,0,7.2,4,176,0,140
CASE-01763,Uttar Pradesh,Roads,9,62.3,3.15,0,0,44.1,1,248,0,27
CASE-01764,Maharashtra,Roads,83,54.6,0.49,0,0,10.7,1,483,0,221
CASE-01765,Uttar Pradesh,Irrigation,40,72.1,3.77,1,0,20.0,4,290,0,187
CASE-01766,Maharashtra,Roads,39,86.9,0.94,0,0,12.3,2,194,0,77
CASE-01767,Telangana,Power/Transmission,15,16.1,0.75,0,0,3.5,0,256,0,52
CASE-01768,Maharashtra,Railways,20,18.2,4.34,0,0,32.3,2,184,1,564
CASE-01769,Uttar Pradesh,Housing,17,36.5,1.94,0,0,20.6,3,140,0,34
CASE-01770,Tamil Nadu,Power/Transmission,56,85.2,3.45,0,0,57.1,2,81,0,74
CASE-01771,Andhra Pradesh,Roads,5,87.8,1.47,0,0,37.7,3,670,0,191
CASE-01772,Tamil Nadu,Roads,22,63.0,1.38,1,0,23.1,5,666,1,816
CASE-01773,Chhattisgarh,Roads,23,7.7,-1.0,1,1,27.5,3,348,1,904
CASE-01774,Haryana,Housing,17,52.0,2.71,0,0,20.6,3,155,1,414
CASE-01775,Chhattisgarh,Power/Transmission,11,63.0,1.96,0,0,6.6,2,225,0,220
CASE-01776,West Bengal,Railways,2,45.1,1.37,0,0,0.4,0,101,0,99
CASE-01777,Gujarat,Roads,22,78.2,2.21,1,0,6.2,0,87,0,169
CASE-01778,Karnataka,Urban Metro,36,28.3,1.55,0,1,42.1,4,164,1,564
CASE-01779,Madhya Pradesh,Roads,25,37.2,0.37,1,1,25.9,2,425,0,194
CASE-01780,West Bengal,Power/Transmission,11,92.3,1.94,0,0,30.1,2,72,0,105
CASE-01781,Uttar Pradesh,Power/Transmission,24,49.2,1.27,1,0,33.8,0,455,1,746
CASE-01782,Tamil Nadu,Roads,65,70.5,2.39,0,0,19.0,2,378,0,253
CASE-01783,Bihar,Irrigation,14,20.5,1.16,0,0,12.9,2,369,0,160
CASE-01784,Uttar Pradesh,Roads,28,50.9,0.94,0,0,52.3,5,292,1,506
CASE-01785,Bihar,Railways,31,41.8,0.85,1,0,30.0,2,366,1,731
CASE-01786,Odisha,Housing,7,75.3,0.44,0,0,0.0,3,263,0,193
CASE-01787,Madhya Pradesh,Power/Transmission,19,36.5,0.87,0,0,0.0,0,70,0,233
CASE-01788,Rajasthan,Urban Metro,19,44.7,2.02,0,0,33.3,4,856,1,434
CASE-01789,Odisha,Irrigation,25,66.6,0.6,0,0,8.7,1,205,0,23
CASE-01790,Maharashtra,Roads,55,22.6,0.09,0,0,20.0,0,218,0,41
CASE-01791,Gujarat,Power/Transmission,9,52.1,2.45,0,0,0.0,3,304,0,78
CASE-01792,Bihar,Irrigation,57,30.3,1.33,0,0,15.1,3,972,0,101
CASE-01793,Uttar Pradesh,Roads,38,50.8,2.42,0,0,35.7,1,560,0,79
CASE-01794,Rajasthan,Railways,84,61.8,1.24,1,1,14.0,5,346,1,1019
CASE-01795,Haryana,Irrigation,3,64.7,0.81,0,0,4.4,3,288,1,411
CASE-01796,Bihar,Power/Transmission,115,70.3,-0.59,1,0,18.3,3,209,1,815
CASE-01797,Andhra Pradesh,Roads,7,81.2,0.14,0,0,22.5,1,398,1,350
CASE-01798,Bihar,Urban Metro,12,79.9,0.45,0,0,16.7,3,179,0,386
CASE-01799,Andhra Pradesh,Railways,12,67.7,1.84,0,0,0.0,2,278,0,99
CASE-01800,Chhattisgarh,Roads,37,51.9,1.37,1,0,27.9,2,699,1,695
CASE-01801,Chhattisgarh,Roads,20,84.0,0.27,0,0,13.4,4,260,0,133
CASE-01802,Chhattisgarh,Urban Metro,13,57.1,-1.0,0,0,24.6,3,419,0,297
CASE-01803,Uttar Pradesh,Railways,74,64.1,2.06,1,0,7.4,2,221,0,45
CASE-01804,Rajasthan,Railways,3,12.0,2.55,1,0,40.7,4,207,1,685
CASE-01805,Rajasthan,Roads,48,47.1,2.66,1,0,32.7,3,664,1,718
CASE-01806,Rajasthan,Power/Transmission,23,61.2,0.34,0,1,16.6,2,495,1,715
CASE-01807,Maharashtra,Power/Transmission,13,56.8,2.73,1,0,26.6,3,611,1,623
CASE-01808,Karnataka,Railways,15,43.1,2.18,1,0,46.5,0,396,0,77
CASE-01809,Karnataka,Housing,19,58.9,2.17,0,0,39.6,0,313,0,23
CASE-01810,Maharashtra,Roads,12,66.3,0.77,0,0,44.6,3,52,0,293
CASE-01811,Bihar,Roads,43,4.6,1.34,0,0,31.1,4,129,0,58
CASE-01812,Karnataka,Irrigation,17,56.0,3.7,0,0,13.9,2,108,0,261
CASE-01813,Gujarat,Power/Transmission,39,35.8,3.51,0,0,30.8,1,245,1,579
CASE-01814,Bihar,Roads,15,75.0,1.44,0,0,47.5,3,356,0,186
CASE-01815,Tamil Nadu,Irrigation,28,67.2,1.73,0,0,31.1,6,113,0,297
CASE-01816,Andhra Pradesh,Railways,28,62.8,-1.0,1,0,9.6,3,95,0,46
CASE-01817,Gujarat,Irrigation,24,11.3,2.94,0,0,23.0,2,223,0,291
CASE-01818,West Bengal,Power/Transmission,59,75.1,2.39,0,0,33.4,4,79,0,94
CASE-01819,West Bengal,Housing,63,24.9,1.91,0,1,24.6,3,682,1,565
CASE-01820,Chhattisgarh,Railways,41,65.7,0.78,1,0,33.4,2,123,0,145
CASE-01821,Haryana,Irrigation,51,64.0,1.58,0,0,12.7,0,229,0,23
CASE-01822,West Bengal,Irrigation,40,47.9,3.26,1,1,18.8,1,152,1,789
CASE-01823,West Bengal,Railways,16,94.0,1.93,0,0,27.1,7,229,0,22
CASE-01824,Chhattisgarh,Roads,22,63.1,4.66,0,0,27.8,4,44,0,183
CASE-01825,Gujarat,Housing,3,81.7,2.47,1,0,12.5,1,717,0,140
CASE-01826,Maharashtra,Roads,10,37.7,0.4,1,0,0.0,4,816,0,109
CASE-01827,West Bengal,Power/Transmission,7,68.8,1.01,0,0,0.0,3,91,0,23
CASE-01828,West Bengal,Roads,13,20.3,0.65,1,0,21.3,3,326,1,594
CASE-01829,Haryana,Urban Metro,29,12.8,2.53,0,0,24.7,4,345,0,66
CASE-01830,West Bengal,Roads,16,61.2,2.88,0,0,18.9,2,279,1,488
CASE-01831,West Bengal,Housing,44,53.4,3.56,0,0,22.5,0,624,0,183
CASE-01832,Punjab,Power/Transmission,11,49.2,1.1,1,1,46.0,4,475,1,889
CASE-01833,Karnataka,Roads,37,37.0,2.06,0,0,14.6,5,188,0,61
CASE-01834,Uttar Pradesh,Power/Transmission,10,23.1,3.04,0,0,27.5,2,478,0,66
CASE-01835,Uttar Pradesh,Irrigation,56,89.1,3.36,1,0,47.3,1,179,0,214
CASE-01836,Maharashtra,Railways,11,35.2,0.02,0,0,6.5,1,79,1,413
CASE-01837,Maharashtra,Roads,34,82.5,2.24,0,0,48.6,2,794,0,105
CASE-01838,Karnataka,Power/Transmission,13,94.6,0.07,0,1,36.6,4,952,0,309
CASE-01839,Gujarat,Power/Transmission,69,69.2,0.78,0,0,17.3,5,99,0,325
CASE-01840,Gujarat,Railways,67,66.9,-0.07,0,1,0.0,3,304,0,90
CASE-01841,Maharashtra,Urban Metro,33,83.0,0.75,0,0,42.9,1,620,1,395
CASE-01842,Andhra Pradesh,Roads,32,86.4,-0.24,0,0,48.6,5,283,0,61
CASE-01843,Uttar Pradesh,Roads,42,89.0,0.08,0,1,11.6,1,243,0,396
CASE-01844,Punjab,Irrigation,37,79.1,0.41,0,0,49.5,4,359,0,150
CASE-01845,Uttar Pradesh,Roads,46,91.9,1.86,0,0,0.0,0,400,0,175
CASE-01846,Chhattisgarh,Roads,11,51.5,1.54,0,0,26.4,3,289,1,757
CASE-01847,Madhya Pradesh,Irrigation,24,26.8,-0.47,0,0,19.3,5,594,1,581
CASE-01848,Chhattisgarh,Roads,14,37.5,4.79,1,0,1.9,0,326,0,27
CASE-01849,Karnataka,Roads,66,83.3,0.91,0,1,18.3,4,224,1,775
CASE-01850,Gujarat,Power/Transmission,8,49.1,-0.1,0,0,21.5,1,952,0,214
CASE-01851,Bihar,Irrigation,74,77.5,2.2,0,1,4.2,2,145,0,139
CASE-01852,Haryana,Urban Metro,25,5.5,1.49,0,0,32.1,1,379,0,72
CASE-01853,West Bengal,Irrigation,47,85.9,0.52,1,0,11.8,0,240,1,644
CASE-01854,Gujarat,Railways,16,48.9,1.97,0,0,16.6,5,371,1,536
CASE-01855,Odisha,Roads,7,83.4,0.69,0,0,43.7,1,119,0,151
CASE-01856,Telangana,Power/Transmission,65,44.6,1.15,1,0,12.2,3,107,0,43
CASE-01857,Bihar,Roads,35,24.4,3.26,0,0,0.0,2,324,0,32
CASE-01858,Bihar,Roads,9,43.4,1.65,1,0,18.2,3,383,1,705
CASE-01859,Bihar,Urban Metro,22,42.2,2.24,0,1,23.6,1,42,1,513
CASE-01860,Bihar,Power/Transmission,21,42.2,0.87,0,0,18.4,3,362,0,272
CASE-01861,Andhra Pradesh,Irrigation,34,38.0,1.68,0,0,34.9,2,244,0,220
CASE-01862,Telangana,Roads,11,87.3,0.58,0,1,28.0,1,62,0,242
CASE-01863,Telangana,Roads,8,67.3,0.52,1,0,13.0,1,100,0,100
CASE-01864,West Bengal,Railways,27,50.4,1.01,0,0,32.4,6,94,0,232
CASE-01865,Chhattisgarh,Power/Transmission,11,19.6,0.67,0,0,29.0,3,284,0,100
CASE-01866,Odisha,Railways,66,46.1,2.75,0,0,28.5,2,30,1,381
CASE-01867,Punjab,Roads,44,20.6,2.19,0,0,19.6,7,371,1,645
CASE-01868,Uttar Pradesh,Roads,43,15.1,-1.0,0,0,26.3,4,209,1,441
CASE-01869,West Bengal,Irrigation,3,92.5,3.57,0,0,23.6,1,973,1,480
CASE-01870,Odisha,Power/Transmission,16,57.5,2.27,0,0,17.5,2,27,0,204
CASE-01871,Bihar,Roads,19,45.2,2.87,0,0,29.2,5,181,1,387
CASE-01872,Karnataka,Roads,10,78.8,1.29,1,0,30.4,1,26,0,94
CASE-01873,Telangana,Roads,37,65.0,-0.29,0,0,30.4,2,254,1,687
CASE-01874,Telangana,Roads,34,20.9,-0.09,1,0,31.3,1,175,1,579
CASE-01875,Haryana,Irrigation,41,79.2,3.55,0,0,0.0,4,614,0,186
CASE-01876,Tamil Nadu,Roads,50,20.7,-0.45,1,0,35.6,2,153,0,168
CASE-01877,Bihar,Irrigation,48,17.8,-0.23,1,0,7.5,0,104,0,35
CASE-01878,Madhya Pradesh,Power/Transmission,121,31.3,0.98,0,0,38.8,2,171,1,699
CASE-01879,Andhra Pradesh,Housing,24,61.4,-0.16,1,1,1.6,0,303,1,803
CASE-01880,Andhra Pradesh,Housing,21,51.3,2.14,0,0,45.7,5,223,1,700
CASE-01881,West Bengal,Roads,37,15.0,2.23,0,0,0.0,3,400,1,595
CASE-01882,Chhattisgarh,Roads,56,82.7,2.0,0,0,26.8,4,408,0,15
CASE-01883,Karnataka,Railways,5,41.8,0.76,0,0,16.5,3,160,0,17
CASE-01884,Gujarat,Power/Transmission,12,59.9,1.85,0,1,29.0,2,129,0,89
CASE-01885,Madhya Pradesh,Roads,15,77.6,3.64,0,0,47.9,2,318,0,15
CASE-01886,Madhya Pradesh,Railways,26,64.0,-0.22,0,0,25.5,0,517,0,94
CASE-01887,Uttar Pradesh,Roads,16,40.4,2.84,0,0,36.1,3,38,0,213
CASE-01888,Uttar Pradesh,Roads,51,92.2,2.47,1,0,45.0,1,309,0,65
CASE-01889,Odisha,Power/Transmission,28,25.1,1.37,0,0,12.7,4,201,0,279
CASE-01890,Karnataka,Power/Transmission,22,16.9,1.7,1,0,27.4,3,100,1,630
CASE-01891,Bihar,Irrigation,34,42.0,1.93,1,0,42.5,4,376,1,929
CASE-01892,Gujarat,Urban Metro,4,68.0,0.33,1,0,27.3,2,158,1,965
CASE-01893,Andhra Pradesh,Roads,33,72.4,-0.46,0,1,13.2,4,579,0,106
CASE-01894,Maharashtra,Roads,11,85.1,2.59,1,0,29.7,3,836,0,25
CASE-01895,Madhya Pradesh,Railways,45,66.1,0.01,0,0,23.7,1,106,0,31
CASE-01896,Uttar Pradesh,Power/Transmission,5,67.0,0.19,0,0,29.6,1,268,0,364
CASE-01897,Rajasthan,Irrigation,35,54.3,0.88,1,0,14.1,2,191,1,626
CASE-01898,Bihar,Roads,12,35.5,1.84,1,0,25.6,6,172,0,224
CASE-01899,Maharashtra,Housing,57,60.1,0.9,0,0,19.9,1,207,1,339
CASE-01900,Maharashtra,Railways,6,6.2,0.63,0,0,14.6,2,205,0,157
CASE-01901,Andhra Pradesh,Railways,25,61.2,2.64,0,0,41.6,0,747,0,72
CASE-01902,Maharashtra,Irrigation,40,42.2,1.1,0,1,14.3,3,477,1,533
CASE-01903,Odisha,Housing,31,19.4,0.54,0,0,10.7,2,731,1,320
CASE-01904,Uttar Pradesh,Power/Transmission,31,65.3,1.97,0,0,4.2,1,102,0,123
CASE-01905,Chhattisgarh,Housing,8,29.7,1.57,0,0,21.0,0,492,0,22
CASE-01906,Karnataka,Roads,7,75.8,1.53,0,0,19.7,3,323,0,61
CASE-01907,Karnataka,Irrigation,30,70.7,2.03,0,0,32.8,6,500,1,820
CASE-01908,Maharashtra,Urban Metro,27,30.5,1.34,0,0,3.5,0,124,0,128
CASE-01909,Tamil Nadu,Irrigation,10,88.2,2.51,0,0,0.0,2,77,0,74
CASE-01910,Haryana,Railways,9,46.1,-0.21,1,0,0.0,1,126,1,650
CASE-01911,Maharashtra,Housing,22,21.5,2.99,0,0,28.8,2,147,0,184
CASE-01912,Uttar Pradesh,Roads,18,82.2,0.4,1,0,37.5,0,243,1,543
CASE-01913,Haryana,Railways,82,79.7,-0.46,0,0,36.3,1,648,1,466
CASE-01914,Andhra Pradesh,Urban Metro,60,76.7,0.55,0,0,14.5,3,435,0,48
CASE-01915,Uttar Pradesh,Urban Metro,43,74.0,1.08,0,0,24.0,1,133,0,44
CASE-01916,Uttar Pradesh,Housing,65,69.9,0.62,0,0,0.0,1,229,0,214
CASE-01917,Rajasthan,Urban Metro,14,75.9,0.34,1,0,46.3,3,300,1,936
CASE-01918,Gujarat,Roads,16,45.3,2.71,0,0,39.4,1,13,0,23
CASE-01919,Chhattisgarh,Housing,54,79.5,0.46,0,1,35.6,0,501,0,160
CASE-01920,Punjab,Railways,25,80.6,-1.0,1,0,8.5,3,425,0,175
CASE-01921,West Bengal,Power/Transmission,26,37.0,1.08,0,0,16.5,1,393,0,168
CASE-01922,Bihar,Railways,9,80.9,3.95,0,0,19.1,1,200,0,191
CASE-01923,West Bengal,Urban Metro,52,53.9,0.22,0,0,47.5,1,541,1,387
CASE-01924,Madhya Pradesh,Irrigation,37,78.5,0.42,1,0,37.0,4,298,1,832
CASE-01925,Bihar,Urban Metro,20,13.8,1.02,1,0,19.2,2,318,1,591
CASE-01926,Maharashtra,Roads,16,74.7,3.35,1,0,30.8,5,637,1,722
CASE-01927,Madhya Pradesh,Roads,58,27.2,1.07,0,1,8.3,4,227,0,94
CASE-01928,Gujarat,Railways,14,56.7,0.27,0,0,1.2,2,51,0,81
CASE-01929,Maharashtra,Roads,6,46.1,1.94,0,0,21.0,3,571,1,590
CASE-01930,Karnataka,Power/Transmission,60,62.4,1.85,1,0,4.9,1,66,0,15
CASE-01931,Chhattisgarh,Roads,61,76.6,2.08,0,0,0.0,3,237,1,348
CASE-01932,Chhattisgarh,Irrigation,14,59.5,0.23,0,0,22.5,6,64,0,54
CASE-01933,Tamil Nadu,Roads,93,62.6,0.82,0,1,18.0,7,114,0,169
CASE-01934,Tamil Nadu,Roads,23,47.0,2.85,1,0,6.9,6,350,1,649
CASE-01935,Gujarat,Irrigation,14,82.3,1.99,0,0,16.0,3,492,0,62
CASE-01936,Maharashtra,Railways,36,21.3,2.47,0,0,27.7,2,581,1,502
CASE-01937,West Bengal,Roads,8,68.3,1.44,1,1,18.6,4,605,1,890
CASE-01938,Chhattisgarh,Roads,11,53.5,2.77,0,0,24.1,1,563,0,312
CASE-01939,Bihar,Roads,30,28.1,1.85,0,0,19.5,3,260,0,68
CASE-01940,Maharashtra,Irrigation,27,34.1,0.87,0,0,48.0,4,621,1,519
CASE-01941,Bihar,Roads,47,64.2,2.39,0,0,41.9,0,164,0,58
CASE-01942,Karnataka,Railways,9,32.3,0.45,0,0,23.7,2,40,0,191
CASE-01943,Karnataka,Power/Transmission,83,62.1,3.35,0,0,9.7,5,372,0,47
CASE-01944,Uttar Pradesh,Irrigation,18,55.2,2.71,1,0,13.6,2,78,0,174
CASE-01945,Tamil Nadu,Irrigation,26,13.6,1.15,0,0,2.6,0,109,0,108
CASE-01946,Haryana,Roads,17,96.3,1.28,0,1,10.0,1,110,0,120
CASE-01947,Uttar Pradesh,Housing,8,63.4,1.66,0,0,32.0,1,141,0,83
CASE-01948,Haryana,Railways,24,37.6,1.29,0,0,13.1,0,398,0,29
CASE-01949,Maharashtra,Roads,40,56.2,3.08,1,0,19.4,1,744,0,61
CASE-01950,Haryana,Urban Metro,21,26.9,0.85,1,0,39.7,2,479,1,669
CASE-01951,Punjab,Power/Transmission,12,14.4,-0.3,1,1,30.3,1,121,1,756
CASE-01952,Maharashtra,Irrigation,48,41.9,1.19,0,0,23.0,1,192,0,21
CASE-01953,Gujarat,Urban Metro,49,43.4,2.4,0,0,20.3,3,29,0,258
CASE-01954,Telangana,Roads,20,44.6,2.72,0,0,19.0,2,224,0,175
CASE-01955,Haryana,Urban Metro,32,79.2,1.64,0,0,36.0,2,360,1,435
CASE-01956,Telangana,Power/Transmission,47,75.0,0.74,0,0,26.5,2,531,0,207
CASE-01957,Andhra Pradesh,Railways,39,38.5,1.45,0,0,18.2,0,111,0,54
CASE-01958,Maharashtra,Roads,31,16.4,0.71,1,0,2.9,4,535,1,662
CASE-01959,Odisha,Roads,38,67.2,-1.0,1,0,29.2,4,140,1,719
CASE-01960,Chhattisgarh,Housing,33,57.8,0.48,1,0,27.1,1,537,1,607
CASE-01961,Chhattisgarh,Roads,25,80.7,2.11,0,0,0.0,3,525,1,422
CASE-01962,Karnataka,Roads,9,94.0,1.18,0,0,19.7,3,750,0,143
CASE-01963,Andhra Pradesh,Power/Transmission,11,44.5,1.13,0,0,27.0,1,1263,0,375
CASE-01964,Uttar Pradesh,Power/Transmission,34,39.6,2.83,0,0,18.1,2,161,1,447
CASE-01965,Gujarat,Roads,17,42.4,0.34,0,0,49.2,0,486,0,194
CASE-01966,Maharashtra,Urban Metro,34,72.9,0.46,0,0,44.9,1,204,0,298
CASE-01967,Gujarat,Irrigation,8,52.6,1.9,0,0,3.1,2,92,0,55
CASE-01968,Odisha,Urban Metro,13,28.2,0.65,0,1,18.3,2,369,1,904
CASE-01969,West Bengal,Roads,21,31.1,0.64,0,0,36.5,0,442,0,156
CASE-01970,West Bengal,Roads,3,29.1,3.36,0,0,20.7,1,215,0,59
CASE-01971,Madhya Pradesh,Irrigation,12,90.6,0.21,0,1,33.1,0,124,0,177
CASE-01972,Punjab,Roads,15,94.9,0.62,1,0,12.3,0,374,0,72
CASE-01973,Gujarat,Irrigation,28,43.4,2.03,0,1,0.0,2,121,1,601
CASE-01974,Madhya Pradesh,Roads,20,69.4,1.44,0,1,32.4,4,234,1,672
CASE-01975,Uttar Pradesh,Power/Transmission,29,26.6,-0.15,0,0,17.0,3,444,0,70
CASE-01976,Uttar Pradesh,Urban Metro,25,76.0,3.64,0,0,60.7,3,354,0,118
CASE-01977,West Bengal,Urban Metro,19,71.9,0.55,0,0,36.1,4,488,1,396
CASE-01978,Punjab,Housing,15,82.3,1.21,0,1,6.1,2,150,0,197
CASE-01979,Gujarat,Urban Metro,26,55.6,2.02,1,0,32.1,3,235,1,822
CASE-01980,Uttar Pradesh,Railways,56,47.8,4.09,1,1,20.9,1,174,0,196
CASE-01981,Odisha,Railways,15,82.5,1.01,0,0,29.9,2,285,0,124
CASE-01982,Madhya Pradesh,Urban Metro,80,27.9,0.4,0,0,11.1,3,152,0,68
CASE-01983,Odisha,Housing,26,75.4,2.1,1,1,26.7,3,235,1,830
CASE-01984,Bihar,Housing,45,96.3,4.01,0,0,37.9,3,276,0,35
CASE-01985,Chhattisgarh,Power/Transmission,32,37.7,1.66,0,0,34.3,1,700,0,172
CASE-01986,Haryana,Roads,36,64.4,1.16,1,1,38.4,1,193,1,876
CASE-01987,Bihar,Housing,12,57.3,1.97,0,1,68.7,2,334,1,611
CASE-01988,Rajasthan,Housing,17,74.0,-0.99,1,0,15.0,3,669,0,165
CASE-01989,Telangana,Power/Transmission,5,72.7,0.76,1,0,49.1,5,71,1,959
CASE-01990,Uttar Pradesh,Urban Metro,21,75.4,-0.69,1,0,26.4,5,391,0,75
CASE-01991,Maharashtra,Irrigation,38,58.6,1.07,0,0,16.2,1,389,0,82
CASE-01992,Rajasthan,Housing,21,64.0,0.88,0,1,21.9,1,308,0,40
CASE-01993,Madhya Pradesh,Roads,47,82.7,-1.0,0,0,35.5,0,257,0,69
CASE-01994,Maharashtra,Urban Metro,18,34.1,1.72,1,0,16.5,0,631,1,600
CASE-01995,West Bengal,Roads,14,59.8,2.24,0,0,0.0,2,356,0,213
CASE-01996,Gujarat,Railways,16,58.5,1.27,0,0,34.6,3,314,0,27
CASE-01997,Bihar,Roads,40,52.4,-0.33,0,0,25.4,3,301,1,625
CASE-01998,Madhya Pradesh,Railways,69,76.4,3.02,0,0,14.2,5,199,1,469
CASE-01999,Odisha,Roads,86,45.0,3.78,1,0,3.1,2,172,1,707
CASE-02000,West Bengal,Housing,38,77.0,1.98,1,0,28.1,2,186,0,55
CASE-02001,Odisha,Irrigation,45,71.1,1.08,0,1,41.4,4,230,0,104
CASE-02002,Karnataka,Urban Metro,6,69.4,1.09,0,0,8.6,3,239,0,113
CASE-02003,Punjab,Roads,8,70.0,2.02,1,0,26.2,2,31,1,588
CASE-02004,Rajasthan,Roads,12,96.2,1.61,0,1,55.2,0,406,0,217
CASE-02005,Maharashtra,Power/Transmission,59,83.0,2.02,0,0,36.2,0,83,0,95
CASE-02006,Haryana,Power/Transmission,58,25.7,2.04,0,1,22.1,5,317,1,663
CASE-02007,West Bengal,Irrigation,99,70.4,0.61,0,0,20.6,2,134,0,260
CASE-02008,Uttar Pradesh,Urban Metro,12,80.4,0.51,0,0,15.0,3,321,0,72
CASE-02009,Uttar Pradesh,Urban Metro,23,26.6,1.16,0,0,23.2,4,771,0,15
CASE-02010,Rajasthan,Irrigation,5,12.5,2.06,1,1,15.9,2,86,1,725
CASE-02011,Maharashtra,Housing,7,48.8,-0.37,1,0,18.1,6,298,1,863
CASE-02012,Bihar,Power/Transmission,19,53.2,1.23,1,0,20.4,1,288,1,555
CASE-02013,Uttar Pradesh,Power/Transmission,12,49.1,1.46,0,0,0.0,5,98,0,15
CASE-02014,Karnataka,Railways,12,71.0,0.92,1,1,20.1,2,662,1,789
CASE-02015,Karnataka,Roads,15,50.4,3.18,0,0,63.0,4,103,0,137
CASE-02016,West Bengal,Roads,63,92.6,2.98,0,0,1.7,3,61,0,248
CASE-02017,Bihar,Power/Transmission,51,14.5,2.0,0,0,45.6,1,178,0,87
CASE-02018,Maharashtra,Power/Transmission,11,55.9,3.62,1,0,38.5,3,680,0,60
CASE-02019,Chhattisgarh,Railways,50,79.5,2.55,1,1,32.5,3,316,1,832
CASE-02020,Madhya Pradesh,Irrigation,13,93.6,1.66,0,0,14.9,6,637,0,93
CASE-02021,Rajasthan,Roads,6,51.8,0.93,0,0,36.7,2,370,0,163
CASE-02022,Maharashtra,Roads,15,53.5,1.03,0,1,50.6,1,467,1,516
CASE-02023,Maharashtra,Housing,30,46.3,1.96,0,1,39.4,0,106,1,505
CASE-02024,Bihar,Railways,12,87.7,1.05,0,1,27.0,2,46,0,143
CASE-02025,Karnataka,Roads,37,56.5,-0.32,0,0,23.6,3,437,1,310
CASE-02026,Karnataka,Railways,16,38.5,1.04,0,0,13.8,4,155,0,15
CASE-02027,Tamil Nadu,Railways,32,55.7,2.73,1,1,25.0,1,55,0,47
CASE-02028,Madhya Pradesh,Power/Transmission,10,92.8,-1.0,0,0,31.6,2,416,1,437
CASE-02029,Andhra Pradesh,Housing,24,72.1,3.18,0,0,24.1,5,371,0,225
CASE-02030,Chhattisgarh,Irrigation,12,41.1,2.19,1,1,22.3,3,839,0,65
CASE-02031,Maharashtra,Irrigation,20,62.4,1.22,0,0,22.5,2,210,0,209
CASE-02032,West Bengal,Railways,81,37.0,1.85,0,0,51.0,3,246,1,617
CASE-02033,Madhya Pradesh,Irrigation,17,68.1,2.65,0,1,26.2,2,434,0,91
CASE-02034,Karnataka,Railways,8,90.5,1.54,1,0,26.7,3,838,0,49
CASE-02035,Maharashtra,Roads,26,68.5,2.64,0,1,0.0,2,593,0,31
CASE-02036,Tamil Nadu,Urban Metro,26,44.0,2.52,0,0,38.0,4,109,0,23
CASE-02037,Punjab,Railways,26,87.1,1.71,0,0,32.4,3,217,0,202
CASE-02038,Maharashtra,Railways,36,69.3,0.17,0,0,31.7,1,324,1,379
CASE-02039,Chhattisgarh,Roads,17,56.8,1.38,0,0,32.7,1,277,1,444
CASE-02040,Gujarat,Urban Metro,38,64.6,-0.95,0,0,9.3,3,119,0,168
CASE-02041,Bihar,Roads,24,3.9,2.03,0,1,19.2,0,784,1,469
CASE-02042,Tamil Nadu,Railways,8,85.0,1.0,0,0,50.0,2,216,0,105
CASE-02043,Chhattisgarh,Urban Metro,42,36.6,0.76,0,0,2.5,4,71,1,341
CASE-02044,Haryana,Railways,27,83.8,2.29,0,0,3.4,4,228,0,60
CASE-02045,Telangana,Housing,37,88.9,-0.02,1,0,1.5,2,479,1,657
CASE-02046,Maharashtra,Roads,9,62.7,1.63,0,0,20.8,1,660,0,17
CASE-02047,Karnataka,Power/Transmission,44,57.0,1.09,1,1,47.5,5,168,1,1101
CASE-02048,Andhra Pradesh,Housing,95,39.4,1.28,0,0,27.7,3,292,1,440
CASE-02049,Uttar Pradesh,Irrigation,8,43.4,1.84,0,0,39.9,3,279,0,66
CASE-02050,Madhya Pradesh,Power/Transmission,48,43.5,3.69,0,0,0.0,1,292,0,114
CASE-02051,Telangana,Railways,27,50.0,1.98,0,0,10.9,1,767,0,15
CASE-02052,Maharashtra,Power/Transmission,24,51.9,3.13,0,0,13.3,1,113,0,134
CASE-02053,Karnataka,Urban Metro,44,49.0,3.17,1,0,47.6,2,1000,1,826
CASE-02054,Odisha,Power/Transmission,41,31.9,2.42,0,0,25.7,1,42,0,142
CASE-02055,Madhya Pradesh,Housing,56,32.2,-0.71,0,0,22.8,4,243,1,394
CASE-02056,West Bengal,Irrigation,9,27.1,1.21,0,0,26.5,1,642,0,46
CASE-02057,Telangana,Irrigation,58,80.3,0.19,0,0,20.0,1,716,0,39
CASE-02058,West Bengal,Railways,31,65.9,4.94,0,0,53.4,4,610,0,37
CASE-02059,Uttar Pradesh,Power/Transmission,5,41.0,0.3,0,0,52.8,2,215,0,47
CASE-02060,Maharashtra,Urban Metro,17,76.8,-0.3,0,0,40.4,5,710,0,73
CASE-02061,Punjab,Irrigation,28,82.3,-1.0,0,0,38.7,2,751,0,133
CASE-02062,Bihar,Roads,17,66.2,0.26,0,0,15.9,3,590,0,33
CASE-02063,West Bengal,Irrigation,22,66.8,1.65,0,0,30.6,1,58,0,263
CASE-02064,Maharashtra,Power/Transmission,15,90.6,2.8,0,1,0.0,3,135,0,91
CASE-02065,Karnataka,Housing,128,71.3,0.22,0,1,17.1,2,360,0,100
CASE-02066,Punjab,Roads,39,38.3,2.91,1,0,0.3,2,549,1,497
CASE-02067,West Bengal,Roads,25,30.2,1.42,0,1,31.1,2,119,1,431
CASE-02068,Telangana,Railways,10,83.3,0.92,0,0,22.0,1,200,0,51
CASE-02069,Bihar,Roads,56,80.8,1.71,0,0,35.1,0,254,0,84
CASE-02070,West Bengal,Housing,35,11.8,3.2,0,0,33.4,0,284,1,417
CASE-02071,Odisha,Railways,11,59.0,1.56,0,0,40.4,4,366,0,256
CASE-02072,Karnataka,Irrigation,11,76.5,0.17,0,0,12.1,5,451,0,183
CASE-02073,Bihar,Roads,22,40.8,2.01,0,1,0.0,1,32,0,224
CASE-02074,Odisha,Railways,26,78.9,1.99,0,1,52.7,2,447,1,647
CASE-02075,Madhya Pradesh,Housing,38,61.6,1.27,1,0,15.4,5,483,1,686
CASE-02076,Andhra Pradesh,Railways,23,87.5,2.73,0,0,22.9,4,221,0,190
CASE-02077,Telangana,Roads,40,77.7,-1.0,0,0,39.6,4,540,0,66
CASE-02078,Uttar Pradesh,Roads,17,58.9,1.93,0,0,19.2,0,182,0,26
CASE-02079,Bihar,Housing,23,90.0,2.44,1,0,6.4,2,564,0,139
CASE-02080,Maharashtra,Housing,58,9.2,-0.24,0,0,55.3,0,295,0,237
CASE-02081,Karnataka,Roads,41,81.8,-0.28,0,0,15.3,2,148,0,234
CASE-02082,Uttar Pradesh,Irrigation,24,62.4,2.7,0,1,51.3,0,565,0,122
CASE-02083,Rajasthan,Roads,31,83.7,2.91,1,1,29.1,2,545,1,870
CASE-02084,Uttar Pradesh,Irrigation,23,59.3,3.13,0,0,38.7,4,658,0,213
CASE-02085,Rajasthan,Roads,7,70.5,0.67,0,0,38.5,1,402,1,310
CASE-02086,Bihar,Urban Metro,71,41.2,1.74,0,0,17.5,3,337,0,255
CASE-02087,Madhya Pradesh,Housing,12,53.6,1.9,1,0,32.7,4,167,0,84
CASE-02088,Madhya Pradesh,Roads,18,47.5,-0.55,1,0,53.3,1,116,1,790
CASE-02089,Gujarat,Railways,114,12.6,1.69,0,0,43.5,2,870,1,552
CASE-02090,West Bengal,Roads,10,87.8,1.67,0,0,41.1,2,58,0,100
CASE-02091,Madhya Pradesh,Railways,22,87.0,2.39,0,0,34.0,2,380,0,187
CASE-02092,Odisha,Roads,60,66.1,0.81,0,0,22.2,1,99,0,454
CASE-02093,Andhra Pradesh,Roads,81,16.1,3.0,0,1,10.9,2,386,0,79
CASE-02094,Uttar Pradesh,Housing,35,46.7,1.6,0,1,47.7,1,588,0,238
CASE-02095,Haryana,Roads,57,53.6,3.55,0,0,15.2,2,426,0,131
CASE-02096,Madhya Pradesh,Urban Metro,21,14.2,2.4,0,0,16.4,3,93,0,24
CASE-02097,Maharashtra,Roads,2,49.8,1.83,0,0,24.0,3,257,0,153
CASE-02098,West Bengal,Irrigation,53,56.5,0.08,0,0,1.8,5,385,0,162
CASE-02099,Uttar Pradesh,Railways,24,93.0,-0.08,1,0,18.2,1,106,0,79
CASE-02100,Bihar,Housing,19,78.7,3.42,0,0,12.5,2,281,0,29
CASE-02101,Gujarat,Roads,17,5.4,2.55,0,1,2.2,0,302,0,83
CASE-02102,Uttar Pradesh,Roads,40,73.9,1.16,0,1,4.9,3,165,1,599
CASE-02103,Tamil Nadu,Power/Transmission,39,51.7,1.0,0,1,23.2,1,244,0,219
CASE-02104,Punjab,Power/Transmission,24,57.8,1.77,0,1,39.0,1,483,0,95
CASE-02105,Chhattisgarh,Power/Transmission,34,63.3,-0.11,0,0,22.3,4,275,1,729
CASE-02106,Gujarat,Roads,10,96.0,0.94,0,0,7.2,3,544,0,58
CASE-02107,Gujarat,Roads,21,71.8,2.24,0,0,13.7,3,512,0,121
CASE-02108,Telangana,Urban Metro,10,76.2,2.4,1,0,28.8,0,555,1,554
CASE-02109,Madhya Pradesh,Irrigation,10,88.9,1.06,0,1,40.8,1,286,1,551
CASE-02110,Uttar Pradesh,Irrigation,31,51.2,3.42,0,0,38.0,1,446,1,312
CASE-02111,West Bengal,Roads,25,78.7,2.75,1,0,27.2,0,545,0,44
CASE-02112,Andhra Pradesh,Roads,17,36.8,0.58,0,0,46.4,1,409,1,655
CASE-02113,Uttar Pradesh,Housing,20,34.6,-0.03,0,0,15.7,2,599,0,15
CASE-02114,Chhattisgarh,Power/Transmission,33,68.3,2.21,0,0,6.0,4,47,0,96
CASE-02115,Maharashtra,Roads,40,56.1,0.96,0,0,19.4,7,822,0,265
CASE-02116,Haryana,Housing,36,89.3,0.73,1,0,42.6,3,357,1,612
CASE-02117,Bihar,Irrigation,5,42.5,1.77,1,0,34.1,1,444,1,568
CASE-02118,Maharashtra,Railways,2,43.5,2.36,1,0,40.0,5,1206,1,756
CASE-02119,Maharashtra,Railways,13,51.7,2.45,0,0,22.3,3,585,1,409
CASE-02120,Bihar,Power/Transmission,3,11.4,1.57,0,0,25.8,3,188,0,17
CASE-02121,Bihar,Railways,66,21.9,-1.0,0,0,20.5,0,563,0,63
CASE-02122,Maharashtra,Irrigation,20,56.4,2.65,0,0,10.8,1,957,0,152
CASE-02123,Bihar,Power/Transmission,8,91.2,0.53,1,0,24.3,3,399,0,149
CASE-02124,Uttar Pradesh,Roads,19,30.2,1.87,0,0,20.4,3,271,0,120
CASE-02125,Madhya Pradesh,Housing,4,62.4,1.35,0,0,16.5,1,800,1,279
CASE-02126,Madhya Pradesh,Railways,8,88.6,4.19,0,0,32.9,1,416,0,239
CASE-02127,Madhya Pradesh,Railways,18,34.0,3.97,1,1,25.7,1,161,1,920
CASE-02128,Madhya Pradesh,Power/Transmission,16,34.3,0.95,0,1,44.0,3,250,1,554
CASE-02129,Maharashtra,Irrigation,18,82.7,-0.11,0,0,10.8,1,399,0,72
CASE-02130,Maharashtra,Railways,34,56.2,-0.02,0,0,17.7,4,68,0,66
CASE-02131,Uttar Pradesh,Irrigation,47,27.1,1.83,0,0,0.0,3,614,0,196
CASE-02132,Gujarat,Urban Metro,27,54.5,0.85,0,0,8.9,1,176,0,91
CASE-02133,Telangana,Urban Metro,49,65.7,0.17,0,0,33.2,4,314,0,194
CASE-02134,Haryana,Urban Metro,16,89.9,0.87,0,0,36.0,2,623,1,453
CASE-02135,West Bengal,Roads,54,61.3,2.04,0,0,34.2,1,550,0,109
CASE-02136,Andhra Pradesh,Railways,27,27.6,1.41,0,0,43.3,0,440,1,389
CASE-02137,Madhya Pradesh,Irrigation,44,58.7,0.92,0,0,31.9,1,90,0,115
CASE-02138,Tamil Nadu,Roads,16,88.9,1.07,1,0,24.8,2,430,1,591
CASE-02139,Gujarat,Power/Transmission,26,78.1,1.31,0,0,33.9,0,182,0,344
CASE-02140,Odisha,Railways,89,69.1,1.77,0,0,12.5,3,212,0,15
CASE-02141,Haryana,Roads,26,15.9,1.84,0,0,0.0,2,506,0,26
CASE-02142,Karnataka,Roads,47,43.7,-0.48,0,0,18.0,4,141,1,519
CASE-02143,Gujarat,Roads,51,34.1,1.7,1,0,19.8,1,453,1,735
CASE-02144,Tamil Nadu,Railways,38,59.2,1.07,0,0,25.6,2,768,0,38
CASE-02145,Bihar,Irrigation,42,82.8,0.28,0,0,12.0,4,291,0,252
CASE-02146,Haryana,Irrigation,17,71.7,1.05,1,0,14.9,6,699,0,76
CASE-02147,Maharashtra,Roads,12,71.4,2.89,0,0,35.8,5,269,0,77
CASE-02148,Telangana,Roads,10,77.5,2.47,1,1,5.7,4,200,1,804
CASE-02149,Tamil Nadu,Urban Metro,33,89.6,1.62,1,0,22.5,1,217,0,480
CASE-02150,Maharashtra,Roads,25,33.3,0.42,0,0,14.7,5,526,1,479
CASE-02151,Rajasthan,Irrigation,31,38.7,-0.13,0,0,0.0,3,283,0,37
CASE-02152,Maharashtra,Irrigation,9,61.7,0.37,1,0,17.9,1,224,1,701
CASE-02153,Tamil Nadu,Irrigation,14,41.0,1.51,0,0,10.6,0,834,0,131
CASE-02154,Tamil Nadu,Urban Metro,46,61.5,1.54,0,1,17.7,5,779,1,677
CASE-02155,Chhattisgarh,Irrigation,28,55.4,0.72,0,0,25.2,3,300,0,55
CASE-02156,Odisha,Housing,27,51.0,2.55,1,0,0.0,3,271,0,153
CASE-02157,Maharashtra,Urban Metro,21,30.8,1.96,0,0,39.5,2,68,0,47
CASE-02158,Bihar,Roads,13,20.1,-1.0,0,0,69.1,0,257,0,306
CASE-02159,Karnataka,Roads,55,38.2,1.63,0,0,9.9,1,64,0,183
CASE-02160,Maharashtra,Railways,61,38.7,2.41,0,0,15.2,5,415,1,773
CASE-02161,Karnataka,Railways,26,41.0,1.74,1,0,11.7,2,61,0,49
CASE-02162,Bihar,Irrigation,22,50.7,2.2,0,0,7.8,3,295,0,192
CASE-02163,Karnataka,Roads,64,47.1,1.18,1,1,53.9,2,316,1,939
CASE-02164,Karnataka,Roads,14,26.1,1.42,0,0,19.4,2,375,1,245
CASE-02165,Odisha,Railways,17,43.4,1.45,0,0,34.5,1,1576,1,528
CASE-02166,Bihar,Power/Transmission,45,63.1,1.72,1,0,41.7,5,64,1,721
CASE-02167,Haryana,Power/Transmission,17,46.5,0.81,0,0,39.7,4,872,1,600
CASE-02168,Karnataka,Housing,25,55.2,2.81,0,0,40.8,3,712,0,112
CASE-02169,Madhya Pradesh,Roads,3,76.6,3.21,0,0,4.3,3,371,0,52
CASE-02170,West Bengal,Railways,62,84.3,0.86,0,0,37.7,1,810,0,94
CASE-02171,Karnataka,Housing,42,63.1,0.1,1,0,18.2,2,804,1,637
CASE-02172,Bihar,Power/Transmission,52,74.5,-0.11,0,0,48.7,6,585,0,15
CASE-02173,West Bengal,Irrigation,11,36.1,1.99,0,0,10.8,2,169,0,128
CASE-02174,Uttar Pradesh,Irrigation,71,82.0,2.21,0,0,6.1,3,210,0,342
CASE-02175,Madhya Pradesh,Roads,23,32.1,1.99,1,0,23.2,0,538,0,232
CASE-02176,Andhra Pradesh,Urban Metro,55,18.3,2.09,1,0,32.9,4,186,1,855
CASE-02177,Karnataka,Irrigation,32,11.7,0.82,0,0,0.0,4,146,1,335
CASE-02178,Tamil Nadu,Irrigation,43,15.0,-0.89,1,0,17.1,2,442,1,675
CASE-02179,Bihar,Irrigation,34,65.3,0.9,0,0,6.7,6,249,0,39
CASE-02180,Punjab,Railways,17,2.3,3.48,1,0,37.0,3,111,1,686
CASE-02181,Tamil Nadu,Roads,6,45.3,1.82,0,0,14.6,2,109,0,33
CASE-02182,Punjab,Power/Transmission,58,65.9,2.01,0,0,40.0,6,703,1,668
CASE-02183,Odisha,Irrigation,2,80.0,2.59,1,0,12.4,2,838,1,639
CASE-02184,Uttar Pradesh,Roads,47,20.7,0.49,1,1,27.7,2,85,0,120
CASE-02185,West Bengal,Railways,58,92.8,1.77,0,0,2.4,3,511,0,177
CASE-02186,Uttar Pradesh,Housing,7,43.2,2.11,0,0,21.5,0,841,0,29
CASE-02187,Tamil Nadu,Railways,18,19.9,0.38,1,0,6.7,1,366,1,556
CASE-02188,Andhra Pradesh,Railways,7,57.7,1.94,0,0,46.0,2,42,0,133
CASE-02189,Bihar,Irrigation,15,69.3,3.05,1,0,39.2,2,296,0,166
CASE-02190,Haryana,Urban Metro,52,40.4,1.02,1,0,26.4,1,442,0,131
CASE-02191,Maharashtra,Power/Transmission,43,28.7,-0.57,0,1,38.5,0,252,1,427
CASE-02192,Andhra Pradesh,Urban Metro,39,42.5,1.71,0,0,15.6,4,1202,0,211
CASE-02193,Gujarat,Roads,18,87.7,0.71,0,0,32.3,2,336,0,47
CASE-02194,Maharashtra,Housing,2,54.3,1.72,1,0,21.9,1,706,0,28
CASE-02195,Chhattisgarh,Urban Metro,8,51.7,0.49,1,0,30.8,0,314,1,641
CASE-02196,Tamil Nadu,Irrigation,21,75.1,1.57,0,0,25.0,3,765,0,272
CASE-02197,Maharashtra,Irrigation,10,59.1,2.97,1,0,22.3,0,129,1,685
CASE-02198,West Bengal,Roads,47,57.4,1.47,1,0,0.0,1,122,0,105
CASE-02199,Bihar,Railways,73,62.6,-0.48,1,0,13.4,1,67,0,53
CASE-02200,Rajasthan,Roads,32,49.3,1.95,0,0,50.3,2,12,1,539
CASE-02201,Maharashtra,Roads,7,75.8,1.52,1,0,21.4,1,356,0,15
CASE-02202,Punjab,Housing,60,59.1,1.76,0,0,12.4,1,120,0,196
CASE-02203,Haryana,Roads,27,37.9,2.67,0,0,23.9,2,118,1,479
CASE-02204,Uttar Pradesh,Irrigation,24,54.1,0.87,0,0,0.3,2,371,0,40
CASE-02205,Madhya Pradesh,Railways,37,78.3,1.15,0,0,16.1,3,673,0,140
CASE-02206,Andhra Pradesh,Railways,9,36.1,0.26,0,0,26.0,1,589,1,416
CASE-02207,Gujarat,Railways,18,82.8,1.73,0,0,30.6,6,86,0,59
CASE-02208,Karnataka,Railways,23,57.0,1.7,0,0,28.4,3,289,0,53
CASE-02209,Uttar Pradesh,Irrigation,30,60.4,1.19,0,0,45.9,1,124,0,160
CASE-02210,Maharashtra,Housing,32,61.7,2.4,1,0,13.1,2,335,1,585
CASE-02211,Telangana,Railways,37,82.1,0.26,0,0,0.6,2,709,0,367
CASE-02212,Karnataka,Housing,15,65.4,1.65,0,0,17.8,2,159,0,154
CASE-02213,Odisha,Power/Transmission,5,73.2,2.22,1,0,14.7,4,434,0,78
CASE-02214,West Bengal,Irrigation,21,44.2,0.85,1,1,26.0,3,660,0,60
CASE-02215,Haryana,Roads,23,49.8,-0.15,0,0,18.8,1,429,0,102
CASE-02216,Maharashtra,Roads,5,45.9,-0.53,1,0,25.3,0,632,1,646
CASE-02217,Maharashtra,Urban Metro,15,73.2,1.69,1,0,24.7,2,359,0,106
CASE-02218,Haryana,Irrigation,28,78.8,3.53,1,1,36.4,2,396,0,214
CASE-02219,Punjab,Railways,17,46.3,0.77,0,0,22.9,2,273,1,438
CASE-02220,Madhya Pradesh,Urban Metro,27,20.8,2.04,1,0,26.2,1,65,0,185
CASE-02221,Madhya Pradesh,Railways,16,63.4,-1.0,1,0,49.9,2,186,1,886
CASE-02222,Karnataka,Power/Transmission,39,79.2,1.95,0,0,0.0,1,977,0,76
CASE-02223,Karnataka,Railways,11,92.9,0.19,0,0,25.9,0,520,0,101
CASE-02224,Uttar Pradesh,Housing,25,51.4,1.03,0,1,21.4,0,201,0,183
CASE-02225,Haryana,Roads,26,70.0,1.59,0,0,23.8,2,713,0,23
CASE-02226,Bihar,Roads,46,49.2,-0.49,0,0,31.8,1,408,1,463
CASE-02227,Rajasthan,Power/Transmission,19,55.9,5.27,0,0,10.6,2,104,0,120
CASE-02228,Maharashtra,Roads,72,29.4,0.77,0,0,14.6,4,299,1,340
CASE-02229,Maharashtra,Housing,70,40.3,2.23,1,0,34.1,5,182,1,735
CASE-02230,Rajasthan,Power/Transmission,11,30.3,3.29,0,0,20.8,0,239,0,15
CASE-02231,Madhya Pradesh,Roads,24,37.2,1.85,0,1,8.7,4,546,0,77
CASE-02232,Rajasthan,Roads,8,14.8,0.03,1,0,34.9,0,45,0,78
CASE-02233,Maharashtra,Housing,35,65.1,1.62,0,1,32.6,0,189,1,502
CASE-02234,Punjab,Irrigation,16,75.8,-0.71,0,0,25.5,1,137,0,121
CASE-02235,Gujarat,Urban Metro,27,81.1,1.1,1,1,29.2,2,51,0,17
CASE-02236,Odisha,Roads,20,67.1,3.51,0,0,31.5,1,173,1,462
CASE-02237,Uttar Pradesh,Housing,125,36.1,-0.19,0,1,21.7,4,587,1,581
CASE-02238,Madhya Pradesh,Irrigation,22,60.1,0.51,0,1,27.7,1,295,0,103
CASE-02239,Madhya Pradesh,Power/Transmission,21,39.4,3.72,0,0,5.1,2,100,0,103
CASE-02240,Andhra Pradesh,Railways,48,83.1,1.29,1,0,19.9,3,695,1,770
CASE-02241,Bihar,Roads,53,87.6,0.43,0,0,37.5,1,69,0,245
CASE-02242,Maharashtra,Housing,30,19.5,1.97,0,0,56.0,3,643,0,103
CASE-02243,Madhya Pradesh,Housing,54,16.7,0.94,0,0,24.8,2,309,0,93
CASE-02244,Bihar,Railways,112,50.1,-1.0,0,0,9.4,2,293,0,75
CASE-02245,Madhya Pradesh,Housing,19,86.0,-0.13,0,0,17.7,3,864,0,46
CASE-02246,Uttar Pradesh,Roads,9,70.4,3.97,0,0,1.2,2,283,0,67
CASE-02247,Bihar,Roads,33,76.9,1.89,1,0,33.1,3,325,1,673
CASE-02248,Chhattisgarh,Roads,50,55.9,3.26,0,0,23.7,5,367,0,128
CASE-02249,Madhya Pradesh,Railways,68,37.2,0.26,0,0,8.7,3,711,1,473
CASE-02250,Madhya Pradesh,Roads,37,72.3,1.43,0,0,20.1,5,365,1,501
CASE-02251,Andhra Pradesh,Railways,25,53.3,1.3,0,0,33.6,3,198,0,41
CASE-02252,Tamil Nadu,Roads,13,13.5,0.84,0,1,23.8,2,267,0,80
CASE-02253,Madhya Pradesh,Power/Transmission,58,65.7,1.75,1,1,12.7,1,49,1,812
CASE-02254,Andhra Pradesh,Urban Metro,31,15.9,0.16,0,1,38.3,4,187,1,713
CASE-02255,Punjab,Power/Transmission,5,62.3,2.95,1,0,28.2,3,593,0,255
CASE-02256,West Bengal,Roads,88,23.8,2.06,0,0,11.5,3,83,1,392
CASE-02257,Haryana,Power/Transmission,9,69.7,1.29,1,0,23.4,0,446,1,545
CASE-02258,Tamil Nadu,Roads,51,86.8,1.66,0,0,0.0,2,58,0,26
CASE-02259,Maharashtra,Power/Transmission,29,43.6,1.14,1,1,26.9,1,338,0,73
CASE-02260,Karnataka,Irrigation,5,42.2,-0.57,1,0,64.9,4,458,1,899
CASE-02261,Rajasthan,Railways,23,63.5,0.31,1,0,39.4,1,319,1,738
CASE-02262,Telangana,Roads,19,52.7,1.28,1,0,20.4,3,813,0,15
CASE-02263,Karnataka,Urban Metro,7,64.0,1.08,0,0,26.7,0,285,0,45
CASE-02264,Maharashtra,Housing,35,91.8,2.28,0,0,31.1,2,258,1,678
CASE-02265,Andhra Pradesh,Power/Transmission,46,56.7,2.17,1,0,32.1,1,331,0,57
CASE-02266,Uttar Pradesh,Housing,24,16.4,0.83,1,0,21.2,5,484,1,796
CASE-02267,Gujarat,Housing,19,62.7,0.35,0,1,0.0,4,560,1,649
CASE-02268,West Bengal,Roads,37,28.7,2.41,0,0,17.7,2,482,0,103
CASE-02269,Gujarat,Power/Transmission,1,24.8,1.73,0,0,13.9,0,1172,1,266
CASE-02270,Odisha,Railways,17,46.2,0.75,0,0,21.4,1,326,0,42
CASE-02271,Chhattisgarh,Railways,18,88.4,0.13,0,0,11.7,1,931,0,15
CASE-02272,Chhattisgarh,Roads,25,60.2,0.69,1,1,32.0,1,199,0,62
CASE-02273,Gujarat,Housing,6,46.5,1.97,0,1,53.3,3,276,0,69
CASE-02274,Odisha,Power/Transmission,4,56.4,3.52,0,0,37.5,2,465,0,135
CASE-02275,Odisha,Roads,10,35.7,1.25,0,0,21.8,2,167,1,450
CASE-02276,Maharashtra,Railways,34,46.6,0.5,0,0,45.6,2,273,0,146
CASE-02277,Andhra Pradesh,Railways,18,23.8,4.09,1,0,37.0,1,798,0,26
CASE-02278,Uttar Pradesh,Power/Transmission,10,64.7,1.05,0,0,33.8,3,610,0,67
CASE-02279,Odisha,Housing,79,74.8,0.55,1,0,14.3,1,105,1,602
CASE-02280,Chhattisgarh,Railways,19,18.0,1.01,0,0,20.7,3,503,1,493
CASE-02281,Karnataka,Railways,25,66.2,0.95,1,0,31.6,1,259,1,728
CASE-02282,Uttar Pradesh,Irrigation,58,41.7,3.02,0,0,55.2,2,71,1,524
CASE-02283,Madhya Pradesh,Railways,28,30.2,-0.51,0,0,44.4,1,392,0,65
CASE-02284,Rajasthan,Irrigation,36,54.1,2.21,1,0,31.7,0,717,1,467
CASE-02285,Uttar Pradesh,Roads,12,56.1,1.49,0,0,25.3,1,998,0,29
CASE-02286,Maharashtra,Roads,26,45.7,0.83,0,0,34.3,3,87,0,249
CASE-02287,Haryana,Railways,73,88.5,1.1,1,0,30.9,2,14,1,671
CASE-02288,Gujarat,Urban Metro,33,29.5,1.2,0,0,45.8,5,636,1,808
CASE-02289,Uttar Pradesh,Railways,30,24.9,1.61,0,0,6.5,4,617,1,380
CASE-02290,Bihar,Roads,20,32.6,0.96,0,1,23.4,1,270,1,499
CASE-02291,Telangana,Power/Transmission,8,79.3,1.42,1,0,34.3,4,589,1,856
CASE-02292,Rajasthan,Housing,54,92.6,0.57,0,0,44.3,4,537,0,37
CASE-02293,Chhattisgarh,Railways,23,18.5,4.12,0,0,52.2,2,255,0,282
CASE-02294,Bihar,Roads,14,75.1,2.71,1,0,1.0,4,195,0,149
CASE-02295,Bihar,Power/Transmission,7,45.8,2.09,0,0,12.1,0,275,1,328
CASE-02296,Maharashtra,Railways,31,27.0,0.97,0,0,21.9,1,108,0,56
CASE-02297,Gujarat,Power/Transmission,9,86.9,2.49,0,0,4.3,3,208,0,107
CASE-02298,Maharashtra,Roads,54,72.0,1.86,0,0,47.9,2,235,0,172
CASE-02299,Maharashtra,Roads,15,77.3,1.64,0,0,24.8,1,515,1,339
CASE-02300,Gujarat,Railways,26,71.0,0.86,0,1,40.5,0,111,0,150
CASE-02301,Punjab,Power/Transmission,33,81.8,1.83,0,1,20.3,4,189,0,310
CASE-02302,Gujarat,Railways,30,28.3,3.52,1,0,29.1,2,416,1,617
CASE-02303,West Bengal,Roads,46,62.7,1.6,1,1,2.5,1,230,0,87
CASE-02304,West Bengal,Railways,16,28.6,1.18,0,1,7.0,4,100,0,221
CASE-02305,Karnataka,Power/Transmission,25,32.4,1.62,0,0,7.3,3,327,1,389
CASE-02306,Madhya Pradesh,Roads,38,45.8,1.55,0,0,0.0,1,326,0,264
CASE-02307,West Bengal,Power/Transmission,68,34.4,0.84,0,0,38.3,3,846,1,391
CASE-02308,Karnataka,Power/Transmission,44,36.5,0.61,0,0,22.7,4,54,0,174
CASE-02309,Chhattisgarh,Railways,50,6.1,2.45,1,0,38.8,2,644,1,635
CASE-02310,Haryana,Housing,19,17.1,2.95,1,1,21.2,3,138,0,144
CASE-02311,Telangana,Urban Metro,33,27.7,4.22,1,1,39.8,1,827,1,778
CASE-02312,Maharashtra,Railways,62,10.1,2.05,1,0,37.2,4,477,1,655
CASE-02313,Madhya Pradesh,Roads,24,23.3,1.64,0,0,21.1,1,1092,0,115
CASE-02314,Uttar Pradesh,Railways,33,61.6,2.58,1,0,25.9,5,289,0,29
CASE-02315,Madhya Pradesh,Roads,6,82.5,0.41,0,0,28.2,1,25,0,112
CASE-02316,Bihar,Irrigation,40,80.8,2.27,0,0,39.7,3,434,0,165
CASE-02317,Uttar Pradesh,Urban Metro,29,53.6,2.75,0,0,22.4,1,187,0,119
CASE-02318,Gujarat,Urban Metro,39,26.7,2.73,0,0,28.3,0,409,1,348
CASE-02319,West Bengal,Railways,20,63.2,3.5,0,0,0.8,1,146,0,65
CASE-02320,Haryana,Railways,4,43.6,0.78,1,0,9.7,2,307,0,227
CASE-02321,Maharashtra,Roads,42,84.8,0.91,0,0,11.9,2,354,0,49
CASE-02322,Maharashtra,Irrigation,14,39.6,1.24,1,0,30.7,0,466,1,692
CASE-02323,Karnataka,Roads,6,48.4,0.16,0,1,12.3,2,308,0,45
CASE-02324,Maharashtra,Housing,28,67.8,2.15,0,0,24.6,0,92,0,30
CASE-02325,Bihar,Urban Metro,74,62.9,2.31,0,0,20.4,3,664,0,21
CASE-02326,Telangana,Roads,12,82.4,2.17,0,0,22.9,2,88,0,50
CASE-02327,Uttar Pradesh,Power/Transmission,14,53.2,1.68,0,0,35.9,3,66,1,585
CASE-02328,Uttar Pradesh,Irrigation,43,61.0,2.71,0,0,25.4,1,217,0,130
CASE-02329,Andhra Pradesh,Urban Metro,21,26.0,2.19,1,1,19.1,3,127,1,870
CASE-02330,West Bengal,Railways,42,76.9,0.78,0,0,28.9,2,430,0,83
CASE-02331,Andhra Pradesh,Roads,20,44.2,-1.0,1,0,47.1,3,284,0,53
CASE-02332,Madhya Pradesh,Irrigation,18,87.2,1.1,0,1,23.7,4,614,0,42
CASE-02333,Tamil Nadu,Roads,13,61.1,1.55,0,0,3.6,1,455,0,29
CASE-02334,Uttar Pradesh,Irrigation,31,22.5,1.56,1,0,2.3,3,459,1,579
CASE-02335,Karnataka,Roads,13,16.9,1.28,1,0,17.8,1,179,0,61
CASE-02336,Rajasthan,Power/Transmission,17,67.5,0.86,0,1,4.9,2,157,0,227
CASE-02337,Odisha,Urban Metro,53,61.1,0.48,0,0,0.0,4,26,1,445
CASE-02338,Madhya Pradesh,Roads,96,73.8,0.26,0,0,17.6,1,525,0,258
CASE-02339,Andhra Pradesh,Railways,34,50.4,2.02,0,0,27.7,2,629,0,24
CASE-02340,Maharashtra,Power/Transmission,55,94.9,2.81,0,0,42.8,1,439,0,101
CASE-02341,Uttar Pradesh,Roads,19,74.3,-0.0,1,0,21.7,3,64,0,233
CASE-02342,Maharashtra,Irrigation,21,90.0,1.43,0,0,26.6,4,227,0,182
CASE-02343,Gujarat,Power/Transmission,29,37.4,2.45,0,1,29.7,3,116,1,608
CASE-02344,Bihar,Railways,14,69.6,1.27,0,0,23.2,1,338,1,275
CASE-02345,Gujarat,Urban Metro,18,47.7,2.36,1,1,12.0,1,67,1,734
CASE-02346,Maharashtra,Irrigation,41,33.1,2.79,1,0,54.6,1,441,0,70
CASE-02347,Odisha,Irrigation,25,28.8,1.97,0,0,7.2,1,607,0,158
CASE-02348,Odisha,Roads,22,34.7,0.91,0,0,28.2,1,92,0,237
CASE-02349,Maharashtra,Roads,22,69.1,3.08,1,0,10.3,3,171,0,330
CASE-02350,Maharashtra,Roads,10,39.1,1.18,0,0,23.7,3,17,0,281
CASE-02351,Maharashtra,Urban Metro,28,42.0,1.18,1,0,28.1,4,270,0,241
CASE-02352,Odisha,Urban Metro,14,72.4,2.12,1,0,19.0,3,361,0,121
CASE-02353,Bihar,Urban Metro,6,89.4,1.14,1,0,3.8,3,506,1,640
CASE-02354,Andhra Pradesh,Roads,9,15.3,1.23,0,0,16.8,1,202,0,121
CASE-02355,Karnataka,Irrigation,22,74.1,1.05,0,0,38.9,2,352,1,407
CASE-02356,Tamil Nadu,Power/Transmission,38,67.5,1.28,0,0,0.0,1,182,0,43
CASE-02357,West Bengal,Power/Transmission,46,47.8,1.74,1,0,46.5,3,365,0,225
CASE-02358,West Bengal,Roads,7,47.0,-0.87,0,0,23.4,3,130,0,127
CASE-02359,Telangana,Urban Metro,36,39.4,1.38,0,0,32.7,2,312,0,68
CASE-02360,Uttar Pradesh,Roads,77,92.4,-0.62,1,0,6.2,6,368,1,866
CASE-02361,Odisha,Roads,47,35.7,1.01,0,1,19.8,3,384,1,800
CASE-02362,Maharashtra,Urban Metro,27,26.4,1.91,0,0,12.0,0,210,0,117
CASE-02363,West Bengal,Railways,29,24.8,1.11,0,0,26.4,1,665,1,282
CASE-02364,Haryana,Railways,27,88.7,2.34,0,0,5.6,2,130,0,58
CASE-02365,Rajasthan,Irrigation,17,71.6,1.92,0,0,12.7,3,111,0,98
CASE-02366,Rajasthan,Housing,49,63.0,-1.0,0,0,53.0,2,201,0,265
CASE-02367,Bihar,Roads,11,54.7,2.94,0,0,31.7,1,200,0,42
CASE-02368,Karnataka,Power/Transmission,28,25.3,1.8,0,0,27.7,0,75,0,203
CASE-02369,Madhya Pradesh,Railways,5,62.1,0.82,1,0,27.5,5,204,0,396
CASE-02370,West Bengal,Roads,52,58.6,0.94,1,1,43.9,2,767,1,894
CASE-02371,West Bengal,Railways,28,75.5,-1.0,0,0,20.1,3,31,0,15
CASE-02372,Madhya Pradesh,Irrigation,7,75.3,1.76,0,0,36.0,2,29,0,52
CASE-02373,Bihar,Roads,64,31.3,2.28,0,0,0.0,0,287,0,35
CASE-02374,Bihar,Railways,23,85.8,0.68,0,0,20.2,3,116,1,453
CASE-02375,Madhya Pradesh,Irrigation,8,63.8,0.41,1,0,17.4,1,308,0,57
CASE-02376,Uttar Pradesh,Irrigation,82,69.9,1.67,0,0,14.1,2,522,0,43
CASE-02377,Odisha,Power/Transmission,20,23.1,2.93,1,0,33.1,4,551,1,1085
CASE-02378,Chhattisgarh,Urban Metro,13,45.4,2.81,0,1,20.0,1,394,1,484
CASE-02379,Uttar Pradesh,Railways,30,63.6,2.49,0,0,19.6,0,233,0,88
CASE-02380,Rajasthan,Railways,9,54.2,3.92,1,1,10.2,0,235,0,147
CASE-02381,Odisha,Railways,17,29.8,2.61,0,0,16.1,2,75,0,200
CASE-02382,Bihar,Irrigation,59,99.7,2.89,1,0,0.0,1,243,1,558
CASE-02383,Uttar Pradesh,Roads,21,45.9,1.6,0,0,17.3,2,295,0,174
CASE-02384,Maharashtra,Railways,34,40.8,1.08,0,0,0.8,1,15,0,367
CASE-02385,Maharashtra,Roads,61,82.0,2.86,0,0,45.2,4,165,0,144
CASE-02386,Gujarat,Railways,20,73.5,0.32,0,0,33.0,5,514,0,175
CASE-02387,Telangana,Housing,12,33.9,2.01,0,0,35.7,2,153,0,193
CASE-02388,Maharashtra,Irrigation,39,70.3,0.77,0,0,2.2,4,100,1,347
CASE-02389,Gujarat,Railways,8,32.5,1.91,0,0,34.6,2,1016,1,461
CASE-02390,Maharashtra,Irrigation,11,88.0,1.82,0,0,12.0,1,469,0,116
CASE-02391,Chhattisgarh,Power/Transmission,6,48.0,1.7,1,0,26.2,1,203,0,30
CASE-02392,Gujarat,Railways,58,57.3,1.48,0,0,19.2,3,180,1,571
CASE-02393,Madhya Pradesh,Railways,26,17.8,2.14,0,0,1.3,1,726,1,285
CASE-02394,Maharashtra,Power/Transmission,40,73.0,2.33,1,0,6.4,6,809,0,47
CASE-02395,Chhattisgarh,Roads,12,36.6,-0.18,0,0,31.9,1,434,0,40
CASE-02396,Telangana,Irrigation,33,56.4,1.45,0,0,31.4,3,340,1,421
CASE-02397,Bihar,Irrigation,34,67.2,1.0,1,0,1.4,0,116,0,145
CASE-02398,Uttar Pradesh,Power/Transmission,81,93.5,1.73,0,0,39.1,3,97,0,38
CASE-02399,Uttar Pradesh,Housing,38,75.8,1.0,1,0,16.3,3,504,1,784
CASE-02400,Andhra Pradesh,Power/Transmission,46,50.6,3.03,0,1,2.8,5,234,1,765
CASE-02401,Chhattisgarh,Irrigation,28,87.5,1.42,0,1,13.8,3,532,0,114
CASE-02402,Tamil Nadu,Roads,2,19.1,2.68,0,1,1.7,2,342,0,124
CASE-02403,Gujarat,Irrigation,31,7.4,0.36,0,0,11.1,5,420,0,164
CASE-02404,Haryana,Urban Metro,22,15.0,1.16,0,0,14.8,0,350,0,59
CASE-02405,Tamil Nadu,Housing,21,71.4,0.76,0,0,29.7,1,558,0,41
CASE-02406,Bihar,Urban Metro,17,56.8,1.97,1,0,34.2,4,367,0,112
CASE-02407,Andhra Pradesh,Roads,21,98.5,0.08,1,0,37.9,3,66,1,653
CASE-02408,Bihar,Power/Transmission,15,39.0,-0.55,0,0,33.8,3,471,0,15
CASE-02409,Madhya Pradesh,Urban Metro,43,77.7,0.75,1,1,0.0,1,177,0,94
CASE-02410,Punjab,Power/Transmission,10,81.1,2.17,0,0,0.3,2,703,1,325
CASE-02411,Rajasthan,Power/Transmission,74,62.0,0.53,1,0,38.5,3,332,0,71
CASE-02412,Telangana,Irrigation,40,25.2,1.82,0,0,15.0,2,715,0,67
CASE-02413,Karnataka,Irrigation,51,41.0,0.72,1,0,19.9,1,639,0,109
CASE-02414,Andhra Pradesh,Roads,11,65.8,-0.6,1,0,31.5,0,453,0,42
CASE-02415,West Bengal,Roads,16,89.8,2.52,1,0,41.4,1,394,0,53
CASE-02416,Maharashtra,Urban Metro,27,90.4,2.28,1,0,29.1,2,178,1,776
CASE-02417,Bihar,Housing,25,40.1,1.45,1,0,9.1,3,553,1,562
CASE-02418,West Bengal,Urban Metro,40,39.0,1.55,0,0,3.7,3,179,0,119
CASE-02419,Maharashtra,Railways,25,96.4,1.25,1,1,5.9,2,297,0,66
CASE-02420,Punjab,Roads,77,23.1,0.26,0,0,40.4,1,306,0,204
CASE-02421,Uttar Pradesh,Roads,11,48.8,3.07,1,1,34.9,4,310,1,981
CASE-02422,Uttar Pradesh,Urban Metro,9,40.2,1.38,0,0,22.7,2,124,0,249
CASE-02423,Gujarat,Power/Transmission,16,24.6,1.93,0,0,0.6,1,139,0,163
CASE-02424,Maharashtra,Housing,21,68.0,0.9,0,0,35.4,1,58,0,124
CASE-02425,Haryana,Railways,54,39.0,2.03,0,0,24.8,4,488,1,377
CASE-02426,Gujarat,Irrigation,33,65.9,2.87,1,0,10.5,1,135,0,79
CASE-02427,Maharashtra,Power/Transmission,2,56.2,1.7,1,0,21.2,0,162,1,697
CASE-02428,Rajasthan,Roads,2,36.4,1.93,0,0,29.6,2,228,1,394
CASE-02429,Chhattisgarh,Housing,22,72.2,2.55,0,0,15.3,2,120,0,215
CASE-02430,Gujarat,Irrigation,18,54.2,2.35,0,0,6.5,2,587,1,346
CASE-02431,Tamil Nadu,Roads,23,23.5,2.75,0,0,24.8,1,1048,0,67
CASE-02432,Gujarat,Roads,21,88.2,1.89,0,0,25.8,1,26,0,15
CASE-02433,Andhra Pradesh,Urban Metro,70,80.6,1.88,0,0,0.0,1,408,0,156
CASE-02434,Madhya Pradesh,Irrigation,48,76.5,1.79,0,1,20.9,2,81,0,185
CASE-02435,Rajasthan,Power/Transmission,16,56.1,2.54,1,0,9.4,1,348,1,567
CASE-02436,Punjab,Power/Transmission,25,79.4,0.98,1,0,29.2,3,484,1,649
CASE-02437,Andhra Pradesh,Railways,20,86.6,2.14,1,0,0.0,3,39,0,67
CASE-02438,Rajasthan,Power/Transmission,3,38.9,4.26,0,0,2.9,2,469,0,15
CASE-02439,Karnataka,Housing,17,67.6,1.93,1,0,0.0,3,840,0,77
CASE-02440,Gujarat,Roads,17,58.6,0.06,0,0,28.2,2,648,0,118
CASE-02441,Telangana,Power/Transmission,14,61.7,1.15,0,0,0.0,5,58,0,48
CASE-02442,Uttar Pradesh,Railways,17,55.1,2.24,0,0,2.1,1,948,0,41
CASE-02443,Uttar Pradesh,Railways,20,9.7,0.7,0,0,20.6,0,1020,1,331
CASE-02444,Andhra Pradesh,Railways,35,83.9,0.33,1,0,19.6,3,229,0,150
CASE-02445,West Bengal,Urban Metro,15,52.6,-0.16,1,1,31.6,0,62,1,648
CASE-02446,Andhra Pradesh,Roads,59,79.1,1.25,0,0,33.1,3,482,0,411
CASE-02447,Maharashtra,Railways,11,49.1,3.43,0,0,39.0,3,387,0,263
CASE-02448,Karnataka,Power/Transmission,52,27.5,0.86,0,1,46.2,3,641,1,637
CASE-02449,Andhra Pradesh,Roads,31,19.0,2.55,1,0,37.6,1,188,0,279
CASE-02450,Andhra Pradesh,Power/Transmission,9,39.9,1.17,0,0,27.0,1,358,0,83
CASE-02451,Rajasthan,Housing,20,83.6,1.04,0,0,25.3,1,396,0,161
CASE-02452,Gujarat,Roads,71,74.8,2.12,1,0,31.2,2,296,0,77
CASE-02453,Chhattisgarh,Roads,11,64.7,-0.34,0,0,0.0,1,203,1,339
CASE-02454,Tamil Nadu,Housing,73,50.4,3.5,0,0,19.7,4,565,1,386
CASE-02455,Chhattisgarh,Roads,35,26.4,2.14,1,1,0.0,2,86,0,169
CASE-02456,Andhra Pradesh,Roads,31,36.3,2.76,0,0,11.0,1,283,0,159
CASE-02457,Chhattisgarh,Housing,34,58.0,1.19,0,0,0.0,3,210,0,264
CASE-02458,Maharashtra,Urban Metro,19,61.0,2.1,0,0,27.8,4,691,0,150
CASE-02459,Bihar,Power/Transmission,12,56.9,2.62,0,0,31.0,4,184,0,112
CASE-02460,West Bengal,Irrigation,26,33.0,1.39,1,0,40.2,4,97,1,783
CASE-02461,Odisha,Urban Metro,32,67.7,0.45,1,0,7.5,2,654,1,563
CASE-02462,Rajasthan,Power/Transmission,36,58.0,0.37,0,0,12.1,1,383,0,46
CASE-02463,Maharashtra,Power/Transmission,35,16.5,0.99,0,0,38.2,1,712,1,500
CASE-02464,Chhattisgarh,Urban Metro,42,56.2,1.77,0,0,14.3,0,543,0,79
CASE-02465,Bihar,Power/Transmission,92,48.8,1.3,1,0,11.2,2,225,1,627
CASE-02466,Gujarat,Irrigation,30,73.4,0.91,0,0,32.7,3,273,1,449
CASE-02467,Tamil Nadu,Railways,57,8.7,2.31,0,0,29.8,2,1295,1,415
CASE-02468,Chhattisgarh,Irrigation,37,29.3,0.95,0,0,36.4,4,308,1,598
CASE-02469,Chhattisgarh,Irrigation,98,92.2,0.78,1,0,29.2,2,1285,1,774
CASE-02470,Madhya Pradesh,Railways,27,19.5,2.63,1,1,16.1,2,382,1,750
CASE-02471,Karnataka,Railways,25,27.1,2.16,0,0,42.6,2,156,0,81
CASE-02472,Odisha,Urban Metro,55,79.7,0.03,0,1,35.2,2,235,1,479
CASE-02473,Gujarat,Railways,55,47.6,-0.1,1,0,21.7,2,141,1,707
CASE-02474,West Bengal,Roads,20,61.0,0.17,0,1,35.3,3,425,1,596
CASE-02475,Madhya Pradesh,Roads,36,72.3,1.46,0,0,21.8,1,384,0,193
CASE-02476,Maharashtra,Roads,42,65.0,2.91,0,0,8.1,2,243,0,26
CASE-02477,Uttar Pradesh,Power/Transmission,41,68.8,3.24,0,0,23.7,5,160,1,481
CASE-02478,Uttar Pradesh,Railways,34,42.2,2.4,0,1,50.9,1,275,1,616
CASE-02479,Madhya Pradesh,Roads,5,76.6,3.8,1,1,37.6,4,1186,1,969
CASE-02480,Punjab,Urban Metro,41,77.3,1.74,0,0,28.2,6,55,0,223
CASE-02481,West Bengal,Roads,42,38.1,2.83,0,0,8.6,2,734,0,94
CASE-02482,Bihar,Roads,35,78.3,0.81,0,0,4.3,4,704,0,74
CASE-02483,Maharashtra,Urban Metro,19,77.6,-0.37,1,1,18.3,0,241,1,693
CASE-02484,Madhya Pradesh,Irrigation,67,65.0,1.13,0,1,12.9,0,184,1,440
CASE-02485,Tamil Nadu,Power/Transmission,12,57.6,1.35,0,0,22.3,0,334,0,126
CASE-02486,Madhya Pradesh,Urban Metro,55,66.8,4.6,0,0,24.3,1,169,0,166
CASE-02487,Tamil Nadu,Housing,11,78.0,1.5,0,0,0.7,4,191,0,148
CASE-02488,Tamil Nadu,Roads,51,55.4,0.28,0,0,9.4,3,292,0,80
CASE-02489,Maharashtra,Power/Transmission,12,69.5,2.66,0,0,16.7,2,258,1,255
CASE-02490,Chhattisgarh,Power/Transmission,49,48.2,0.59,0,0,28.5,1,498,1,419
CASE-02491,Punjab,Roads,77,28.4,1.67,1,0,29.1,2,183,0,71
CASE-02492,Karnataka,Housing,77,39.3,2.55,0,0,6.5,5,19,0,107
CASE-02493,Maharashtra,Railways,66,15.1,0.38,1,1,3.6,0,552,1,554
CASE-02494,Haryana,Urban Metro,27,64.6,3.32,0,0,7.8,3,441,0,108
CASE-02495,Haryana,Irrigation,16,27.1,2.85,0,0,33.9,0,174,0,106
CASE-02496,West Bengal,Irrigation,24,51.7,1.92,0,0,14.9,3,836,1,325
CASE-02497,Andhra Pradesh,Roads,53,29.2,3.6,0,0,23.6,2,745,1,531
CASE-02498,Uttar Pradesh,Urban Metro,41,73.0,1.04,1,1,28.3,3,106,1,768
CASE-02499,Tamil Nadu,Irrigation,104,73.1,2.45,0,0,40.4,3,719,1,501
CASE-02500,West Bengal,Roads,18,28.4,1.83,0,1,3.7,3,90,0,167
CASE-02501,Maharashtra,Roads,80,77.7,0.73,0,0,40.2,5,423,0,203
CASE-02502,Rajasthan,Power/Transmission,25,37.7,0.77,0,0,30.7,3,496,0,132
CASE-02503,Punjab,Roads,11,35.3,3.94,0,0,47.0,3,140,0,94
CASE-02504,Tamil Nadu,Irrigation,33,27.3,2.77,1,0,43.1,1,625,1,724
CASE-02505,Bihar,Power/Transmission,40,52.8,2.57,0,0,23.6,3,649,0,125
CASE-02506,Maharashtra,Roads,62,63.5,0.75,0,1,10.8,3,42,0,60
CASE-02507,Punjab,Irrigation,18,54.8,2.35,0,0,31.9,3,251,1,433
CASE-02508,Punjab,Roads,33,73.2,1.06,1,0,5.2,6,94,0,24
CASE-02509,Andhra Pradesh,Housing,27,75.6,3.54,0,0,25.2,3,352,0,125
CASE-02510,Chhattisgarh,Urban Metro,20,80.3,2.96,0,0,10.8,3,484,0,15
CASE-02511,West Bengal,Roads,75,72.9,2.6,0,0,18.4,2,699,0,238
CASE-02512,Karnataka,Irrigation,40,81.8,2.48,0,0,0.0,4,890,1,380
CASE-02513,Maharashtra,Irrigation,3,61.8,1.39,0,0,20.7,3,575,0,235
CASE-02514,Maharashtra,Housing,33,42.8,2.08,0,0,23.8,0,276,0,52
CASE-02515,Bihar,Railways,6,63.1,3.35,1,0,14.0,6,447,1,714
CASE-02516,Odisha,Irrigation,31,44.6,2.06,0,0,20.7,4,724,1,606
CASE-02517,Uttar Pradesh,Housing,7,76.6,0.49,1,0,5.7,1,270,0,44
CASE-02518,Bihar,Roads,40,87.1,3.01,0,1,33.7,3,410,0,15
CASE-02519,Andhra Pradesh,Irrigation,6,64.1,0.68,1,0,22.4,1,148,0,382
CASE-02520,Uttar Pradesh,Roads,12,72.8,1.46,0,0,55.6,0,647,0,78
CASE-02521,Uttar Pradesh,Irrigation,47,27.9,0.93,1,0,26.4,1,339,1,652
CASE-02522,Andhra Pradesh,Railways,27,33.6,-1.0,0,0,27.7,0,48,1,311
CASE-02523,Madhya Pradesh,Housing,8,37.9,1.71,0,0,15.0,2,71,0,176
CASE-02524,Chhattisgarh,Railways,72,32.3,4.11,0,0,39.9,3,188,1,557
CASE-02525,Haryana,Roads,19,89.7,1.88,0,0,15.6,0,187,0,18
CASE-02526,Uttar Pradesh,Urban Metro,22,78.5,5.06,1,0,47.9,0,44,0,93
CASE-02527,Haryana,Urban Metro,24,32.3,1.32,0,0,47.5,1,250,0,182
CASE-02528,Haryana,Power/Transmission,43,76.4,1.77,0,1,14.3,1,671,0,75
CASE-02529,Tamil Nadu,Power/Transmission,21,64.6,1.37,0,0,17.8,1,97,0,117
CASE-02530,Chhattisgarh,Roads,24,48.5,1.57,0,0,11.1,4,303,0,70
CASE-02531,Chhattisgarh,Irrigation,58,69.8,1.94,0,0,1.9,5,376,0,75
CASE-02532,Chhattisgarh,Roads,53,49.1,3.31,0,0,26.4,2,590,0,41
CASE-02533,Rajasthan,Roads,23,50.8,0.49,0,0,22.1,2,216,0,83
CASE-02534,Maharashtra,Housing,24,87.4,1.51,1,0,31.9,1,238,1,699
CASE-02535,Punjab,Power/Transmission,2,15.9,2.24,0,1,21.2,2,614,1,519
CASE-02536,Andhra Pradesh,Roads,31,85.6,3.04,1,0,35.1,3,310,0,82
CASE-02537,Tamil Nadu,Roads,48,44.0,-1.0,1,1,21.3,4,66,0,53
CASE-02538,Madhya Pradesh,Housing,20,64.6,-0.18,0,0,19.1,4,270,1,486
CASE-02539,Maharashtra,Roads,65,74.5,1.55,0,0,23.3,2,482,0,152
CASE-02540,West Bengal,Roads,6,57.8,2.84,1,0,33.4,1,103,1,753
CASE-02541,West Bengal,Roads,13,38.4,0.92,0,0,16.5,6,56,0,139
CASE-02542,Karnataka,Roads,61,63.7,2.3,1,0,35.6,4,159,1,915
CASE-02543,Madhya Pradesh,Railways,47,58.1,3.87,0,0,10.9,3,343,0,15
CASE-02544,Bihar,Housing,5,67.7,1.51,0,1,17.3,2,543,0,83
CASE-02545,West Bengal,Railways,6,61.4,1.23,1,0,0.0,2,211,0,73
CASE-02546,Madhya Pradesh,Irrigation,41,24.2,2.07,0,0,16.9,2,614,1,462
CASE-02547,Punjab,Power/Transmission,35,57.1,1.72,0,0,5.2,1,291,1,180
CASE-02548,Uttar Pradesh,Irrigation,22,78.5,1.81,0,0,30.3,1,448,0,98
CASE-02549,Madhya Pradesh,Power/Transmission,63,69.3,1.28,0,0,29.6,2,582,1,440
CASE-02550,Bihar,Power/Transmission,16,16.7,1.19,0,0,40.3,3,174,1,549
CASE-02551,Andhra Pradesh,Irrigation,3,53.9,0.29,0,0,46.9,4,233,0,57
CASE-02552,West Bengal,Irrigation,43,25.2,2.24,0,0,19.6,2,418,1,585
CASE-02553,Chhattisgarh,Power/Transmission,49,74.7,0.25,0,0,10.9,2,218,0,91
CASE-02554,Punjab,Power/Transmission,16,40.8,0.52,0,0,29.0,2,293,1,411
CASE-02555,Bihar,Power/Transmission,10,67.6,0.06,1,0,16.2,3,107,1,558
CASE-02556,Rajasthan,Roads,3,41.3,1.11,1,0,12.9,1,450,1,867
CASE-02557,Maharashtra,Power/Transmission,26,18.7,1.53,1,1,21.7,1,354,0,332
CASE-02558,Bihar,Power/Transmission,34,38.8,0.18,0,0,13.2,4,278,0,126
CASE-02559,West Bengal,Roads,52,53.1,1.18,0,0,52.9,1,130,0,67
CASE-02560,Maharashtra,Urban Metro,35,56.2,1.69,0,0,18.0,2,569,0,106
CASE-02561,Chhattisgarh,Railways,17,94.0,-0.38,1,0,21.5,1,127,0,103
CASE-02562,Rajasthan,Roads,31,75.5,0.59,0,1,34.1,0,717,0,359
CASE-02563,Gujarat,Urban Metro,54,85.8,3.67,0,0,54.8,3,75,0,199
CASE-02564,West Bengal,Roads,34,18.7,0.65,0,0,18.6,0,55,1,322
CASE-02565,Chhattisgarh,Railways,49,51.6,2.35,1,0,0.0,5,374,0,198
CASE-02566,Karnataka,Railways,10,36.5,0.89,0,1,20.9,3,95,0,27
CASE-02567,Maharashtra,Urban Metro,42,84.7,1.74,0,0,0.0,1,237,0,24
CASE-02568,Maharashtra,Railways,35,21.5,0.54,0,0,14.3,0,506,0,171
CASE-02569,Rajasthan,Power/Transmission,20,36.5,-0.78,1,0,44.5,2,89,1,852
CASE-02570,Telangana,Power/Transmission,54,16.8,0.97,0,0,10.0,4,397,1,499
CASE-02571,Maharashtra,Irrigation,91,61.3,2.03,1,0,6.3,3,423,1,813
CASE-02572,Andhra Pradesh,Housing,5,34.6,2.31,1,0,34.9,2,382,0,152
CASE-02573,Gujarat,Urban Metro,21,80.2,1.67,1,0,18.7,1,144,0,29
CASE-02574,Tamil Nadu,Railways,25,78.6,0.57,0,0,40.1,0,92,0,67
CASE-02575,Andhra Pradesh,Housing,26,46.8,2.6,1,0,17.8,4,43,1,740
CASE-02576,Chhattisgarh,Irrigation,16,70.8,0.63,0,0,31.7,6,439,0,214
CASE-02577,Rajasthan,Roads,6,57.5,0.71,0,0,0.0,2,266,0,117
CASE-02578,Odisha,Roads,22,84.3,0.32,0,0,8.0,2,599,0,15
CASE-02579,Uttar Pradesh,Irrigation,25,90.6,0.99,0,1,19.2,4,115,1,770
CASE-02580,Haryana,Roads,21,42.9,1.15,1,0,15.9,3,137,1,696
CASE-02581,Maharashtra,Irrigation,26,11.4,1.85,1,0,59.5,3,129,1,940
CASE-02582,Odisha,Railways,31,25.0,-0.12,0,0,37.2,0,227,0,25
CASE-02583,Maharashtra,Irrigation,23,31.3,0.95,0,0,36.8,3,89,0,141
CASE-02584,Uttar Pradesh,Roads,16,57.7,0.54,1,0,19.4,3,157,0,254
CASE-02585,Maharashtra,Urban Metro,26,61.4,2.01,0,0,1.1,3,263,0,116
CASE-02586,Karnataka,Railways,33,59.9,1.86,0,0,47.1,3,315,0,49
CASE-02587,Madhya Pradesh,Roads,27,51.5,0.26,0,0,0.0,2,287,1,351
CASE-02588,Uttar Pradesh,Railways,95,32.7,2.09,0,0,13.7,2,85,0,15
CASE-02589,Karnataka,Railways,35,62.4,1.44,0,0,30.6,2,295,0,88
CASE-02590,Karnataka,Irrigation,26,64.0,2.45,0,0,61.1,0,204,0,90
CASE-02591,Gujarat,Irrigation,14,11.5,0.72,1,0,48.1,2,504,1,780
CASE-02592,Haryana,Roads,14,58.9,2.21,1,0,31.3,3,625,0,127
CASE-02593,Rajasthan,Urban Metro,21,40.3,2.54,0,0,54.2,2,600,1,489
CASE-02594,Uttar Pradesh,Railways,21,91.9,1.58,0,0,14.6,2,216,1,376
CASE-02595,Bihar,Roads,21,68.1,4.02,0,0,28.8,3,214,0,170
CASE-02596,Haryana,Power/Transmission,36,93.3,2.09,0,0,43.9,0,387,0,276
CASE-02597,Maharashtra,Power/Transmission,53,83.8,3.62,0,0,1.0,3,121,0,115
CASE-02598,Karnataka,Irrigation,43,83.2,4.53,1,0,27.6,2,339,0,371
CASE-02599,Punjab,Railways,39,21.8,-0.51,0,0,28.6,2,286,1,673
CASE-02600,Punjab,Railways,13,61.7,2.88,0,0,28.2,3,622,1,387
CASE-02601,Karnataka,Irrigation,59,34.3,2.12,0,0,6.3,5,257,0,20
CASE-02602,Rajasthan,Roads,14,39.8,1.79,0,0,28.5,0,326,0,62
CASE-02603,Karnataka,Roads,32,56.5,0.71,0,0,26.4,1,531,0,84
CASE-02604,Gujarat,Housing,38,76.4,0.43,1,0,13.8,3,260,0,33
CASE-02605,Maharashtra,Power/Transmission,60,79.5,0.24,0,0,33.7,1,149,0,60
CASE-02606,Uttar Pradesh,Railways,84,57.0,4.17,0,0,42.3,3,390,0,229
CASE-02607,Chhattisgarh,Roads,20,56.2,2.08,1,0,11.5,2,107,0,172
CASE-02608,Bihar,Power/Transmission,30,51.0,-0.13,0,0,29.4,0,309,0,110
CASE-02609,Rajasthan,Roads,56,89.0,0.24,0,0,42.7,2,158,0,60
CASE-02610,Madhya Pradesh,Roads,89,70.9,-0.93,0,0,43.0,1,58,0,177
CASE-02611,Haryana,Roads,22,37.6,2.93,0,1,19.7,5,372,0,130
CASE-02612,Tamil Nadu,Power/Transmission,13,49.0,1.55,1,0,38.1,2,290,1,771
CASE-02613,West Bengal,Irrigation,8,41.7,2.11,1,0,18.4,3,660,0,22
CASE-02614,Tamil Nadu,Roads,5,26.8,1.5,0,0,34.3,3,70,1,400
CASE-02615,Bihar,Roads,15,39.2,2.64,0,0,10.9,1,134,0,291
CASE-02616,West Bengal,Irrigation,49,62.5,1.02,0,0,0.0,3,582,1,323
CASE-02617,Uttar Pradesh,Irrigation,51,70.0,1.85,0,1,30.0,2,634,0,187
CASE-02618,Odisha,Power/Transmission,35,67.2,1.83,0,1,35.2,2,430,1,626
CASE-02619,Tamil Nadu,Roads,21,64.9,0.11,0,0,32.6,0,242,1,290
CASE-02620,Haryana,Power/Transmission,36,52.8,0.63,0,0,9.7,2,509,0,89
CASE-02621,Odisha,Housing,28,65.8,1.14,0,0,0.0,4,204,0,115
CASE-02622,Punjab,Irrigation,22,65.7,1.89,0,0,35.1,3,17,1,644
CASE-02623,Bihar,Roads,33,62.9,3.17,1,0,43.9,1,619,1,548
CASE-02624,Punjab,Power/Transmission,20,73.1,1.64,1,0,0.0,0,191,0,90
CASE-02625,Andhra Pradesh,Railways,33,95.5,1.39,1,0,17.4,3,1138,0,170
CASE-02626,Karnataka,Roads,37,22.6,1.87,0,1,8.0,3,95,1,542
CASE-02627,Andhra Pradesh,Railways,44,70.6,1.31,0,1,25.7,2,600,0,33
CASE-02628,Madhya Pradesh,Urban Metro,6,83.8,1.47,0,0,42.1,5,313,0,15
CASE-02629,Bihar,Railways,59,80.8,3.32,0,0,18.5,2,543,0,105
CASE-02630,Bihar,Urban Metro,25,9.4,1.23,1,1,14.4,2,147,1,771
CASE-02631,Maharashtra,Irrigation,84,73.4,1.81,0,1,27.9,0,1017,1,626
CASE-02632,West Bengal,Irrigation,49,38.1,0.73,0,0,0.0,1,879,1,217
CASE-02633,Haryana,Roads,14,41.7,3.01,0,0,34.6,4,196,0,43
CASE-02634,Chhattisgarh,Irrigation,40,66.8,0.41,0,0,37.9,4,213,0,273
CASE-02635,West Bengal,Roads,56,62.9,1.41,1,0,22.1,3,325,0,132
CASE-02636,Karnataka,Railways,23,50.9,2.68,0,0,15.4,4,125,0,77
CASE-02637,West Bengal,Roads,13,28.3,0.46,1,1,17.8,4,143,1,868
CASE-02638,Uttar Pradesh,Railways,11,86.0,2.54,0,0,17.8,1,559,1,460
CASE-02639,Tamil Nadu,Irrigation,8,68.0,-0.96,0,1,21.1,2,17,1,455
CASE-02640,Uttar Pradesh,Roads,4,28.9,0.19,0,0,0.0,5,128,0,157
CASE-02641,Gujarat,Roads,25,59.2,1.39,0,0,28.2,4,768,1,614
CASE-02642,Gujarat,Housing,11,20.6,4.39,0,0,16.5,1,690,0,309
CASE-02643,Andhra Pradesh,Roads,16,73.4,1.67,0,0,22.3,0,248,0,394
CASE-02644,Odisha,Railways,86,75.8,1.7,0,1,13.3,2,48,0,135
CASE-02645,Bihar,Railways,37,29.7,2.88,1,0,27.7,4,655,1,709
CASE-02646,Haryana,Railways,13,16.3,0.2,0,0,41.9,0,177,1,467
CASE-02647,Gujarat,Power/Transmission,112,62.5,-1.0,0,1,25.1,2,484,1,599
CASE-02648,Tamil Nadu,Roads,33,66.0,3.58,0,0,0.0,3,394,0,56
CASE-02649,Rajasthan,Railways,106,63.6,2.23,1,0,22.1,4,484,1,797
CASE-02650,Odisha,Irrigation,73,17.9,0.97,1,0,25.1,1,432,1,627
CASE-02651,Telangana,Railways,34,84.3,1.57,0,0,21.2,1,453,0,27
CASE-02652,Karnataka,Housing,25,69.3,2.76,0,0,10.5,3,320,1,418
CASE-02653,Tamil Nadu,Housing,48,89.4,1.34,0,0,21.3,0,450,0,118
CASE-02654,Gujarat,Roads,32,58.6,1.67,0,0,34.6,0,399,0,72
CASE-02655,Karnataka,Railways,19,40.8,3.94,1,1,17.6,1,225,1,818
CASE-02656,Haryana,Roads,18,49.1,0.01,0,0,42.7,2,10,0,34
CASE-02657,Karnataka,Roads,54,74.7,2.12,0,0,12.2,3,120,0,44
CASE-02658,Andhra Pradesh,Railways,13,23.2,0.03,1,0,6.5,4,43,1,760
CASE-02659,Maharashtra,Irrigation,53,65.3,3.38,0,0,18.5,2,403,1,309
CASE-02660,Bihar,Railways,28,83.7,1.85,0,0,0.0,2,163,0,73
CASE-02661,Odisha,Roads,7,39.1,0.68,1,0,21.9,1,86,0,128
CASE-02662,Karnataka,Roads,56,53.5,-0.3,0,0,17.0,3,176,0,131
CASE-02663,Karnataka,Housing,13,83.4,1.08,0,0,32.3,5,184,0,36
CASE-02664,Bihar,Housing,15,75.9,1.72,0,0,0.0,3,234,0,220
CASE-02665,West Bengal,Roads,23,8.9,2.89,0,0,33.5,3,336,0,144
CASE-02666,Tamil Nadu,Power/Transmission,26,23.0,0.19,0,0,24.3,3,286,1,597
CASE-02667,Haryana,Railways,34,22.3,0.51,0,0,45.8,0,357,1,368
CASE-02668,Maharashtra,Power/Transmission,54,73.0,0.9,0,0,19.5,4,395,0,209
CASE-02669,Andhra Pradesh,Irrigation,53,93.4,0.57,1,0,27.1,0,22,0,145
CASE-02670,West Bengal,Urban Metro,18,39.8,0.88,1,0,31.5,2,892,1,702
CASE-02671,Chhattisgarh,Roads,18,79.1,0.37,0,0,0.0,4,343,0,215
CASE-02672,Karnataka,Railways,50,34.4,2.0,0,1,38.7,6,910,1,721
CASE-02673,Karnataka,Housing,12,50.0,0.92,1,0,20.1,1,138,0,28
CASE-02674,West Bengal,Roads,28,76.0,1.51,0,0,2.9,3,1560,1,351
CASE-02675,Andhra Pradesh,Roads,69,49.3,1.87,1,1,20.9,2,145,1,797
CASE-02676,West Bengal,Power/Transmission,20,73.0,-0.16,0,1,39.6,2,107,0,327
CASE-02677,West Bengal,Power/Transmission,8,46.5,2.21,0,0,16.9,2,146,0,295
CASE-02678,Tamil Nadu,Power/Transmission,13,64.1,1.75,0,0,23.6,0,139,0,308
CASE-02679,Gujarat,Power/Transmission,14,67.6,1.75,1,0,0.0,1,130,0,389
CASE-02680,Madhya Pradesh,Power/Transmission,13,74.2,1.34,0,0,9.2,4,178,0,208
CASE-02681,Tamil Nadu,Roads,23,23.7,1.18,1,1,32.6,0,292,1,751
CASE-02682,Odisha,Irrigation,104,46.6,1.56,1,0,37.9,3,129,0,47
CASE-02683,Uttar Pradesh,Power/Transmission,39,41.4,1.61,0,0,25.2,1,293,1,309
CASE-02684,Andhra Pradesh,Urban Metro,24,66.1,0.08,0,0,30.8,2,198,0,354
CASE-02685,Bihar,Roads,26,58.7,3.39,1,0,16.0,5,53,1,653
CASE-02686,Gujarat,Roads,16,89.7,0.67,0,0,22.3,0,271,0,90
CASE-02687,Bihar,Power/Transmission,26,92.5,1.58,1,0,6.1,5,30,1,774
CASE-02688,Rajasthan,Roads,67,74.6,2.9,0,0,14.6,4,122,1,363
CASE-02689,Bihar,Roads,29,41.6,1.09,0,1,21.6,3,144,1,479
CASE-02690,West Bengal,Urban Metro,53,43.3,1.78,1,1,0.0,1,400,1,715
CASE-02691,Punjab,Irrigation,48,71.7,-1.0,0,0,57.9,3,646,1,626
CASE-02692,Madhya Pradesh,Railways,101,56.5,-0.88,0,0,11.4,2,96,0,80
CASE-02693,Odisha,Roads,48,80.2,1.47,0,0,25.2,1,27,0,116
CASE-02694,Telangana,Roads,97,36.2,1.73,0,0,3.2,3,200,1,478
CASE-02695,Odisha,Power/Transmission,56,46.3,2.83,0,0,0.0,1,205,0,192
CASE-02696,Uttar Pradesh,Railways,34,22.2,2.46,0,1,47.7,1,451,1,564
CASE-02697,Tamil Nadu,Roads,15,41.3,-0.41,1,0,22.8,3,1009,1,728
CASE-02698,Maharashtra,Railways,53,69.8,3.02,0,0,0.0,1,279,0,150
CASE-02699,Karnataka,Roads,56,50.3,0.07,0,0,6.6,1,972,0,117
CASE-02700,Odisha,Roads,57,7.9,2.54,0,0,53.0,2,177,1,633
CASE-02701,Rajasthan,Roads,2,39.7,0.96,0,1,29.2,4,482,1,708
CASE-02702,Andhra Pradesh,Irrigation,19,65.6,4.76,0,0,0.0,2,193,0,73
CASE-02703,Madhya Pradesh,Roads,39,55.4,0.79,1,1,14.3,1,652,1,661
CASE-02704,Tamil Nadu,Railways,21,15.4,1.41,0,0,19.3,3,96,0,42
CASE-02705,Rajasthan,Railways,18,28.5,1.69,1,0,29.9,3,379,1,862
CASE-02706,West Bengal,Railways,16,90.2,1.21,0,0,21.9,2,494,0,30
CASE-02707,Haryana,Roads,7,8.9,0.3,0,0,0.0,4,145,0,97
CASE-02708,Bihar,Roads,37,15.6,4.14,0,1,12.5,4,404,1,585
CASE-02709,Uttar Pradesh,Roads,17,16.5,0.77,1,0,8.4,3,83,0,17
CASE-02710,Chhattisgarh,Railways,20,68.5,0.72,0,0,33.2,1,792,1,349
CASE-02711,Telangana,Power/Transmission,24,27.3,1.37,0,0,13.9,0,283,0,46
CASE-02712,Bihar,Roads,42,55.4,1.73,0,0,13.7,0,232,0,342
CASE-02713,Bihar,Power/Transmission,34,11.8,0.68,0,0,18.1,1,506,0,243
CASE-02714,Uttar Pradesh,Power/Transmission,32,29.4,2.64,0,0,9.1,2,396,0,140
CASE-02715,Odisha,Roads,3,39.6,1.68,1,0,44.6,2,219,1,781
CASE-02716,Bihar,Roads,54,18.5,1.52,1,1,38.8,3,620,1,842
CASE-02717,West Bengal,Roads,81,42.1,2.17,0,0,39.5,2,82,0,62
CASE-02718,Telangana,Roads,32,79.1,0.48,1,0,3.5,2,420,0,89
CASE-02719,Maharashtra,Irrigation,11,46.3,0.8,0,0,27.3,1,50,0,83
CASE-02720,Andhra Pradesh,Roads,18,39.2,1.47,1,0,33.8,3,107,1,657
CASE-02721,West Bengal,Urban Metro,12,42.5,2.62,0,0,6.6,4,422,1,562
CASE-02722,Tamil Nadu,Railways,75,93.0,1.21,0,0,4.4,1,130,0,39
CASE-02723,Madhya Pradesh,Power/Transmission,20,73.9,1.12,0,0,7.1,1,514,0,28
CASE-02724,Karnataka,Power/Transmission,33,41.7,-1.0,1,0,0.1,2,635,0,25
CASE-02725,Uttar Pradesh,Irrigation,24,78.2,0.67,0,0,37.7,2,267,0,20
CASE-02726,Gujarat,Housing,40,77.1,-0.48,0,0,36.3,4,693,0,118
CASE-02727,Tamil Nadu,Housing,14,40.0,-0.18,0,1,17.1,2,198,1,605
CASE-02728,Uttar Pradesh,Railways,32,57.6,1.94,0,0,21.0,3,632,0,144
CASE-02729,Karnataka,Roads,20,74.5,5.48,0,0,11.8,1,342,0,103
CASE-02730,Haryana,Railways,58,49.6,1.73,0,0,56.7,5,392,1,550
CASE-02731,Maharashtra,Roads,3,69.3,1.9,1,1,15.5,3,264,0,48
CASE-02732,Bihar,Irrigation,22,30.5,0.59,0,0,14.1,1,328,0,169
CASE-02733,Andhra Pradesh,Railways,55,64.6,0.24,0,0,20.1,3,174,0,40
CASE-02734,Madhya Pradesh,Railways,50,73.7,3.97,0,1,2.3,0,1021,0,47
CASE-02735,Bihar,Power/Transmission,7,38.3,0.53,1,1,26.0,3,270,1,1027
CASE-02736,West Bengal,Roads,47,24.2,-0.9,0,0,43.4,6,15,1,526
CASE-02737,Uttar Pradesh,Irrigation,13,72.6,1.79,0,0,19.4,3,150,0,29
CASE-02738,West Bengal,Railways,16,19.8,0.98,0,0,34.0,6,417,1,603
CASE-02739,Rajasthan,Power/Transmission,53,37.4,2.22,0,0,0.0,4,298,0,144
CASE-02740,Andhra Pradesh,Irrigation,21,78.1,3.38,1,0,7.7,0,427,0,46
CASE-02741,Maharashtra,Roads,7,32.3,1.94,0,0,23.5,1,499,0,216
CASE-02742,Odisha,Power/Transmission,10,15.0,1.77,0,0,0.0,3,1346,0,48
CASE-02743,Uttar Pradesh,Roads,28,71.7,2.29,0,0,26.9,2,455,0,157
CASE-02744,Gujarat,Power/Transmission,21,28.0,4.75,0,0,17.4,3,390,0,42
CASE-02745,Madhya Pradesh,Irrigation,20,47.6,4.23,0,0,26.4,0,430,0,234
CASE-02746,Tamil Nadu,Railways,40,90.2,1.12,1,0,18.5,2,691,1,727
CASE-02747,Uttar Pradesh,Power/Transmission,35,30.2,2.64,0,1,19.5,1,357,0,112
CASE-02748,Uttar Pradesh,Urban Metro,22,39.3,3.64,0,1,0.0,1,335,0,260
CASE-02749,West Bengal,Power/Transmission,51,49.5,2.33,0,1,5.6,1,408,0,302
CASE-02750,Maharashtra,Irrigation,40,22.9,1.42,0,0,29.6,3,171,0,196
CASE-02751,Bihar,Power/Transmission,33,36.9,0.9,0,1,0.8,1,607,1,628
CASE-02752,Gujarat,Railways,18,73.1,1.62,1,1,7.3,1,321,0,58
CASE-02753,Odisha,Power/Transmission,57,40.9,0.13,0,0,15.4,1,380,0,52
CASE-02754,Maharashtra,Urban Metro,20,73.6,2.57,1,0,16.8,1,56,0,111
CASE-02755,Haryana,Roads,22,62.7,3.17,0,0,32.7,2,90,0,92
CASE-02756,Tamil Nadu,Roads,76,76.4,1.02,0,1,25.4,0,683,0,45
CASE-02757,Odisha,Roads,13,66.5,0.96,0,0,12.1,0,60,0,37
CASE-02758,Rajasthan,Roads,13,31.2,0.23,0,1,0.0,3,366,1,612
CASE-02759,Rajasthan,Railways,22,63.5,2.06,0,0,67.9,4,305,0,320
CASE-02760,West Bengal,Roads,11,62.4,1.49,1,0,22.6,4,163,1,732
CASE-02761,Rajasthan,Irrigation,11,26.6,-0.23,0,0,35.7,3,322,1,500
CASE-02762,Haryana,Roads,75,49.8,5.0,1,1,0.0,2,145,0,230
CASE-02763,Maharashtra,Roads,22,30.3,-0.63,0,0,16.4,2,200,0,247
CASE-02764,Madhya Pradesh,Power/Transmission,34,70.6,-0.23,0,0,15.9,2,263,0,54
CASE-02765,Maharashtra,Railways,8,80.8,2.63,0,0,15.0,4,1091,0,51
CASE-02766,Punjab,Railways,12,60.7,2.29,0,0,33.7,5,225,0,19
CASE-02767,Karnataka,Power/Transmission,81,61.9,0.64,0,1,18.0,3,520,1,632
CASE-02768,Rajasthan,Housing,11,14.3,0.57,0,0,15.6,1,1494,0,87
CASE-02769,Odisha,Irrigation,35,41.6,2.05,0,0,21.8,0,700,0,145
CASE-02770,Telangana,Roads,2,84.9,1.95,0,1,22.4,1,73,0,91
CASE-02771,Uttar Pradesh,Roads,7,55.5,0.66,0,0,3.8,3,127,0,194
CASE-02772,Tamil Nadu,Housing,22,32.3,2.69,1,0,36.9,4,691,0,16
CASE-02773,Haryana,Power/Transmission,50,36.6,2.19,0,0,13.3,2,24,0,198
CASE-02774,Maharashtra,Power/Transmission,27,19.7,3.1,0,0,20.5,1,63,0,121
CASE-02775,Gujarat,Power/Transmission,23,72.4,1.44,0,1,44.5,6,688,1,684
CASE-02776,Madhya Pradesh,Roads,42,79.5,2.47,1,1,65.6,5,431,1,981
CASE-02777,Chhattisgarh,Railways,32,74.6,1.23,0,0,29.0,0,21,0,137
CASE-02778,West Bengal,Power/Transmission,6,45.5,2.15,1,0,0.0,2,170,0,160
CASE-02779,Bihar,Urban Metro,26,46.1,1.93,1,0,17.7,1,304,1,519
CASE-02780,Uttar Pradesh,Roads,19,73.8,2.52,0,0,47.7,2,210,0,76
CASE-02781,Maharashtra,Irrigation,23,68.7,2.12,0,1,18.5,2,486,0,28
CASE-02782,Maharashtra,Roads,18,85.6,-0.77,0,0,34.5,1,680,1,489
CASE-02783,Chhattisgarh,Housing,26,91.8,0.75,0,0,34.3,2,223,1,375
CASE-02784,Madhya Pradesh,Roads,36,41.1,1.6,0,0,11.4,2,99,0,25
CASE-02785,Uttar Pradesh,Power/Transmission,9,36.2,2.06,0,0,50.4,1,144,0,74
CASE-02786,Rajasthan,Roads,15,55.1,2.49,1,0,28.4,1,405,0,65
CASE-02787,Rajasthan,Irrigation,41,55.7,2.16,0,0,21.6,6,645,1,642
CASE-02788,Andhra Pradesh,Power/Transmission,45,46.9,0.65,0,1,19.5,3,281,0,289
CASE-02789,Punjab,Railways,68,46.5,2.6,0,1,4.4,2,784,1,566
CASE-02790,Madhya Pradesh,Urban Metro,28,75.2,0.53,0,0,10.2,2,304,0,156
CASE-02791,Odisha,Urban Metro,15,82.7,3.02,1,0,6.7,3,72,0,109
CASE-02792,Maharashtra,Urban Metro,15,77.4,3.1,0,0,56.1,1,354,0,136
CASE-02793,Gujarat,Railways,27,80.8,1.49,1,0,37.6,2,1067,1,550
CASE-02794,Telangana,Power/Transmission,12,62.1,0.72,0,0,6.9,1,387,0,299
CASE-02795,Odisha,Irrigation,64,19.2,0.66,1,0,49.6,2,516,1,839
CASE-02796,Andhra Pradesh,Irrigation,18,33.7,0.19,0,1,42.5,1,62,1,538
CASE-02797,Chhattisgarh,Railways,59,11.2,0.39,1,0,12.4,3,363,0,90
CASE-02798,Madhya Pradesh,Irrigation,11,55.4,1.28,0,0,30.0,2,208,0,67
CASE-02799,Rajasthan,Roads,23,61.4,0.83,0,0,11.8,2,420,0,135
CASE-02800,Tamil Nadu,Railways,20,22.1,-0.43,0,0,37.4,5,106,1,778
CASE-02801,Telangana,Roads,8,16.7,0.92,0,0,29.4,2,943,0,320
CASE-02802,West Bengal,Roads,21,70.0,1.61,0,0,15.6,2,399,0,97
CASE-02803,Maharashtra,Roads,31,56.6,1.09,0,0,3.4,3,411,0,155
CASE-02804,Chhattisgarh,Roads,3,42.4,0.43,0,0,21.0,3,740,0,86
CASE-02805,Maharashtra,Power/Transmission,38,89.1,-1.0,0,1,29.4,1,396,1,487
CASE-02806,Bihar,Irrigation,33,42.9,2.87,0,1,41.5,2,72,1,522
CASE-02807,Madhya Pradesh,Roads,26,35.5,1.45,1,0,31.4,3,41,1,919
CASE-02808,Gujarat,Power/Transmission,44,47.0,1.88,0,1,35.9,5,1302,1,705
CASE-02809,Uttar Pradesh,Urban Metro,46,5.9,1.72,1,0,10.7,4,395,0,191
CASE-02810,Uttar Pradesh,Urban Metro,128,14.7,2.1,0,1,0.0,5,270,1,580
CASE-02811,Maharashtra,Urban Metro,7,98.3,1.79,0,0,0.0,1,246,0,69
CASE-02812,Odisha,Housing,71,63.5,1.62,0,0,17.6,3,169,0,74
CASE-02813,Rajasthan,Irrigation,52,88.3,2.42,1,0,10.4,1,426,0,99
CASE-02814,Maharashtra,Housing,33,90.2,2.67,0,0,20.2,1,321,0,51
CASE-02815,Maharashtra,Housing,11,95.2,3.16,0,0,33.0,1,266,0,97
CASE-02816,Andhra Pradesh,Railways,19,95.9,0.5,1,1,31.4,3,131,0,54
CASE-02817,Bihar,Urban Metro,17,51.5,1.8,0,0,0.0,2,330,0,144
CASE-02818,Chhattisgarh,Power/Transmission,24,44.0,-0.43,0,1,60.7,3,268,1,784
CASE-02819,Karnataka,Power/Transmission,43,33.9,0.92,0,1,27.9,2,456,1,616
CASE-02820,Haryana,Urban Metro,62,82.7,1.26,0,0,26.3,3,207,0,258
CASE-02821,Bihar,Railways,85,70.9,2.39,0,0,19.8,3,161,0,194
CASE-02822,Rajasthan,Railways,19,30.1,1.36,0,0,17.8,0,168,0,68
CASE-02823,Maharashtra,Irrigation,30,43.1,2.31,1,0,38.5,4,120,1,913
CASE-02824,Punjab,Power/Transmission,13,58.0,1.09,1,0,7.4,1,63,1,471
CASE-02825,Telangana,Urban Metro,53,80.7,0.81,0,0,26.6,0,234,0,168
CASE-02826,Gujarat,Urban Metro,35,61.8,0.54,0,0,44.7,3,88,1,379
CASE-02827,West Bengal,Power/Transmission,22,68.7,2.33,1,0,24.8,1,728,0,126
CASE-02828,Uttar Pradesh,Housing,7,96.3,1.05,0,1,29.7,2,476,0,104
CASE-02829,Tamil Nadu,Roads,30,57.9,-1.0,0,1,0.9,2,169,0,94
CASE-02830,Gujarat,Housing,32,45.8,2.26,0,0,34.4,3,382,1,766
CASE-02831,Bihar,Roads,5,29.8,0.38,0,0,27.5,2,485,1,488
CASE-02832,Karnataka,Irrigation,9,82.3,1.73,0,1,20.5,1,214,0,194
CASE-02833,West Bengal,Roads,29,70.6,0.15,0,0,32.8,2,162,0,31
CASE-02834,Tamil Nadu,Irrigation,80,89.1,1.52,0,1,4.8,2,21,0,105
CASE-02835,Rajasthan,Railways,57,76.5,-1.0,1,0,49.0,2,546,0,35
CASE-02836,Chhattisgarh,Roads,23,84.7,1.46,0,0,65.4,4,167,1,551
CASE-02837,Chhattisgarh,Irrigation,20,45.0,0.45,0,0,13.0,1,526,0,16
CASE-02838,Bihar,Power/Transmission,15,42.0,-0.02,1,0,39.6,5,287,0,129
CASE-02839,Madhya Pradesh,Roads,14,78.4,2.42,1,1,19.8,3,333,0,110
CASE-02840,Maharashtra,Power/Transmission,21,78.8,1.36,0,0,3.5,1,170,0,156
CASE-02841,Tamil Nadu,Roads,96,91.6,1.21,0,1,41.5,1,319,0,181
CASE-02842,Karnataka,Roads,20,67.3,0.63,0,0,17.7,0,308,0,125
CASE-02843,Karnataka,Roads,26,30.3,2.57,0,1,31.2,4,91,0,181
CASE-02844,Bihar,Irrigation,9,32.4,0.98,1,0,50.7,6,126,1,1084
CASE-02845,Uttar Pradesh,Power/Transmission,39,79.2,3.29,0,0,29.9,4,228,0,90
CASE-02846,Andhra Pradesh,Irrigation,26,38.9,2.98,0,1,25.1,2,864,1,606
CASE-02847,Bihar,Urban Metro,19,48.4,3.21,0,1,7.6,5,76,0,68
CASE-02848,Maharashtra,Irrigation,12,29.5,2.66,1,1,7.7,2,49,1,1031
CASE-02849,Gujarat,Power/Transmission,14,83.5,0.77,1,0,20.0,2,113,0,282
CASE-02850,Madhya Pradesh,Housing,18,69.9,1.56,0,0,16.3,2,731,1,536
CASE-02851,Madhya Pradesh,Railways,19,78.0,1.26,0,0,32.2,2,45,0,150
CASE-02852,Karnataka,Roads,11,34.4,2.51,0,0,5.7,4,306,1,436
CASE-02853,Tamil Nadu,Roads,24,87.1,1.49,0,1,10.4,4,77,1,569
CASE-02854,Madhya Pradesh,Irrigation,31,94.4,1.21,0,0,19.7,2,280,0,233
CASE-02855,Gujarat,Irrigation,44,74.1,3.49,0,0,23.4,2,664,0,15
CASE-02856,Punjab,Roads,77,72.3,1.11,0,0,22.9,1,255,0,85
CASE-02857,Rajasthan,Urban Metro,5,49.7,0.75,0,0,19.1,3,538,0,105
CASE-02858,Karnataka,Housing,34,60.4,1.02,1,0,10.2,3,199,0,38
CASE-02859,Gujarat,Roads,21,39.1,2.79,0,0,30.7,1,76,0,197
CASE-02860,Karnataka,Roads,4,49.8,1.73,0,0,39.7,3,753,0,27
CASE-02861,Karnataka,Roads,16,63.0,2.05,0,0,26.7,3,413,0,71
CASE-02862,West Bengal,Railways,41,22.9,1.78,0,0,13.3,1,383,1,379
CASE-02863,Madhya Pradesh,Urban Metro,37,57.4,-1.0,0,0,0.0,4,253,0,24
CASE-02864,Maharashtra,Irrigation,28,60.2,0.22,0,0,46.9,2,534,0,73
CASE-02865,Karnataka,Roads,15,73.0,1.17,1,0,19.4,2,276,1,595
CASE-02866,Uttar Pradesh,Railways,64,69.6,1.88,0,0,41.8,3,64,0,236
CASE-02867,Karnataka,Roads,10,41.1,0.32,1,0,46.6,4,246,1,875
CASE-02868,Andhra Pradesh,Railways,19,48.4,0.28,1,0,34.1,3,486,0,110
CASE-02869,Punjab,Railways,22,37.4,1.13,0,0,36.3,1,401,0,102
CASE-02870,Maharashtra,Irrigation,25,24.0,3.09,1,0,35.1,1,59,0,74
CASE-02871,Chhattisgarh,Irrigation,107,74.6,-1.0,0,0,18.7,1,52,0,51
CASE-02872,Karnataka,Urban Metro,73,23.7,-1.0,0,0,4.8,3,322,1,398
CASE-02873,Maharashtra,Roads,37,34.5,3.58,1,0,34.0,2,270,1,757
CASE-02874,Bihar,Power/Transmission,26,57.9,-0.34,0,0,0.0,0,181,0,88
CASE-02875,Maharashtra,Roads,26,30.8,1.01,0,0,16.1,4,617,1,496
CASE-02876,Uttar Pradesh,Railways,43,53.0,-0.3,0,0,12.4,1,281,0,165
CASE-02877,Bihar,Urban Metro,56,55.8,1.14,1,1,30.6,2,328,1,814
CASE-02878,Karnataka,Power/Transmission,10,30.5,1.34,1,1,25.5,1,98,0,126
CASE-02879,West Bengal,Roads,77,59.0,3.43,0,0,12.4,1,410,0,141
CASE-02880,Maharashtra,Railways,35,79.8,2.36,0,0,15.7,3,238,0,34
CASE-02881,Uttar Pradesh,Power/Transmission,17,52.7,-0.04,0,1,51.4,1,145,1,775
CASE-02882,Maharashtra,Housing,24,74.8,-0.79,1,0,10.2,5,410,0,139
CASE-02883,Andhra Pradesh,Irrigation,37,50.2,2.1,0,0,19.3,0,600,0,53
CASE-02884,Madhya Pradesh,Roads,38,88.1,0.88,0,0,30.7,4,161,0,124
CASE-02885,Andhra Pradesh,Railways,12,53.9,0.63,1,0,23.1,2,382,0,119
CASE-02886,Bihar,Roads,25,91.8,2.92,0,1,31.1,1,199,0,303
CASE-02887,Maharashtra,Roads,30,95.1,-0.61,0,0,38.5,4,339,0,214
CASE-02888,Punjab,Irrigation,56,51.1,1.06,0,1,43.6,4,68,0,345
CASE-02889,Maharashtra,Power/Transmission,60,90.8,2.26,1,0,22.7,0,71,0,322
CASE-02890,Uttar Pradesh,Roads,9,37.8,0.08,0,0,28.1,3,350,0,31
CASE-02891,Uttar Pradesh,Power/Transmission,27,41.9,3.06,0,1,25.2,1,140,0,47
CASE-02892,Telangana,Power/Transmission,16,31.5,0.29,0,0,8.6,2,402,1,401
CASE-02893,Chhattisgarh,Power/Transmission,36,35.3,1.42,0,0,24.9,2,282,1,511
CASE-02894,Chhattisgarh,Roads,104,50.4,0.67,0,0,0.0,2,107,1,274
CASE-02895,Telangana,Railways,52,88.7,-1.0,0,0,27.6,3,254,0,59
CASE-02896,Maharashtra,Roads,38,85.7,1.0,0,0,0.0,4,231,0,197
CASE-02897,Telangana,Roads,46,14.1,2.45,0,0,7.2,3,470,0,307
CASE-02898,Uttar Pradesh,Railways,69,56.5,0.26,0,1,34.8,4,318,1,963
CASE-02899,Chhattisgarh,Railways,49,24.7,0.75,0,0,29.0,2,208,0,177
CASE-02900,Karnataka,Roads,11,59.5,0.88,0,0,21.7,0,383,0,90
CASE-02901,Madhya Pradesh,Roads,81,34.2,2.14,1,0,15.2,3,434,1,791
CASE-02902,Punjab,Urban Metro,29,50.7,1.07,1,0,9.0,1,97,1,766
CASE-02903,Uttar Pradesh,Power/Transmission,35,64.9,1.53,0,0,13.4,5,343,0,146
CASE-02904,Telangana,Railways,60,81.7,1.54,0,0,32.3,1,58,0,127
CASE-02905,Madhya Pradesh,Housing,101,14.8,0.87,0,0,18.2,1,111,0,102
CASE-02906,Chhattisgarh,Roads,19,58.5,3.53,0,0,0.0,1,199,0,21
CASE-02907,Punjab,Railways,58,62.2,0.27,1,0,3.5,1,17,1,614
CASE-02908,Maharashtra,Urban Metro,18,58.8,2.34,0,1,9.8,0,590,0,28
CASE-02909,Haryana,Railways,33,68.0,3.03,0,0,18.0,2,447,1,451
CASE-02910,Andhra Pradesh,Roads,8,46.2,1.33,0,0,17.6,4,338,1,437
CASE-02911,Rajasthan,Railways,18,93.8,1.57,0,0,6.2,4,84,0,102
CASE-02912,Uttar Pradesh,Irrigation,32,31.5,2.14,0,0,31.2,2,624,0,28
CASE-02913,Andhra Pradesh,Irrigation,40,71.7,1.05,1,0,0.0,1,509,0,162
CASE-02914,Rajasthan,Railways,38,87.1,-0.78,1,1,10.8,3,204,0,82
CASE-02915,Karnataka,Railways,53,45.6,1.2,0,1,33.8,2,198,1,492
CASE-02916,Uttar Pradesh,Roads,21,25.1,3.47,0,0,30.1,2,443,0,115
CASE-02917,Bihar,Irrigation,25,48.0,2.18,0,0,18.0,4,206,0,142
CASE-02918,Odisha,Roads,26,36.3,1.59,0,0,36.1,3,40,0,15
CASE-02919,Maharashtra,Urban Metro,22,64.3,2.41,0,0,25.9,1,660,0,63
CASE-02920,Rajasthan,Power/Transmission,13,51.4,1.33,1,0,23.1,2,255,0,136
CASE-02921,Telangana,Railways,29,60.1,1.54,1,0,31.0,2,297,0,175
CASE-02922,Maharashtra,Power/Transmission,47,79.4,0.98,0,0,28.1,4,144,0,47
CASE-02923,Uttar Pradesh,Roads,35,78.1,2.07,1,0,42.0,1,404,0,61
CASE-02924,Rajasthan,Railways,20,85.1,0.86,0,0,17.9,2,321,0,197
CASE-02925,Maharashtra,Railways,30,74.5,1.12,1,0,18.4,2,299,0,81
CASE-02926,Andhra Pradesh,Railways,19,90.6,2.55,1,1,25.0,1,200,0,125
CASE-02927,Rajasthan,Power/Transmission,41,72.1,1.27,0,0,22.3,0,214,0,22
CASE-02928,Andhra Pradesh,Housing,49,58.5,2.18,0,0,49.9,1,262,0,227
CASE-02929,Madhya Pradesh,Railways,49,34.4,2.28,0,0,29.9,2,641,0,33
CASE-02930,Rajasthan,Railways,23,95.0,1.41,0,0,11.2,2,649,0,60
CASE-02931,Chhattisgarh,Irrigation,19,72.1,1.08,1,0,0.0,6,124,1,749
CASE-02932,Uttar Pradesh,Roads,53,49.8,-0.08,1,1,45.6,3,1088,1,931
CASE-02933,Andhra Pradesh,Roads,22,46.2,0.18,0,0,16.4,2,398,0,119
CASE-02934,Haryana,Housing,29,35.0,2.23,0,1,27.0,2,441,1,715
CASE-02935,Rajasthan,Urban Metro,34,55.4,2.21,0,0,21.7,1,241,0,147
CASE-02936,West Bengal,Housing,28,40.5,0.31,0,0,34.1,0,286,0,65
CASE-02937,Madhya Pradesh,Roads,45,38.8,1.98,0,0,13.7,2,572,0,58
CASE-02938,Maharashtra,Roads,9,34.3,1.76,0,0,23.8,3,514,1,591
CASE-02939,Bihar,Railways,38,32.8,2.62,0,0,13.8,5,153,0,41
CASE-02940,Maharashtra,Housing,15,38.8,4.1,1,0,63.7,2,228,1,825
CASE-02941,Telangana,Roads,20,66.3,2.19,0,0,10.7,1,164,0,209
CASE-02942,Bihar,Roads,31,43.3,0.67,0,0,30.4,1,67,0,127
CASE-02943,Tamil Nadu,Roads,7,63.7,2.39,0,0,64.7,1,398,0,168
CASE-02944,Uttar Pradesh,Power/Transmission,24,97.0,0.25,0,0,38.5,1,239,0,270
CASE-02945,Bihar,Power/Transmission,21,52.1,4.17,0,0,21.7,1,477,0,47
CASE-02946,Karnataka,Power/Transmission,25,44.5,0.03,0,0,24.5,3,392,0,37
CASE-02947,Madhya Pradesh,Roads,21,37.9,2.03,1,0,9.8,3,143,0,78
CASE-02948,Tamil Nadu,Power/Transmission,29,56.3,1.5,0,0,47.2,1,614,1,457
CASE-02949,Punjab,Railways,18,12.7,1.0,0,1,18.6,3,192,0,47
CASE-02950,Odisha,Roads,27,92.0,0.93,0,0,20.9,3,725,0,185
CASE-02951,Uttar Pradesh,Roads,31,55.8,3.13,0,0,8.8,1,231,0,15
CASE-02952,Tamil Nadu,Irrigation,54,71.2,2.18,0,0,17.3,2,174,0,147
CASE-02953,Uttar Pradesh,Railways,62,87.0,1.32,0,1,23.0,2,176,0,18
CASE-02954,Haryana,Housing,9,60.0,3.58,0,0,38.3,1,411,0,110
CASE-02955,West Bengal,Railways,57,37.3,1.36,0,0,26.0,1,318,0,359
CASE-02956,Madhya Pradesh,Railways,13,11.9,2.38,0,0,38.4,0,210,0,169
CASE-02957,Uttar Pradesh,Power/Transmission,27,63.0,-0.11,0,0,0.0,0,320,0,259
CASE-02958,Maharashtra,Power/Transmission,7,17.0,-0.04,0,1,43.0,1,805,1,561
CASE-02959,Bihar,Roads,4,37.0,2.35,0,0,1.9,2,425,1,422
CASE-02960,Haryana,Irrigation,100,64.6,1.87,0,1,33.5,0,103,0,160
CASE-02961,Tamil Nadu,Roads,28,45.5,4.08,0,0,0.0,2,200,0,25
CASE-02962,Punjab,Railways,23,43.3,0.65,0,0,23.0,3,424,1,349
CASE-02963,Maharashtra,Power/Transmission,34,81.2,2.31,0,0,36.2,5,113,0,24
CASE-02964,Chhattisgarh,Irrigation,24,76.0,1.21,0,0,9.4,5,765,0,314
CASE-02965,Bihar,Railways,48,85.0,2.52,0,0,22.5,1,602,0,243
CASE-02966,Andhra Pradesh,Roads,33,11.4,2.42,0,0,35.9,3,235,0,92
CASE-02967,Madhya Pradesh,Irrigation,43,21.8,1.47,1,0,33.0,1,557,1,647
CASE-02968,Bihar,Railways,15,77.6,0.61,0,0,0.0,0,1431,0,57
CASE-02969,Andhra Pradesh,Urban Metro,8,48.3,1.09,0,1,37.0,0,330,0,64
CASE-02970,Uttar Pradesh,Irrigation,52,79.5,0.16,1,0,47.6,1,357,0,15
CASE-02971,West Bengal,Urban Metro,35,60.1,1.94,0,0,40.2,2,107,0,20
CASE-02972,Rajasthan,Railways,11,31.1,-1.0,1,0,3.5,3,158,1,535
CASE-02973,Uttar Pradesh,Urban Metro,11,58.4,0.8,0,0,5.7,2,174,0,241
CASE-02974,Punjab,Roads,30,9.3,2.58,1,0,23.1,6,340,1,941
CASE-02975,West Bengal,Roads,41,62.7,2.56,1,0,30.8,3,294,1,659
CASE-02976,Tamil Nadu,Roads,13,85.8,-0.43,0,0,35.1,3,678,0,326
CASE-02977,Rajasthan,Roads,71,64.7,2.2,1,1,10.1,1,377,1,848
CASE-02978,Gujarat,Urban Metro,44,70.5,0.13,0,0,20.9,1,402,0,361
CASE-02979,Gujarat,Power/Transmission,54,24.9,1.05,1,0,9.7,1,532,1,679
CASE-02980,Odisha,Irrigation,29,28.1,2.42,0,0,6.9,0,357,0,33
CASE-02981,Chhattisgarh,Irrigation,28,4.3,0.33,0,0,28.1,2,86,1,481
CASE-02982,Bihar,Irrigation,10,84.6,3.21,0,1,20.9,3,1232,1,660
CASE-02983,Maharashtra,Irrigation,15,98.2,1.81,0,0,28.8,0,96,0,101
CASE-02984,Chhattisgarh,Urban Metro,25,24.2,2.06,0,0,13.4,4,177,0,32
CASE-02985,Maharashtra,Irrigation,36,69.5,2.79,0,1,32.0,3,158,0,92
CASE-02986,Bihar,Power/Transmission,31,36.9,2.57,0,0,5.1,2,31,0,162
CASE-02987,Maharashtra,Roads,5,37.6,2.46,0,0,15.2,3,662,0,140
CASE-02988,Andhra Pradesh,Housing,13,32.6,0.71,1,0,5.4,2,97,1,615
CASE-02989,Uttar Pradesh,Roads,33,14.2,0.17,1,1,26.3,0,91,1,1057
CASE-02990,Chhattisgarh,Railways,36,14.1,1.16,0,1,49.2,2,453,0,83
CASE-02991,Tamil Nadu,Urban Metro,20,68.8,2.07,1,0,27.5,2,519,0,61
CASE-02992,Tamil Nadu,Roads,42,41.3,-0.04,0,1,20.5,4,106,1,614
CASE-02993,Bihar,Roads,41,67.6,2.2,0,1,19.0,0,175,0,48
CASE-02994,Andhra Pradesh,Railways,96,73.8,1.95,0,0,13.3,0,434,0,102
CASE-02995,Andhra Pradesh,Railways,28,32.2,1.28,0,0,38.6,3,283,0,73
CASE-02996,West Bengal,Housing,20,46.0,1.57,0,0,28.2,3,230,0,222
CASE-02997,Rajasthan,Urban Metro,13,76.0,1.58,1,0,0.0,1,83,0,86
CASE-02998,Uttar Pradesh,Railways,9,89.8,2.03,0,0,38.3,0,406,0,107
CASE-02999,Telangana,Housing,40,62.9,2.4,0,0,8.9,4,663,0,75
CASE-03000,Maharashtra,Irrigation,37,82.6,4.95,1,0,12.2,1,866,1,480
CASE-03001,Tamil Nadu,Urban Metro,10,59.5,1.7,0,0,28.0,2,653,0,106
CASE-03002,Chhattisgarh,Roads,40,33.9,0.73,0,0,13.0,0,138,0,236
CASE-03003,Bihar,Railways,30,42.9,-0.79,0,0,55.6,2,218,0,155
CASE-03004,Gujarat,Roads,22,30.4,-0.19,0,0,18.4,0,226,0,76
CASE-03005,Maharashtra,Roads,5,45.5,0.59,0,0,31.5,3,556,0,276
CASE-03006,Tamil Nadu,Power/Transmission,37,72.1,2.33,1,0,0.0,2,704,0,191
CASE-03007,Andhra Pradesh,Roads,78,28.8,1.03,0,0,12.8,2,121,0,244
CASE-03008,Maharashtra,Irrigation,15,69.5,1.99,1,1,20.0,2,662,1,842
CASE-03009,Maharashtra,Power/Transmission,31,52.0,0.62,0,0,37.0,0,183,0,291
CASE-03010,Gujarat,Roads,39,66.5,2.05,0,1,5.9,2,310,0,16
CASE-03011,Bihar,Railways,3,87.8,2.55,0,1,40.0,0,808,0,68
CASE-03012,Haryana,Power/Transmission,13,58.0,1.02,0,0,23.9,1,104,0,63
CASE-03013,Gujarat,Urban Metro,8,81.7,2.02,0,0,26.9,3,548,1,357
CASE-03014,Rajasthan,Roads,77,30.9,0.97,1,0,10.8,1,198,0,106
CASE-03015,Bihar,Housing,3,11.5,0.02,0,0,7.5,5,385,0,131
CASE-03016,Rajasthan,Urban Metro,22,44.7,2.16,1,0,0.0,4,225,1,720
CASE-03017,Punjab,Power/Transmission,33,72.7,2.0,0,0,26.5,1,68,0,20
CASE-03018,Maharashtra,Railways,15,25.6,2.21,0,0,31.4,0,371,0,327
CASE-03019,Madhya Pradesh,Power/Transmission,3,48.4,2.65,0,0,16.6,3,157,1,468
CASE-03020,Bihar,Urban Metro,23,35.9,1.2,0,0,0.0,0,68,0,90
CASE-03021,Karnataka,Railways,14,67.2,1.29,1,0,13.7,2,41,1,598
CASE-03022,Gujarat,Housing,36,53.8,1.16,1,0,27.6,5,419,1,952
CASE-03023,West Bengal,Urban Metro,45,49.6,1.91,0,0,24.8,2,21,0,253
CASE-03024,Andhra Pradesh,Railways,10,35.1,1.33,0,0,32.1,1,351,0,45
CASE-03025,Madhya Pradesh,Power/Transmission,16,7.5,1.65,0,0,0.0,1,133,0,128
CASE-03026,Uttar Pradesh,Irrigation,16,50.0,0.64,0,0,15.9,0,413,0,265
CASE-03027,Bihar,Power/Transmission,44,62.6,0.27,1,0,20.5,2,67,1,616
CASE-03028,Odisha,Urban Metro,28,31.6,0.41,0,0,31.5,2,115,0,174
CASE-03029,Chhattisgarh,Roads,10,94.0,2.0,0,1,12.9,2,292,0,180
CASE-03030,Madhya Pradesh,Roads,54,43.0,1.45,1,0,30.0,1,307,0,91
CASE-03031,Tamil Nadu,Railways,15,41.7,0.91,0,0,7.8,2,102,1,217
CASE-03032,Maharashtra,Urban Metro,18,21.9,2.3,0,0,25.3,1,416,0,98
CASE-03033,Bihar,Railways,12,58.7,3.25,0,1,17.6,2,199,0,41
CASE-03034,Bihar,Urban Metro,30,92.4,0.91,0,0,16.7,5,322,0,56
CASE-03035,Telangana,Railways,20,28.8,0.2,0,1,58.2,5,494,1,688
CASE-03036,Rajasthan,Roads,65,59.2,2.63,1,0,17.0,3,279,1,629
CASE-03037,Chhattisgarh,Urban Metro,28,47.3,1.52,0,1,15.7,1,365,1,574
CASE-03038,Maharashtra,Irrigation,13,29.8,1.28,1,1,0.6,2,284,0,115
CASE-03039,Uttar Pradesh,Railways,26,52.9,2.72,0,0,36.9,1,408,0,131
CASE-03040,Chhattisgarh,Roads,71,85.5,1.18,1,0,13.8,0,12,0,122
CASE-03041,Madhya Pradesh,Roads,9,50.4,1.98,1,1,21.5,3,276,0,273
CASE-03042,Haryana,Roads,37,60.8,1.69,0,0,9.3,2,595,0,15
CASE-03043,Gujarat,Railways,5,80.1,5.39,0,0,28.2,4,333,0,68
CASE-03044,Karnataka,Irrigation,62,24.8,1.34,0,0,36.0,3,139,1,504
CASE-03045,Gujarat,Railways,18,43.4,2.62,0,1,41.6,1,336,0,42
CASE-03046,Telangana,Roads,13,47.3,1.2,1,1,20.3,2,421,1,924
CASE-03047,West Bengal,Roads,68,59.6,2.04,0,0,13.1,0,390,0,28
CASE-03048,Chhattisgarh,Railways,25,65.6,1.26,1,0,12.1,1,145,0,27
CASE-03049,Haryana,Housing,26,69.4,2.45,0,0,22.3,1,250,0,168
CASE-03050,Bihar,Railways,19,43.8,1.39,1,0,25.8,2,408,1,817
CASE-03051,Haryana,Roads,19,48.5,2.1,0,0,30.2,0,253,0,110
CASE-03052,Maharashtra,Irrigation,4,29.7,0.59,0,0,9.3,0,992,1,303
CASE-03053,Chhattisgarh,Urban Metro,37,56.8,0.54,0,0,24.0,0,428,0,71
CASE-03054,Tamil Nadu,Power/Transmission,8,70.7,-0.76,1,0,6.7,4,291,0,31
CASE-03055,Chhattisgarh,Urban Metro,49,46.0,1.94,0,0,20.1,4,256,1,391
CASE-03056,West Bengal,Housing,11,39.3,0.72,0,0,42.9,3,119,0,75
CASE-03057,Chhattisgarh,Irrigation,27,56.5,4.13,1,0,18.6,1,216,1,695
CASE-03058,Uttar Pradesh,Housing,16,95.1,0.93,1,0,8.7,3,527,1,716
CASE-03059,Uttar Pradesh,Roads,19,50.5,3.0,0,0,27.3,1,390,0,87
CASE-03060,Bihar,Urban Metro,21,37.6,2.87,0,0,35.4,4,478,1,704
CASE-03061,Chhattisgarh,Urban Metro,33,24.6,1.2,1,0,10.5,0,167,0,43
CASE-03062,Karnataka,Urban Metro,67,89.6,0.62,0,0,1.7,5,425,0,140
CASE-03063,Bihar,Railways,18,30.9,1.34,1,0,9.8,4,246,0,177
CASE-03064,Haryana,Power/Transmission,3,50.4,2.86,0,0,15.4,3,108,0,116
CASE-03065,Madhya Pradesh,Roads,58,48.8,4.24,0,0,44.8,3,646,1,498
CASE-03066,Karnataka,Irrigation,41,31.3,0.02,1,0,0.9,1,393,1,644
CASE-03067,Karnataka,Railways,10,42.8,1.52,1,1,0.0,1,449,1,708
CASE-03068,Uttar Pradesh,Irrigation,9,43.3,0.77,0,0,26.1,3,57,1,370
CASE-03069,Gujarat,Power/Transmission,34,72.1,1.07,0,0,11.3,1,131,0,110
CASE-03070,Karnataka,Railways,30,9.1,3.55,1,0,7.1,1,119,0,170
CASE-03071,Maharashtra,Roads,78,56.7,0.58,0,1,31.7,1,153,1,601
CASE-03072,Punjab,Railways,37,90.6,-0.43,0,0,23.4,1,628,0,88
CASE-03073,Tamil Nadu,Power/Transmission,15,60.2,1.74,0,0,37.1,3,128,1,424
CASE-03074,Gujarat,Power/Transmission,13,46.0,1.96,0,0,33.0,2,372,0,191
CASE-03075,Odisha,Power/Transmission,27,69.9,0.99,0,0,3.9,3,353,0,73
CASE-03076,Haryana,Roads,4,54.2,0.68,1,0,0.0,4,153,1,711
CASE-03077,Madhya Pradesh,Urban Metro,6,58.0,1.69,1,0,38.8,2,669,1,766
CASE-03078,Chhattisgarh,Power/Transmission,9,67.7,-0.12,0,0,20.1,2,266,0,65
CASE-03079,Chhattisgarh,Roads,15,85.8,2.01,0,0,67.2,5,554,1,584
CASE-03080,Bihar,Railways,25,45.1,1.08,0,0,36.5,6,228,1,560
CASE-03081,Bihar,Railways,39,42.6,3.16,0,0,42.6,5,170,0,231
CASE-03082,Maharashtra,Railways,60,88.2,1.88,1,0,7.8,7,51,1,743
CASE-03083,Rajasthan,Roads,52,26.2,1.32,0,0,20.7,0,317,0,103
CASE-03084,Tamil Nadu,Roads,47,80.8,1.22,0,0,34.1,1,716,1,350
CASE-03085,Gujarat,Roads,18,12.0,-0.82,0,0,20.7,1,417,1,492
CASE-03086,Madhya Pradesh,Roads,13,20.1,1.35,1,0,22.8,5,411,1,879
CASE-03087,Uttar Pradesh,Roads,33,40.5,1.26,1,0,25.7,4,572,1,754
CASE-03088,Karnataka,Urban Metro,35,9.9,1.56,0,0,11.1,3,401,0,100
CASE-03089,Andhra Pradesh,Irrigation,10,26.6,1.27,1,0,8.7,4,122,0,261
CASE-03090,Haryana,Railways,21,66.2,3.21,0,0,19.3,2,225,0,35
CASE-03091,Odisha,Power/Transmission,12,38.7,1.18,1,1,15.8,1,409,0,72
CASE-03092,Haryana,Irrigation,6,73.1,0.49,1,0,8.8,1,644,0,133
CASE-03093,Odisha,Roads,32,54.9,-0.5,1,0,20.1,3,291,1,652
CASE-03094,Punjab,Roads,46,67.4,0.96,0,0,2.4,3,488,0,216
CASE-03095,West Bengal,Roads,73,37.3,0.24,1,0,33.4,2,158,1,772
CASE-03096,Maharashtra,Irrigation,23,66.5,-0.06,1,0,30.8,0,931,1,528
CASE-03097,Maharashtra,Railways,5,49.3,1.13,1,0,32.3,2,423,1,682
CASE-03098,Karnataka,Railways,82,54.3,2.87,1,0,9.4,3,370,1,682
CASE-03099,Bihar,Irrigation,87,19.8,2.62,1,1,7.5,2,406,1,927
CASE-03100,Uttar Pradesh,Housing,140,65.9,-0.04,0,0,41.8,0,1283,1,366
CASE-03101,Punjab,Railways,105,26.5,1.54,0,0,19.1,4,122,1,508
CASE-03102,Uttar Pradesh,Irrigation,30,71.3,2.01,0,1,30.6,0,109,0,36
CASE-03103,Punjab,Railways,26,60.0,2.2,0,0,4.7,4,231,0,89
CASE-03104,Gujarat,Power/Transmission,43,66.7,3.42,0,0,17.7,1,90,0,166
CASE-03105,Chhattisgarh,Power/Transmission,7,39.9,0.1,0,0,39.9,3,33,1,429
CASE-03106,Rajasthan,Power/Transmission,14,69.9,0.44,0,0,24.0,3,486,0,94
CASE-03107,Madhya Pradesh,Roads,23,67.3,0.7,1,0,18.3,1,407,0,329
CASE-03108,Chhattisgarh,Railways,54,93.0,1.94,1,0,30.5,1,611,0,74
CASE-03109,Uttar Pradesh,Urban Metro,55,79.2,-1.0,1,0,26.7,1,51,0,114
CASE-03110,Punjab,Railways,24,58.1,1.23,0,0,53.3,1,608,1,538
CASE-03111,Bihar,Housing,8,56.0,-0.64,1,0,22.6,3,266,0,92
CASE-03112,Bihar,Railways,46,74.7,1.5,1,0,31.7,1,423,1,755
CASE-03113,Gujarat,Railways,7,40.4,3.98,1,0,20.0,5,616,0,163
CASE-03114,Rajasthan,Railways,16,26.6,2.58,0,0,7.2,3,539,0,125
CASE-03115,Karnataka,Railways,30,91.3,0.03,1,0,28.3,4,552,0,103
CASE-03116,Chhattisgarh,Urban Metro,7,61.1,1.0,0,0,0.0,3,416,0,135
CASE-03117,Uttar Pradesh,Roads,14,36.6,0.43,0,0,36.8,1,578,1,375
CASE-03118,Rajasthan,Irrigation,51,52.7,3.05,0,0,2.2,1,130,0,62
CASE-03119,Bihar,Irrigation,43,62.0,-1.0,1,0,8.7,1,73,0,64
CASE-03120,Bihar,Urban Metro,9,50.2,0.97,1,0,7.5,1,62,0,63
CASE-03121,Uttar Pradesh,Irrigation,33,82.1,0.66,1,0,31.3,0,634,0,189
CASE-03122,Madhya Pradesh,Housing,5,41.3,0.09,0,0,5.2,3,53,0,276
CASE-03123,Madhya Pradesh,Urban Metro,40,87.2,3.49,0,0,29.6,2,423,0,152
CASE-03124,Karnataka,Railways,15,11.2,-0.38,1,0,11.9,4,69,1,955
CASE-03125,Uttar Pradesh,Urban Metro,22,25.8,0.07,1,0,20.2,2,581,0,100
CASE-03126,Uttar Pradesh,Housing,27,92.1,3.41,1,0,13.9,2,72,0,26
CASE-03127,Andhra Pradesh,Roads,9,82.9,1.38,1,0,56.9,2,47,0,191
CASE-03128,Uttar Pradesh,Irrigation,14,31.7,1.29,0,0,0.0,0,75,0,113
CASE-03129,Rajasthan,Roads,75,42.3,0.75,0,0,29.3,1,62,0,175
CASE-03130,Punjab,Irrigation,20,31.2,1.5,0,1,21.9,2,163,0,301
CASE-03131,Karnataka,Roads,29,65.2,0.99,0,0,10.3,5,419,1,523
CASE-03132,Haryana,Power/Transmission,29,36.8,0.62,0,0,27.9,0,873,0,215
CASE-03133,Maharashtra,Railways,61,28.5,-0.18,0,0,7.6,3,128,1,345
CASE-03134,Maharashtra,Irrigation,45,55.0,1.55,0,0,5.9,1,173,0,155
CASE-03135,Gujarat,Roads,10,42.7,0.78,1,0,4.8,2,762,1,729
CASE-03136,Gujarat,Power/Transmission,66,43.7,0.94,0,0,23.2,2,281,1,466
CASE-03137,Odisha,Railways,83,81.0,2.29,1,0,13.0,1,788,0,202
CASE-03138,Maharashtra,Irrigation,10,28.8,0.89,0,0,9.0,0,114,0,63
CASE-03139,Tamil Nadu,Railways,19,65.6,1.37,1,1,27.1,3,236,0,127
CASE-03140,Madhya Pradesh,Roads,23,94.3,3.51,0,0,38.2,2,88,0,197
CASE-03141,Bihar,Railways,20,47.1,1.96,0,0,0.7,1,234,0,193
CASE-03142,Uttar Pradesh,Housing,40,25.3,0.85,1,1,27.0,0,256,1,870
CASE-03143,Telangana,Roads,22,72.0,0.18,0,0,29.9,2,311,0,195
CASE-03144,Maharashtra,Power/Transmission,17,56.5,1.34,0,1,41.1,3,507,0,119
CASE-03145,Tamil Nadu,Roads,41,78.2,2.45,1,1,17.7,2,729,1,949
CASE-03146,Chhattisgarh,Power/Transmission,4,95.5,0.79,0,0,45.2,2,91,0,138
CASE-03147,Gujarat,Roads,30,35.1,1.45,0,1,30.8,5,370,1,470
CASE-03148,Gujarat,Railways,37,85.4,0.76,0,0,0.0,0,540,0,37
CASE-03149,Odisha,Railways,63,41.7,1.01,0,0,26.5,3,237,0,48
CASE-03150,Uttar Pradesh,Roads,27,53.5,-0.03,0,0,21.7,1,84,1,465
CASE-03151,Maharashtra,Railways,5,34.7,1.75,1,0,36.8,2,554,1,650
CASE-03152,Chhattisgarh,Railways,28,50.8,1.6,0,0,39.7,1,184,0,156
CASE-03153,Madhya Pradesh,Irrigation,5,87.7,3.2,0,0,7.4,5,753,1,458
CASE-03154,Uttar Pradesh,Housing,34,70.5,1.55,0,0,35.6,0,62,0,113
CASE-03155,Uttar Pradesh,Railways,56,49.2,0.57,0,0,20.1,2,408,0,54
CASE-03156,Madhya Pradesh,Urban Metro,24,34.2,3.16,1,0,11.4,4,824,1,686
CASE-03157,Maharashtra,Railways,22,58.0,1.86,1,0,43.7,2,123,1,875
CASE-03158,Maharashtra,Roads,44,22.6,1.65,1,0,14.9,2,449,1,677
CASE-03159,Haryana,Roads,33,17.0,1.4,0,0,22.5,2,89,0,23
CASE-03160,Madhya Pradesh,Railways,42,14.4,1.6,0,0,20.9,2,174,0,20
CASE-03161,Telangana,Railways,103,71.4,0.38,0,0,29.7,3,238,1,473
CASE-03162,Punjab,Urban Metro,18,88.0,1.32,0,0,41.8,1,359,0,44
CASE-03163,Uttar Pradesh,Power/Transmission,36,22.7,1.15,0,0,46.1,6,464,1,644
CASE-03164,Gujarat,Irrigation,67,42.9,1.84,0,1,35.6,1,137,0,55
CASE-03165,Chhattisgarh,Railways,68,40.1,2.75,1,0,0.0,5,67,1,819
CASE-03166,Rajasthan,Railways,38,80.8,2.57,1,0,43.9,2,523,1,775
CASE-03167,Maharashtra,Irrigation,21,75.9,2.03,0,0,31.0,1,147,0,97
CASE-03168,Uttar Pradesh,Roads,42,53.1,-0.65,0,0,38.5,3,803,1,747
CASE-03169,Maharashtra,Roads,42,83.0,0.89,1,0,17.5,1,142,0,113
CASE-03170,Chhattisgarh,Railways,47,88.2,-0.77,0,1,21.8,3,48,1,398
CASE-03171,Telangana,Roads,10,43.1,2.71,0,0,36.2,1,571,0,76
CASE-03172,Rajasthan,Power/Transmission,82,64.8,1.27,1,0,52.2,4,267,1,831
CASE-03173,Gujarat,Roads,67,41.7,1.24,1,0,24.9,4,803,1,681
CASE-03174,Telangana,Roads,25,72.3,0.59,1,0,3.3,2,347,0,253
CASE-03175,Rajasthan,Urban Metro,63,57.1,2.93,1,0,31.0,2,233,1,722
CASE-03176,Maharashtra,Housing,24,16.2,1.54,1,0,19.2,3,796,1,750
CASE-03177,Odisha,Railways,73,46.9,1.28,0,0,6.2,1,357,1,403
CASE-03178,Madhya Pradesh,Railways,28,25.0,1.57,0,0,20.0,1,246,0,281
CASE-03179,Maharashtra,Power/Transmission,12,87.5,1.66,0,0,29.2,4,242,0,77
CASE-03180,West Bengal,Roads,94,37.4,1.25,0,1,37.8,2,525,1,550
CASE-03181,Punjab,Railways,46,80.0,2.93,1,0,14.8,2,165,0,171
CASE-03182,Bihar,Roads,22,55.1,2.92,0,1,15.4,2,892,1,477
CASE-03183,West Bengal,Railways,77,78.8,1.53,0,0,20.5,2,199,0,188
CASE-03184,Uttar Pradesh,Housing,42,76.8,0.48,0,0,48.3,6,106,0,61
CASE-03185,Maharashtra,Power/Transmission,20,57.7,1.81,1,0,42.1,5,84,0,186
CASE-03186,Maharashtra,Housing,78,66.8,0.7,0,1,30.5,3,498,1,385
CASE-03187,Gujarat,Power/Transmission,47,44.8,3.13,0,0,29.9,4,697,1,753
CASE-03188,Odisha,Irrigation,34,35.8,3.3,0,0,17.3,3,455,0,101
CASE-03189,Uttar Pradesh,Power/Transmission,27,30.3,2.28,0,0,33.6,6,504,1,914
CASE-03190,Bihar,Power/Transmission,12,17.7,0.02,0,1,7.1,3,465,1,644
CASE-03191,Uttar Pradesh,Railways,2,46.0,0.86,0,0,29.2,1,323,0,53
CASE-03192,Maharashtra,Roads,44,70.6,1.18,1,1,0.0,1,313,1,691
CASE-03193,Andhra Pradesh,Irrigation,10,81.3,0.41,0,0,0.0,4,128,0,469
CASE-03194,Rajasthan,Roads,12,87.8,1.05,0,0,0.0,1,644,0,48
CASE-03195,Chhattisgarh,Railways,23,82.9,1.7,0,0,50.2,4,914,0,18
CASE-03196,Madhya Pradesh,Roads,24,48.2,2.05,1,0,19.6,1,187,1,561
CASE-03197,Andhra Pradesh,Irrigation,13,86.7,2.96,0,0,1.7,4,83,0,128
CASE-03198,Maharashtra,Roads,44,23.4,1.39,0,0,58.6,3,318,1,571
CASE-03199,Uttar Pradesh,Roads,6,43.3,1.06,0,0,10.4,2,443,0,175
CASE-03200,Punjab,Railways,43,32.1,-0.13,1,0,29.9,1,619,1,741
CASE-03201,Gujarat,Roads,21,48.0,1.83,0,0,10.3,0,990,0,36
CASE-03202,Haryana,Housing,13,70.6,0.87,0,1,33.9,2,423,1,946
CASE-03203,Haryana,Railways,6,29.5,1.17,0,0,21.8,4,329,0,182
CASE-03204,Chhattisgarh,Railways,30,43.7,0.74,0,0,10.8,1,382,0,35
CASE-03205,Haryana,Roads,9,17.2,0.77,0,0,2.0,2,33,0,80
CASE-03206,Karnataka,Urban Metro,8,52.1,2.28,0,1,11.4,1,122,1,513
CASE-03207,Maharashtra,Irrigation,67,37.4,1.35,0,0,6.9,1,369,1,350
CASE-03208,Maharashtra,Railways,7,70.9,3.29,1,0,0.0,3,475,0,161
CASE-03209,Maharashtra,Roads,5,34.9,0.08,1,0,33.0,1,280,1,631
CASE-03210,Maharashtra,Power/Transmission,41,90.7,2.92,1,0,38.7,2,565,0,416
CASE-03211,Madhya Pradesh,Housing,32,68.4,0.83,0,0,11.8,1,388,0,292
CASE-03212,Rajasthan,Railways,17,93.6,1.35,0,0,0.0,3,416,0,106
CASE-03213,Tamil Nadu,Roads,11,81.7,2.01,1,0,27.4,2,377,0,58
CASE-03214,Chhattisgarh,Roads,14,45.3,2.65,0,0,24.3,1,620,0,148
CASE-03215,Uttar Pradesh,Roads,17,73.1,2.7,0,0,7.0,1,333,0,58
CASE-03216,Gujarat,Power/Transmission,38,19.0,2.68,0,0,21.1,4,310,1,383
CASE-03217,Madhya Pradesh,Housing,31,41.5,1.17,1,0,0.0,0,307,0,135
CASE-03218,Maharashtra,Housing,19,42.5,3.59,1,0,22.1,1,287,0,219
CASE-03219,Bihar,Power/Transmission,19,68.3,2.16,0,1,19.7,4,484,1,580
CASE-03220,Madhya Pradesh,Roads,42,66.2,-1.0,1,0,41.9,1,297,1,729
CASE-03221,Bihar,Housing,13,33.9,1.49,0,0,25.8,4,344,0,35
CASE-03222,Tamil Nadu,Railways,6,30.0,0.99,0,0,23.4,1,278,0,183
CASE-03223,Gujarat,Railways,62,86.9,1.08,0,0,51.5,0,272,0,113
CASE-03224,Rajasthan,Power/Transmission,19,72.3,2.22,1,0,10.1,7,105,0,83
CASE-03225,Uttar Pradesh,Roads,88,90.8,1.82,0,1,0.0,1,51,0,118
CASE-03226,Tamil Nadu,Urban Metro,17,46.8,0.64,0,0,35.7,2,173,0,76
CASE-03227,Rajasthan,Housing,26,43.8,3.26,0,0,37.7,0,493,1,342
CASE-03228,Uttar Pradesh,Power/Transmission,12,45.4,-0.09,0,0,38.0,3,693,0,312
CASE-03229,Chhattisgarh,Power/Transmission,31,37.8,-0.17,0,0,18.5,3,134,1,384
CASE-03230,West Bengal,Railways,20,53.6,0.15,0,0,11.3,1,151,0,195
CASE-03231,Karnataka,Roads,22,34.2,1.99,1,0,3.4,1,513,0,125
CASE-03232,Maharashtra,Power/Transmission,28,32.5,1.89,0,0,8.7,4,106,1,522
CASE-03233,West Bengal,Irrigation,18,54.6,0.48,0,1,0.0,7,288,0,125
CASE-03234,Maharashtra,Urban Metro,30,19.9,0.74,0,0,15.4,0,90,1,465
CASE-03235,Uttar Pradesh,Roads,14,60.6,1.45,0,0,46.9,2,699,1,462
CASE-03236,Uttar Pradesh,Railways,29,66.2,0.17,0,1,13.8,2,488,1,632
CASE-03237,Punjab,Railways,5,96.4,2.41,0,0,23.9,2,233,0,95
CASE-03238,Bihar,Power/Transmission,7,39.2,3.33,0,0,30.2,1,231,0,58
CASE-03239,Madhya Pradesh,Power/Transmission,12,22.0,1.24,0,0,16.6,1,478,0,101
CASE-03240,Madhya Pradesh,Housing,9,71.2,1.87,0,0,16.5,2,495,0,176
CASE-03241,Haryana,Roads,9,36.1,1.58,1,0,41.3,3,126,1,585
CASE-03242,Andhra Pradesh,Railways,36,77.4,3.09,0,0,24.8,2,199,0,95
CASE-03243,Haryana,Roads,20,81.6,3.78,0,0,38.9,1,32,0,32
CASE-03244,Bihar,Roads,18,28.8,1.02,1,0,57.8,0,637,1,895
CASE-03245,Maharashtra,Railways,31,45.8,1.49,0,0,9.0,1,634,0,187
CASE-03246,Andhra Pradesh,Irrigation,32,90.4,2.48,0,1,19.7,6,306,0,194
CASE-03247,Madhya Pradesh,Railways,16,41.7,1.87,0,0,19.5,4,396,1,605
CASE-03248,Tamil Nadu,Railways,51,66.9,0.36,0,1,14.6,4,197,0,151
CASE-03249,Odisha,Irrigation,21,54.6,-0.72,0,0,15.5,0,147,0,80
CASE-03250,West Bengal,Urban Metro,38,0.6,0.74,0,0,43.0,2,129,0,93
CASE-03251,Telangana,Roads,14,68.1,1.85,0,0,23.5,4,55,0,102
CASE-03252,Andhra Pradesh,Railways,30,62.0,0.98,0,0,59.3,0,177,1,465
CASE-03253,Bihar,Power/Transmission,41,72.2,0.19,0,0,15.9,0,149,0,38
CASE-03254,West Bengal,Power/Transmission,38,50.8,0.76,0,1,44.6,1,393,0,94
CASE-03255,Maharashtra,Urban Metro,35,52.7,3.65,0,0,48.4,4,907,1,494
CASE-03256,Tamil Nadu,Roads,14,90.9,0.1,0,0,20.8,2,232,0,126
CASE-03257,Maharashtra,Irrigation,8,8.6,1.07,1,0,28.7,4,70,1,879
CASE-03258,Bihar,Urban Metro,8,91.8,0.83,1,0,35.2,1,121,1,514
CASE-03259,Andhra Pradesh,Railways,17,33.3,3.8,1,0,13.6,0,133,0,129
CASE-03260,Maharashtra,Railways,16,42.1,-0.31,0,0,47.0,3,479,0,63
CASE-03261,Maharashtra,Housing,33,67.1,0.51,0,0,9.8,1,543,0,29
CASE-03262,Rajasthan,Roads,25,80.1,1.53,0,0,14.2,1,388,0,15
CASE-03263,Maharashtra,Power/Transmission,8,49.7,1.66,0,1,14.4,3,98,0,86
CASE-03264,West Bengal,Urban Metro,46,12.3,2.8,1,0,25.4,2,556,1,962
CASE-03265,Madhya Pradesh,Roads,29,89.8,2.68,0,0,26.9,0,68,0,47
CASE-03266,Bihar,Power/Transmission,13,66.9,0.61,0,0,12.5,0,340,0,40
CASE-03267,Uttar Pradesh,Railways,15,65.2,1.83,0,0,20.3,2,465,0,175
CASE-03268,Gujarat,Urban Metro,61,32.3,1.25,0,0,5.3,3,287,0,240
CASE-03269,Punjab,Urban Metro,9,17.1,0.9,1,0,39.5,2,283,1,660
CASE-03270,Uttar Pradesh,Urban Metro,64,86.2,2.67,0,0,32.4,4,163,0,201
CASE-03271,Punjab,Roads,20,33.6,1.76,0,0,16.8,1,105,0,90
CASE-03272,Chhattisgarh,Power/Transmission,21,82.9,3.37,0,0,19.1,3,712,0,77
CASE-03273,Chhattisgarh,Housing,31,52.1,2.03,0,0,12.1,3,281,0,120
CASE-03274,Rajasthan,Irrigation,6,49.5,2.57,0,0,8.1,2,249,0,55
CASE-03275,Rajasthan,Irrigation,28,40.6,-1.0,0,0,5.8,1,685,0,202
CASE-03276,Tamil Nadu,Roads,40,60.9,1.56,0,0,8.1,3,53,0,144
CASE-03277,West Bengal,Urban Metro,17,37.3,1.98,1,1,36.4,2,878,0,89
CASE-03278,Andhra Pradesh,Roads,23,57.1,2.09,1,0,37.5,3,269,1,675
CASE-03279,Madhya Pradesh,Railways,89,55.8,3.31,0,1,1.5,1,298,1,434
CASE-03280,Maharashtra,Housing,44,87.7,2.2,0,0,32.5,2,166,0,176
CASE-03281,Rajasthan,Housing,11,66.0,0.0,0,0,3.7,3,240,0,265
CASE-03282,Maharashtra,Housing,16,43.7,2.11,1,0,33.5,1,77,1,499
CASE-03283,Bihar,Railways,19,82.8,2.47,0,1,23.3,1,337,0,92
CASE-03284,Maharashtra,Roads,45,77.9,0.73,1,0,14.2,0,642,1,701
CASE-03285,Uttar Pradesh,Railways,11,86.4,0.97,0,0,28.7,2,244,0,35
CASE-03286,Chhattisgarh,Roads,38,29.7,2.41,1,1,42.2,4,341,1,840
CASE-03287,Chhattisgarh,Urban Metro,38,17.3,1.47,0,0,0.0,1,286,1,220
CASE-03288,Karnataka,Irrigation,25,38.6,2.78,0,0,39.1,3,556,0,159
CASE-03289,Maharashtra,Railways,47,65.9,1.69,0,0,10.1,3,179,0,15
CASE-03290,Karnataka,Roads,12,21.8,-1.0,0,1,43.4,3,557,0,84
CASE-03291,Madhya Pradesh,Railways,53,37.7,1.54,0,0,35.0,2,182,1,607
CASE-03292,Gujarat,Urban Metro,5,60.3,0.99,1,0,5.2,2,341,0,121
CASE-03293,Andhra Pradesh,Power/Transmission,11,7.8,2.21,0,0,13.3,3,335,0,81
CASE-03294,West Bengal,Roads,5,55.0,1.98,0,0,29.2,2,625,0,484
CASE-03295,West Bengal,Roads,13,69.2,0.34,0,0,36.2,0,763,0,83
CASE-03296,Punjab,Railways,38,71.0,1.71,0,0,29.1,1,175,0,164
CASE-03297,Gujarat,Roads,32,34.1,2.11,0,0,27.9,3,248,0,131
CASE-03298,West Bengal,Housing,28,63.9,2.0,1,0,12.4,4,725,1,688
CASE-03299,West Bengal,Power/Transmission,12,11.9,2.64,0,0,22.5,2,230,1,420
CASE-03300,Maharashtra,Roads,23,91.6,0.24,0,1,20.9,4,90,0,120
CASE-03301,Punjab,Power/Transmission,53,33.2,1.28,0,1,0.0,0,858,1,391
CASE-03302,Madhya Pradesh,Railways,13,21.1,-1.0,0,0,27.0,0,514,0,420
CASE-03303,Bihar,Roads,13,55.3,2.89,1,1,16.5,1,278,0,35
CASE-03304,Telangana,Irrigation,14,83.1,1.62,0,0,42.6,4,165,0,279
CASE-03305,Gujarat,Roads,27,71.0,1.37,1,0,39.5,1,135,0,52
CASE-03306,Maharashtra,Railways,36,52.1,1.35,0,0,24.8,4,140,0,61
CASE-03307,Maharashtra,Urban Metro,42,95.3,2.08,0,0,38.6,2,471,0,110
CASE-03308,Maharashtra,Housing,19,50.8,2.75,0,0,31.2,1,643,1,480
CASE-03309,Chhattisgarh,Railways,18,93.7,1.15,0,0,21.7,1,96,0,153
CASE-03310,Maharashtra,Irrigation,15,36.4,1.99,1,1,0.8,2,193,0,39
CASE-03311,Punjab,Roads,34,90.7,1.98,0,0,19.6,5,72,0,371
CASE-03312,Punjab,Irrigation,6,60.5,-1.0,1,0,17.0,3,231,1,730
CASE-03313,Andhra Pradesh,Roads,21,97.2,0.65,0,1,20.3,3,223,0,158
CASE-03314,Chhattisgarh,Irrigation,21,45.3,2.02,0,1,18.6,1,328,0,76
CASE-03315,Bihar,Roads,38,62.4,2.98,0,0,38.6,1,34,0,115
CASE-03316,Maharashtra,Housing,8,37.4,3.13,0,0,40.2,3,251,1,520
CASE-03317,Gujarat,Urban Metro,40,60.3,0.03,0,0,14.7,4,387,1,537
CASE-03318,Maharashtra,Railways,33,11.1,2.7,1,0,2.1,1,327,1,842
CASE-03319,Maharashtra,Power/Transmission,76,28.2,2.74,0,1,7.4,3,453,0,139
CASE-03320,Madhya Pradesh,Roads,67,47.8,2.0,0,0,40.6,3,359,0,206
CASE-03321,Maharashtra,Power/Transmission,51,44.6,-0.92,0,1,36.4,1,44,1,347
CASE-03322,Karnataka,Roads,3,65.5,0.86,0,0,4.9,1,677,0,95
CASE-03323,Rajasthan,Roads,9,59.9,1.63,0,0,0.0,2,602,0,126
CASE-03324,Tamil Nadu,Power/Transmission,47,10.4,1.22,0,0,13.1,4,158,1,655
CASE-03325,Chhattisgarh,Railways,21,38.2,-1.0,0,0,48.9,3,248,0,85
CASE-03326,Odisha,Irrigation,67,20.1,1.19,0,0,28.3,4,123,1,604
CASE-03327,Karnataka,Irrigation,25,50.3,0.38,1,1,18.5,4,394,0,26
CASE-03328,Odisha,Roads,37,23.0,2.21,1,0,20.1,3,410,1,802
CASE-03329,West Bengal,Roads,36,25.7,2.08,1,1,0.0,3,579,1,773
CASE-03330,Bihar,Irrigation,25,30.9,2.13,1,0,17.6,2,258,1,694
CASE-03331,Punjab,Irrigation,47,65.1,1.06,0,0,40.6,8,344,1,920
CASE-03332,Bihar,Roads,40,75.5,1.52,0,0,16.1,3,128,0,25
CASE-03333,Maharashtra,Railways,9,49.2,1.4,0,0,18.3,3,479,0,116
CASE-03334,Bihar,Irrigation,93,90.8,2.6,1,0,26.9,4,665,1,743
CASE-03335,Madhya Pradesh,Power/Transmission,9,24.2,0.86,0,0,5.1,1,535,0,18
CASE-03336,Madhya Pradesh,Urban Metro,13,89.1,0.59,1,0,27.0,2,768,1,585
CASE-03337,West Bengal,Railways,37,30.0,2.65,0,0,9.6,3,251,1,497
CASE-03338,Haryana,Irrigation,32,30.4,2.49,0,0,14.5,3,90,0,147
CASE-03339,Bihar,Irrigation,42,46.9,2.06,0,1,16.3,4,19,1,846
CASE-03340,West Bengal,Railways,20,61.3,3.4,1,0,16.3,2,213,1,717
CASE-03341,Madhya Pradesh,Roads,34,19.1,4.01,0,0,23.5,5,252,1,620
CASE-03342,Tamil Nadu,Roads,14,63.9,2.98,0,0,20.9,0,470,0,105
CASE-03343,Uttar Pradesh,Urban Metro,25,69.1,0.6,0,0,19.3,5,230,0,184
CASE-03344,Maharashtra,Roads,61,92.4,2.5,0,0,23.8,1,119,0,337
CASE-03345,West Bengal,Irrigation,8,89.7,1.63,0,0,8.4,2,424,0,43
CASE-03346,Rajasthan,Irrigation,49,46.9,0.83,0,0,0.0,2,359,0,103
CASE-03347,Tamil Nadu,Railways,21,57.7,0.61,0,0,21.9,3,546,0,221
CASE-03348,Andhra Pradesh,Urban Metro,12,83.9,1.82,1,0,11.7,2,654,1,581
CASE-03349,Tamil Nadu,Power/Transmission,12,65.9,2.48,0,0,28.8,2,623,0,89
CASE-03350,Karnataka,Roads,21,39.9,3.16,0,1,13.7,0,368,0,74
CASE-03351,Maharashtra,Power/Transmission,51,50.7,2.31,0,0,0.0,5,279,1,477
CASE-03352,Maharashtra,Irrigation,34,83.2,2.19,0,1,20.2,1,49,0,135
CASE-03353,Maharashtra,Railways,8,48.8,1.25,0,0,37.8,1,454,1,537
CASE-03354,Madhya Pradesh,Power/Transmission,48,82.2,1.76,0,0,26.7,3,530,0,70
CASE-03355,West Bengal,Power/Transmission,42,68.1,-0.29,0,0,0.7,2,123,0,196
CASE-03356,Madhya Pradesh,Railways,5,29.9,2.18,0,1,12.6,1,49,0,206
CASE-03357,Andhra Pradesh,Housing,11,55.2,2.02,1,0,14.5,1,218,0,165
CASE-03358,West Bengal,Irrigation,54,88.6,3.8,1,0,19.2,2,666,1,570
CASE-03359,Rajasthan,Irrigation,25,75.6,1.45,1,0,13.2,1,259,0,240
CASE-03360,Rajasthan,Roads,47,55.3,2.93,0,0,0.0,2,74,0,15
CASE-03361,Madhya Pradesh,Roads,2,49.8,0.93,0,1,19.9,2,376,0,228
CASE-03362,Madhya Pradesh,Railways,2,70.4,3.54,0,1,43.5,2,144,0,216
CASE-03363,Andhra Pradesh,Irrigation,39,15.3,3.24,1,0,12.2,1,706,1,624
CASE-03364,Chhattisgarh,Irrigation,15,83.7,2.86,1,0,3.3,3,121,0,153
CASE-03365,Madhya Pradesh,Power/Transmission,40,88.8,1.57,1,0,43.4,3,285,0,45
CASE-03366,Madhya Pradesh,Roads,48,53.6,1.23,1,1,50.8,1,116,1,752
CASE-03367,Rajasthan,Power/Transmission,16,74.6,1.05,0,1,15.9,2,398,0,138
CASE-03368,Chhattisgarh,Urban Metro,23,35.3,0.33,0,1,25.6,3,294,0,15
CASE-03369,Uttar Pradesh,Power/Transmission,19,79.1,2.06,1,0,25.3,1,631,1,543
CASE-03370,Karnataka,Power/Transmission,15,23.0,1.2,0,0,35.3,0,539,1,422
CASE-03371,Haryana,Urban Metro,29,65.5,1.96,0,0,5.2,3,247,0,16
CASE-03372,Maharashtra,Roads,44,27.0,1.7,1,0,21.6,5,251,1,857
CASE-03373,Odisha,Power/Transmission,13,78.6,0.21,0,0,5.7,2,290,0,58
CASE-03374,Uttar Pradesh,Housing,13,84.8,2.77,0,0,27.2,4,375,0,39
CASE-03375,West Bengal,Irrigation,16,35.8,1.62,0,0,44.7,2,1352,1,770
CASE-03376,Karnataka,Roads,37,80.4,2.53,1,1,27.0,0,485,1,773
CASE-03377,Maharashtra,Housing,48,34.5,0.1,0,0,9.3,2,265,1,364
CASE-03378,Haryana,Roads,19,29.1,0.58,0,0,36.9,4,66,0,108
CASE-03379,Karnataka,Railways,4,68.5,1.03,0,0,12.8,2,56,0,43
CASE-03380,Punjab,Roads,10,71.6,1.79,0,1,29.1,3,49,0,183
CASE-03381,Bihar,Railways,18,49.9,1.38,0,1,10.4,1,649,1,509
CASE-03382,Odisha,Railways,12,31.4,3.14,0,1,2.1,1,192,0,129
CASE-03383,Haryana,Railways,8,31.1,2.74,0,1,10.6,0,697,0,47
CASE-03384,Andhra Pradesh,Housing,25,71.1,0.62,0,0,0.0,3,231,1,475
CASE-03385,Uttar Pradesh,Railways,108,85.6,5.04,1,0,5.7,4,179,0,114
CASE-03386,Rajasthan,Irrigation,11,60.6,1.4,0,0,54.1,4,499,0,81
CASE-03387,Andhra Pradesh,Urban Metro,29,42.7,3.05,0,0,0.0,2,44,0,83
CASE-03388,Punjab,Urban Metro,36,54.6,1.16,0,0,0.0,1,880,0,139
CASE-03389,Karnataka,Roads,38,33.9,2.25,0,0,48.1,3,119,0,72
CASE-03390,Bihar,Roads,23,52.3,2.64,0,0,7.6,2,293,0,20
CASE-03391,Uttar Pradesh,Irrigation,8,77.2,-0.31,1,0,16.0,3,217,0,92
CASE-03392,Rajasthan,Urban Metro,44,47.4,3.6,1,1,21.8,2,503,1,766
CASE-03393,Telangana,Irrigation,5,50.3,0.56,1,0,0.0,1,209,0,164
CASE-03394,Maharashtra,Roads,22,48.4,1.08,0,0,37.7,1,701,1,530
CASE-03395,Gujarat,Power/Transmission,20,9.5,0.77,0,0,20.2,3,620,0,250
CASE-03396,Haryana,Power/Transmission,9,42.8,0.82,1,0,12.5,2,457,0,62
CASE-03397,Maharashtra,Irrigation,16,95.9,0.88,1,0,36.2,2,106,0,205
CASE-03398,Maharashtra,Urban Metro,37,32.1,0.07,0,0,2.0,2,44,0,42
CASE-03399,Rajasthan,Power/Transmission,22,56.5,2.41,0,0,22.6,1,375,0,159
CASE-03400,Chhattisgarh,Power/Transmission,6,51.0,1.64,0,0,6.8,2,452,0,48
CASE-03401,Maharashtra,Power/Transmission,41,53.8,1.33,1,0,3.2,6,298,1,728
CASE-03402,Odisha,Power/Transmission,75,21.9,2.72,0,0,52.0,3,299,1,521
CASE-03403,West Bengal,Irrigation,7,60.3,3.62,0,0,23.9,4,822,1,442
CASE-03404,Haryana,Railways,23,79.7,-0.37,0,0,36.2,1,106,0,97
CASE-03405,Odisha,Power/Transmission,24,32.0,3.45,1,0,14.2,3,338,1,674
CASE-03406,Tamil Nadu,Irrigation,7,45.4,1.47,0,1,6.6,1,516,1,338
CASE-03407,West Bengal,Railways,56,55.6,-0.12,1,0,0.0,4,888,0,26
CASE-03408,Bihar,Roads,24,23.4,2.0,1,0,17.2,3,166,1,673
CASE-03409,West Bengal,Power/Transmission,45,28.5,1.36,1,0,0.0,2,331,0,68
CASE-03410,Maharashtra,Irrigation,31,34.3,2.53,0,0,23.4,2,259,0,105
CASE-03411,Rajasthan,Railways,54,55.7,1.67,0,0,2.6,2,393,0,222
CASE-03412,Uttar Pradesh,Railways,30,26.6,1.93,0,0,29.0,1,539,0,406
CASE-03413,West Bengal,Roads,17,82.8,0.98,0,0,52.9,2,393,0,224
CASE-03414,Maharashtra,Housing,35,64.9,0.27,0,1,64.4,1,169,0,111
CASE-03415,Bihar,Urban Metro,12,76.7,2.39,0,0,26.8,1,331,0,152
CASE-03416,Bihar,Irrigation,37,83.4,0.87,0,1,21.8,3,325,1,578
CASE-03417,Chhattisgarh,Railways,11,42.9,1.98,0,0,11.5,2,96,0,148
CASE-03418,Tamil Nadu,Power/Transmission,22,77.4,3.28,0,0,10.3,1,1793,0,86
CASE-03419,Maharashtra,Irrigation,19,56.6,1.31,1,0,8.2,2,207,1,639
CASE-03420,Odisha,Housing,29,50.9,2.34,1,1,44.2,2,520,0,47
CASE-03421,Odisha,Roads,60,54.1,1.46,0,0,16.1,1,35,0,62
CASE-03422,Madhya Pradesh,Roads,15,66.9,1.06,1,0,54.4,3,226,1,782
CASE-03423,Rajasthan,Irrigation,43,91.8,-0.37,0,0,8.1,2,120,0,216
CASE-03424,Karnataka,Roads,55,87.3,1.45,0,0,19.9,2,195,0,100
CASE-03425,Uttar Pradesh,Irrigation,42,19.9,1.3,0,1,3.0,1,102,0,98
CASE-03426,West Bengal,Power/Transmission,28,64.5,0.46,0,0,30.0,2,451,0,112
CASE-03427,Maharashtra,Roads,27,78.3,-0.94,0,0,19.0,3,143,0,90
CASE-03428,Odisha,Railways,14,73.0,-0.5,1,1,21.5,4,435,1,974
CASE-03429,Haryana,Power/Transmission,6,33.6,3.64,0,0,17.4,2,170,0,114
CASE-03430,Tamil Nadu,Urban Metro,25,74.3,1.55,0,0,30.3,4,182,0,89
CASE-03431,Andhra Pradesh,Railways,59,71.1,-0.22,0,0,32.1,0,424,0,132
CASE-03432,Andhra Pradesh,Roads,64,82.1,0.78,0,0,34.5,0,112,0,82
CASE-03433,Telangana,Irrigation,7,53.9,1.51,0,0,7.9,0,321,0,93
CASE-03434,Bihar,Railways,63,93.7,2.04,0,0,26.8,2,158,0,291
CASE-03435,Maharashtra,Power/Transmission,36,50.2,1.22,0,0,14.5,0,345,1,342
CASE-03436,Andhra Pradesh,Irrigation,33,31.4,3.93,0,0,41.9,4,611,0,76
CASE-03437,Madhya Pradesh,Roads,58,96.5,3.98,1,0,25.7,2,555,0,19
CASE-03438,Madhya Pradesh,Power/Transmission,48,49.2,1.96,0,1,26.5,3,104,0,62
CASE-03439,Maharashtra,Irrigation,10,9.1,1.06,1,0,17.8,1,30,1,685
CASE-03440,Chhattisgarh,Roads,13,30.0,1.96,1,1,9.8,1,608,1,736
CASE-03441,Bihar,Irrigation,5,36.5,-0.09,0,0,23.1,1,605,0,125
CASE-03442,Uttar Pradesh,Housing,32,58.2,2.7,1,0,40.4,1,374,0,60
CASE-03443,Maharashtra,Power/Transmission,12,51.1,1.71,0,0,10.5,1,346,0,158
CASE-03444,Madhya Pradesh,Roads,17,75.7,0.05,0,1,41.8,0,25,1,430
CASE-03445,Odisha,Power/Transmission,54,88.5,0.8,1,0,30.5,2,221,0,57
CASE-03446,Madhya Pradesh,Roads,35,92.9,2.19,1,0,0.0,1,501,0,102
CASE-03447,Rajasthan,Irrigation,36,69.4,-0.5,0,0,8.3,1,76,0,96
CASE-03448,Gujarat,Irrigation,92,46.8,0.43,1,0,56.3,3,203,1,786
CASE-03449,Madhya Pradesh,Roads,1,65.3,0.94,1,0,20.2,3,240,0,15
CASE-03450,Tamil Nadu,Railways,12,57.0,2.67,0,0,8.4,2,585,0,120
CASE-03451,Rajasthan,Housing,19,94.9,3.56,0,0,8.9,3,208,0,67
CASE-03452,Andhra Pradesh,Roads,13,53.6,1.95,0,0,20.0,3,525,1,416
CASE-03453,Maharashtra,Urban Metro,45,25.3,-1.0,0,0,35.8,2,571,1,450
CASE-03454,Maharashtra,Power/Transmission,21,47.6,0.16,0,0,16.9,7,292,1,726
CASE-03455,Telangana,Irrigation,9,63.2,5.69,1,0,10.4,0,789,0,110
CASE-03456,Tamil Nadu,Roads,30,43.3,1.69,1,0,0.0,3,244,1,804
CASE-03457,Punjab,Roads,34,46.0,-1.0,0,0,8.4,2,480,0,69
CASE-03458,Haryana,Roads,10,31.5,4.35,0,0,11.5,6,425,0,176
CASE-03459,Maharashtra,Irrigation,22,47.1,-0.1,0,0,26.8,4,240,1,466
CASE-03460,Tamil Nadu,Housing,35,46.4,2.19,0,0,28.1,5,562,1,519
CASE-03461,Karnataka,Urban Metro,56,69.9,0.12,0,0,43.6,0,827,0,161
CASE-03462,Tamil Nadu,Roads,14,40.3,4.14,0,0,4.1,2,192,0,85
CASE-03463,Maharashtra,Roads,37,69.8,-0.2,0,1,24.0,1,945,1,597
CASE-03464,Bihar,Roads,16,56.3,0.8,0,0,24.4,8,193,1,594
CASE-03465,Gujarat,Housing,26,74.8,2.76,0,0,7.0,2,430,0,62
CASE-03466,Tamil Nadu,Roads,11,90.3,0.84,0,0,35.7,3,315,1,373
CASE-03467,Chhattisgarh,Roads,37,72.5,2.08,1,0,47.6,1,94,1,600
CASE-03468,Bihar,Irrigation,50,33.6,2.5,1,0,22.4,1,330,0,56
CASE-03469,Madhya Pradesh,Irrigation,22,58.2,1.71,0,0,14.8,2,346,0,46
CASE-03470,Punjab,Roads,20,42.3,0.17,0,1,44.4,2,577,0,102
CASE-03471,Karnataka,Power/Transmission,19,61.6,0.56,1,1,28.6,0,268,1,823
CASE-03472,Karnataka,Roads,8,26.3,1.04,0,0,3.8,1,440,0,167
CASE-03473,Andhra Pradesh,Roads,42,28.9,2.2,1,0,19.1,3,182,0,146
CASE-03474,Karnataka,Roads,55,87.2,2.47,0,0,16.6,3,164,0,90
CASE-03475,Andhra Pradesh,Railways,13,43.9,1.75,1,0,9.3,5,290,1,1257
CASE-03476,Karnataka,Housing,29,23.1,2.34,0,1,10.0,4,236,1,670
CASE-03477,Tamil Nadu,Irrigation,36,83.4,-0.41,0,1,12.0,4,239,0,416
CASE-03478,Haryana,Power/Transmission,16,53.6,1.86,0,0,34.2,4,276,0,16
CASE-03479,Punjab,Railways,64,45.9,1.42,0,0,17.6,0,141,0,15
CASE-03480,Andhra Pradesh,Power/Transmission,29,39.0,2.09,0,0,23.3,3,591,0,121
CASE-03481,Karnataka,Housing,7,75.6,2.4,0,0,36.5,9,839,0,124
CASE-03482,Rajasthan,Railways,51,34.7,0.24,1,0,17.5,1,388,1,490
CASE-03483,Odisha,Housing,23,35.9,1.37,0,0,4.0,1,23,0,61
CASE-03484,Andhra Pradesh,Irrigation,18,19.8,3.1,0,0,36.2,3,663,1,499
CASE-03485,Rajasthan,Power/Transmission,40,70.5,1.86,0,1,16.3,1,79,0,28
CASE-03486,Gujarat,Roads,16,64.4,1.38,0,0,48.7,4,118,0,234
CASE-03487,Rajasthan,Irrigation,61,52.5,0.04,0,1,37.1,2,466,1,578
CASE-03488,Gujarat,Irrigation,53,65.3,2.15,1,0,29.9,2,362,0,172
CASE-03489,Uttar Pradesh,Housing,67,56.1,-0.17,1,0,25.4,2,707,0,48
CASE-03490,West Bengal,Urban Metro,89,37.7,1.29,1,0,38.8,5,126,1,846
CASE-03491,Andhra Pradesh,Railways,35,53.8,0.91,0,0,25.7,3,749,0,126
CASE-03492,Maharashtra,Housing,25,49.0,1.97,0,0,0.0,2,103,0,104
CASE-03493,Odisha,Urban Metro,15,26.9,0.78,1,0,20.5,0,209,1,777
CASE-03494,Chhattisgarh,Irrigation,38,92.1,1.11,1,0,30.6,0,315,1,682
CASE-03495,Uttar Pradesh,Roads,87,62.0,0.41,0,0,6.9,0,401,0,145
CASE-03496,Tamil Nadu,Roads,9,84.5,1.2,1,0,60.9,3,636,1,707
CASE-03497,Gujarat,Roads,31,65.8,1.76,0,0,19.8,3,477,0,298
CASE-03498,Gujarat,Roads,7,29.4,1.08,0,0,30.4,3,146,0,42
CASE-03499,Karnataka,Housing,6,31.8,1.12,0,0,39.6,2,547,0,15
CASE-03500,Odisha,Roads,56,8.7,1.7,0,0,31.1,2,240,0,38
CASE-03501,Karnataka,Power/Transmission,50,42.4,2.7,1,1,20.4,2,38,1,801
CASE-03502,Andhra Pradesh,Irrigation,15,70.2,2.39,0,0,28.0,3,343,0,238
CASE-03503,Maharashtra,Irrigation,10,91.8,-0.05,0,1,19.1,4,423,0,56
CASE-03504,Chhattisgarh,Roads,69,33.7,2.42,0,0,20.6,3,402,1,517
CASE-03505,Gujarat,Irrigation,11,34.2,3.14,0,0,4.8,3,412,0,98
CASE-03506,Andhra Pradesh,Irrigation,8,43.0,2.35,0,0,18.1,2,307,0,139
CASE-03507,West Bengal,Irrigation,11,85.1,-1.0,1,0,4.0,2,131,1,626
CASE-03508,Tamil Nadu,Roads,33,54.8,1.82,1,0,21.9,2,612,1,596
CASE-03509,Rajasthan,Power/Transmission,97,29.8,3.16,0,0,15.9,3,339,0,211
CASE-03510,Bihar,Roads,16,27.3,0.96,0,0,29.5,1,300,0,158
CASE-03511,Punjab,Irrigation,56,20.4,4.98,0,0,0.0,1,405,0,169
CASE-03512,Rajasthan,Railways,27,26.3,-1.0,0,0,8.1,2,269,1,419
CASE-03513,Telangana,Roads,4,10.5,1.68,0,0,8.2,0,526,1,329
CASE-03514,Telangana,Urban Metro,16,59.3,2.37,0,0,21.8,0,755,0,73
CASE-03515,Haryana,Roads,51,62.0,1.71,0,0,18.3,3,87,0,239
CASE-03516,Gujarat,Housing,49,60.2,1.68,0,0,38.4,4,59,0,70
CASE-03517,Chhattisgarh,Urban Metro,14,80.1,0.25,1,0,22.6,2,175,1,651
CASE-03518,Uttar Pradesh,Railways,42,79.3,0.81,0,1,22.0,1,113,0,91
CASE-03519,Andhra Pradesh,Railways,23,88.1,2.19,0,1,6.2,1,354,0,44
CASE-03520,Gujarat,Roads,33,21.2,-1.0,0,1,17.7,5,888,1,707
CASE-03521,West Bengal,Urban Metro,58,3.4,2.59,1,0,2.0,3,912,1,729
CASE-03522,Odisha,Irrigation,15,52.0,1.36,0,0,29.4,6,201,0,126
CASE-03523,Maharashtra,Roads,18,52.8,2.16,0,1,34.5,1,129,0,160
CASE-03524,Madhya Pradesh,Irrigation,58,10.1,2.52,0,0,0.0,1,208,0,249
CASE-03525,West Bengal,Roads,90,31.5,5.98,0,0,22.7,0,459,0,137
CASE-03526,Karnataka,Irrigation,46,93.7,3.18,0,0,20.4,6,132,0,151
CASE-03527,Maharashtra,Irrigation,31,84.0,0.06,1,1,40.1,1,71,0,86
CASE-03528,Uttar Pradesh,Roads,46,43.4,4.09,0,0,7.0,1,205,0,76
CASE-03529,Odisha,Urban Metro,16,86.1,-1.0,1,1,10.6,8,295,1,989
CASE-03530,West Bengal,Roads,26,49.6,0.97,1,0,26.0,2,301,1,721
CASE-03531,Maharashtra,Irrigation,6,77.5,1.71,0,0,14.7,3,153,0,106
CASE-03532,Maharashtra,Irrigation,16,80.9,1.11,0,0,15.5,2,83,0,85
CASE-03533,West Bengal,Housing,34,21.3,1.84,0,0,15.2,0,347,1,375
CASE-03534,Uttar Pradesh,Railways,29,86.7,1.3,1,1,29.8,2,332,1,877
CASE-03535,Rajasthan,Urban Metro,3,52.1,3.04,1,0,39.0,0,141,0,93
CASE-03536,Tamil Nadu,Railways,21,45.8,0.92,1,0,20.8,2,374,1,836
CASE-03537,Bihar,Urban Metro,29,78.5,1.36,0,0,17.9,4,317,0,201
CASE-03538,Chhattisgarh,Roads,29,72.5,3.63,1,0,32.0,2,353,0,247
CASE-03539,Uttar Pradesh,Power/Transmission,8,53.1,2.66,0,1,25.1,4,304,1,585
CASE-03540,Bihar,Roads,42,77.6,1.3,0,0,24.4,2,149,0,122
CASE-03541,Haryana,Housing,82,35.1,2.07,1,0,39.0,1,758,1,601
CASE-03542,Andhra Pradesh,Housing,46,73.6,3.75,1,0,6.0,2,394,1,557
CASE-03543,Haryana,Railways,26,30.1,-0.16,0,0,18.1,2,128,0,233
CASE-03544,Bihar,Irrigation,70,60.3,0.2,0,0,7.3,0,475,0,181
CASE-03545,Madhya Pradesh,Irrigation,16,48.5,0.81,0,1,14.0,4,584,0,247
CASE-03546,West Bengal,Roads,38,70.5,1.76,0,0,2.9,1,531,0,18
CASE-03547,West Bengal,Power/Transmission,24,54.4,2.66,0,0,16.3,4,310,0,148
CASE-03548,Telangana,Power/Transmission,70,23.2,0.58,1,1,27.6,9,258,1,904
CASE-03549,Maharashtra,Irrigation,11,58.5,0.37,0,0,0.0,2,244,1,347
CASE-03550,Odisha,Roads,11,43.9,-0.07,0,0,17.1,3,397,0,287
CASE-03551,Odisha,Urban Metro,59,55.6,0.37,0,0,20.7,2,658,0,160
CASE-03552,Andhra Pradesh,Roads,36,27.2,0.71,0,1,17.9,5,673,1,748
CASE-03553,Madhya Pradesh,Irrigation,63,38.5,-1.0,0,0,0.0,4,85,0,125
CASE-03554,West Bengal,Roads,12,70.4,0.83,0,0,36.3,1,173,0,40
CASE-03555,Bihar,Roads,14,68.0,0.24,0,0,36.1,1,63,0,157
CASE-03556,Tamil Nadu,Roads,32,22.5,1.3,0,0,39.2,1,385,1,447
CASE-03557,West Bengal,Railways,7,67.5,3.54,0,0,13.6,2,758,0,68
CASE-03558,Haryana,Irrigation,30,46.4,-0.41,0,0,24.6,2,229,0,247
CASE-03559,Chhattisgarh,Irrigation,18,8.8,2.72,0,0,11.1,1,510,0,15
CASE-03560,West Bengal,Power/Transmission,24,65.6,3.5,0,1,5.9,4,43,1,501
CASE-03561,Gujarat,Power/Transmission,42,12.8,2.66,1,0,5.1,2,351,1,523
CASE-03562,West Bengal,Roads,43,55.8,1.91,0,0,25.0,2,294,0,72
CASE-03563,Haryana,Roads,79,34.1,3.08,1,1,34.5,1,535,1,898
CASE-03564,Uttar Pradesh,Irrigation,53,41.3,2.26,1,0,41.3,2,80,1,666
CASE-03565,Telangana,Power/Transmission,4,95.4,2.83,1,0,21.3,2,318,0,189
CASE-03566,Tamil Nadu,Irrigation,12,43.1,1.64,1,0,11.8,1,898,1,713
CASE-03567,Odisha,Roads,13,52.5,0.23,1,0,20.5,3,135,0,31
CASE-03568,West Bengal,Urban Metro,50,39.7,2.9,0,0,36.6,0,118,0,45
CASE-03569,Odisha,Roads,72,66.0,4.63,0,1,46.3,1,569,0,34
CASE-03570,Bihar,Irrigation,9,55.3,1.09,0,0,39.7,2,621,1,394
CASE-03571,Gujarat,Roads,51,98.9,1.53,0,1,38.2,0,449,1,550
CASE-03572,Uttar Pradesh,Power/Transmission,26,51.3,1.63,1,0,42.4,2,1255,1,622
CASE-03573,Bihar,Railways,23,48.0,-0.26,0,0,23.1,5,301,0,108
CASE-03574,Karnataka,Power/Transmission,16,97.6,0.48,0,0,26.2,2,456,0,50
CASE-03575,Madhya Pradesh,Roads,21,31.5,1.87,0,0,37.9,1,435,0,61
CASE-03576,Madhya Pradesh,Irrigation,30,57.3,1.39,0,1,29.7,2,219,1,440
CASE-03577,Tamil Nadu,Roads,17,16.5,1.52,0,1,35.0,0,177,0,93
CASE-03578,Bihar,Power/Transmission,35,72.3,1.53,0,0,12.9,1,277,0,114
CASE-03579,Gujarat,Roads,23,52.6,1.36,1,0,43.0,1,187,1,696
CASE-03580,Maharashtra,Roads,22,73.8,0.58,1,1,14.5,2,309,1,744
CASE-03581,Gujarat,Power/Transmission,40,57.4,2.02,0,0,38.7,2,520,1,546
CASE-03582,Tamil Nadu,Roads,33,64.8,1.89,1,0,20.7,5,92,0,729
CASE-03583,Karnataka,Roads,3,62.8,0.44,0,0,14.0,0,108,0,106
CASE-03584,Gujarat,Urban Metro,36,15.6,2.0,0,0,0.0,1,231,0,237
CASE-03585,Haryana,Urban Metro,31,27.2,0.75,0,0,18.7,2,266,1,479
CASE-03586,Tamil Nadu,Urban Metro,56,77.7,2.28,0,0,3.3,3,139,0,171
CASE-03587,Karnataka,Railways,32,37.7,1.45,0,1,8.2,2,451,1,506
CASE-03588,West Bengal,Irrigation,20,88.3,1.97,0,0,29.6,1,123,0,190
CASE-03589,Tamil Nadu,Power/Transmission,15,63.4,1.71,0,0,0.0,2,65,0,46
CASE-03590,Bihar,Roads,5,54.5,1.43,0,0,40.5,1,362,0,41
CASE-03591,Tamil Nadu,Power/Transmission,26,73.0,1.89,0,1,59.8,2,412,0,177
CASE-03592,Madhya Pradesh,Roads,13,75.4,2.51,0,0,14.8,1,366,0,225
CASE-03593,Tamil Nadu,Urban Metro,61,52.0,1.64,1,0,40.1,1,101,1,661
CASE-03594,Maharashtra,Irrigation,27,56.6,1.63,0,0,1.0,4,56,0,72
CASE-03595,Maharashtra,Railways,10,20.7,1.08,1,0,28.0,2,947,1,651
CASE-03596,Telangana,Railways,4,69.5,-0.68,0,0,27.3,3,381,0,191
CASE-03597,Odisha,Roads,6,74.3,1.54,0,0,68.1,2,829,1,578
CASE-03598,Haryana,Railways,34,68.8,-0.02,0,0,16.4,0,165,0,283
CASE-03599,Punjab,Power/Transmission,66,76.1,0.82,1,0,28.9,2,725,0,150
CASE-03600,Karnataka,Irrigation,39,79.6,0.46,0,0,19.2,2,738,0,15
CASE-03601,Bihar,Irrigation,24,72.0,0.64,1,0,16.4,3,507,0,65
CASE-03602,Uttar Pradesh,Roads,91,56.7,0.71,0,0,19.9,1,247,0,72
CASE-03603,West Bengal,Power/Transmission,45,62.4,2.08,0,0,19.2,3,140,0,96
CASE-03604,Bihar,Railways,32,46.0,1.9,0,0,12.5,0,417,0,53
CASE-03605,Punjab,Roads,20,39.9,1.63,0,0,26.0,4,112,0,56
CASE-03606,Maharashtra,Housing,69,63.5,2.95,0,0,8.6,5,193,0,146
CASE-03607,Uttar Pradesh,Irrigation,21,88.8,5.17,0,0,16.0,2,363,0,169
CASE-03608,Bihar,Irrigation,13,66.0,2.11,0,0,50.8,2,774,0,83
CASE-03609,Uttar Pradesh,Housing,25,36.0,2.59,0,1,20.3,4,774,0,217
CASE-03610,Bihar,Railways,29,44.7,1.84,0,0,35.3,2,730,0,71
CASE-03611,Rajasthan,Housing,48,62.8,2.28,0,1,20.9,3,797,1,671
CASE-03612,Madhya Pradesh,Power/Transmission,13,46.0,-0.45,0,1,33.5,3,228,0,56
CASE-03613,Chhattisgarh,Irrigation,15,71.5,-1.0,0,0,19.4,1,182,0,54
CASE-03614,Haryana,Roads,16,5.2,-1.0,0,0,0.0,0,52,0,35
CASE-03615,Chhattisgarh,Roads,24,32.6,0.75,0,0,21.5,4,463,1,410
CASE-03616,Rajasthan,Railways,10,24.4,3.14,1,0,7.0,4,207,0,19
CASE-03617,Madhya Pradesh,Roads,61,45.1,1.81,0,0,17.5,2,231,0,104
CASE-03618,Uttar Pradesh,Roads,6,74.7,1.03,0,0,32.3,2,220,0,110
CASE-03619,Madhya Pradesh,Irrigation,70,44.1,2.18,0,0,49.2,3,277,0,137
CASE-03620,Punjab,Power/Transmission,45,30.8,1.92,0,0,0.9,4,331,0,67
CASE-03621,Chhattisgarh,Roads,12,79.9,-0.13,0,0,18.4,3,359,0,102
CASE-03622,Bihar,Power/Transmission,22,51.1,2.06,0,1,22.3,4,191,1,681
CASE-03623,Karnataka,Housing,14,62.9,2.5,1,0,22.7,0,59,0,75
CASE-03624,Odisha,Power/Transmission,45,27.6,4.02,0,0,22.8,1,304,1,202
CASE-03625,Rajasthan,Power/Transmission,65,30.2,1.4,0,1,30.4,1,762,1,558
CASE-03626,Andhra Pradesh,Power/Transmission,147,91.7,3.53,0,0,15.4,3,339,0,299
CASE-03627,Haryana,Roads,37,79.0,1.01,0,1,19.0,4,482,0,178
CASE-03628,Rajasthan,Railways,6,79.0,4.29,0,1,27.9,2,198,0,69
CASE-03629,Chhattisgarh,Housing,11,7.6,0.79,0,0,11.5,6,700,1,544
CASE-03630,Uttar Pradesh,Power/Transmission,36,34.5,2.27,0,0,13.1,5,220,1,777
CASE-03631,Maharashtra,Power/Transmission,23,46.9,1.84,1,1,21.0,8,209,1,1073
CASE-03632,Punjab,Housing,44,74.2,3.29,0,0,13.1,3,400,0,45
CASE-03633,Chhattisgarh,Roads,33,63.1,3.13,0,0,7.3,4,529,0,279
CASE-03634,Karnataka,Railways,12,7.7,0.25,0,0,5.6,3,230,1,433
CASE-03635,Andhra Pradesh,Irrigation,20,69.6,1.1,1,0,21.3,2,382,0,135
CASE-03636,Maharashtra,Roads,46,49.2,4.05,0,0,42.6,7,1321,1,719
CASE-03637,Tamil Nadu,Irrigation,34,63.9,1.62,0,0,27.9,2,322,0,100
CASE-03638,Uttar Pradesh,Urban Metro,45,39.8,2.48,0,0,7.7,1,120,0,21
CASE-03639,Tamil Nadu,Irrigation,8,99.3,0.22,0,0,45.2,1,113,0,34
CASE-03640,Andhra Pradesh,Roads,13,78.4,1.2,0,0,14.5,2,586,0,52
CASE-03641,Bihar,Power/Transmission,58,54.9,0.65,0,0,45.8,1,125,0,150
CASE-03642,Maharashtra,Roads,8,63.8,2.61,0,1,20.9,0,275,0,223
CASE-03643,Tamil Nadu,Urban Metro,43,60.5,2.39,0,0,26.0,3,142,0,119
CASE-03644,Uttar Pradesh,Roads,8,43.9,2.97,0,0,16.5,4,114,0,176
CASE-03645,Maharashtra,Urban Metro,28,48.8,0.2,0,1,17.5,1,651,1,515
CASE-03646,Gujarat,Railways,18,77.8,2.16,0,0,42.7,1,41,0,70
CASE-03647,Madhya Pradesh,Railways,12,62.5,1.52,1,1,19.3,2,682,0,49
CASE-03648,Madhya Pradesh,Irrigation,30,59.3,-1.0,1,1,36.1,2,258,1,805
CASE-03649,Bihar,Roads,56,97.8,2.06,0,0,22.7,2,320,0,225
CASE-03650,Odisha,Railways,15,60.6,3.05,0,0,20.3,3,421,0,156
CASE-03651,Bihar,Urban Metro,3,45.5,3.38,0,0,31.4,2,201,1,359
CASE-03652,Uttar Pradesh,Urban Metro,23,10.4,1.46,1,1,20.2,4,255,1,853
CASE-03653,Bihar,Roads,12,57.8,2.5,0,1,10.2,0,394,0,105
CASE-03654,Uttar Pradesh,Power/Transmission,47,55.3,2.15,0,0,10.6,1,922,1,347
CASE-03655,Madhya Pradesh,Urban Metro,18,18.7,0.59,1,1,30.7,2,372,1,755
CASE-03656,Maharashtra,Urban Metro,15,30.1,0.42,0,0,0.0,4,785,0,53
CASE-03657,Uttar Pradesh,Railways,20,58.1,1.44,0,0,27.6,0,426,0,170
CASE-03658,Karnataka,Roads,56,51.6,1.22,0,0,0.4,2,781,0,33
CASE-03659,Odisha,Housing,36,83.3,1.61,1,0,24.6,4,77,0,78
CASE-03660,Maharashtra,Railways,11,8.7,1.0,0,0,42.1,2,143,0,183
CASE-03661,Uttar Pradesh,Railways,8,41.8,1.75,0,0,8.7,1,262,0,84
CASE-03662,Haryana,Power/Transmission,69,76.8,0.22,0,0,29.9,3,239,1,392
CASE-03663,Haryana,Roads,15,21.3,3.33,0,0,38.9,2,372,1,500
CASE-03664,Rajasthan,Urban Metro,57,75.9,-0.68,0,1,13.4,1,189,0,17
CASE-03665,Bihar,Roads,23,67.8,1.4,0,0,12.3,2,311,0,20
CASE-03666,Karnataka,Power/Transmission,13,50.0,1.26,0,0,27.6,2,236,0,173
CASE-03667,Uttar Pradesh,Housing,14,48.8,1.34,1,0,40.7,1,326,1,741
CASE-03668,Uttar Pradesh,Housing,24,40.2,0.49,0,1,56.2,4,179,0,46
CASE-03669,Madhya Pradesh,Housing,3,61.4,-0.31,1,0,10.9,2,312,0,122
CASE-03670,Andhra Pradesh,Urban Metro,14,93.4,1.79,1,0,31.7,4,318,1,767
CASE-03671,Madhya Pradesh,Roads,86,80.8,1.25,1,0,14.8,3,139,0,56
CASE-03672,Chhattisgarh,Housing,104,57.0,1.96,0,1,5.1,2,57,0,242
CASE-03673,Bihar,Housing,15,87.3,-0.48,0,0,18.5,2,506,0,107
CASE-03674,Madhya Pradesh,Irrigation,41,70.5,3.56,0,0,18.5,3,814,1,438
CASE-03675,Tamil Nadu,Railways,35,32.4,1.4,0,1,23.3,3,215,0,96
CASE-03676,Odisha,Roads,9,80.7,-1.0,1,0,28.3,1,546,1,637
CASE-03677,Madhya Pradesh,Irrigation,42,71.2,1.73,0,1,25.5,1,297,0,105
CASE-03678,Andhra Pradesh,Power/Transmission,19,54.4,0.93,1,0,40.2,1,452,1,752
CASE-03679,Bihar,Railways,27,4.0,0.14,1,1,50.2,0,524,1,785
CASE-03680,Maharashtra,Railways,48,57.4,2.98,1,1,22.2,2,614,1,920
CASE-03681,Gujarat,Irrigation,20,67.1,2.62,0,0,14.6,3,312,0,265
CASE-03682,Uttar Pradesh,Roads,20,34.4,1.91,1,1,19.0,1,104,0,87
CASE-03683,Karnataka,Housing,39,66.8,1.59,0,0,18.5,3,243,0,42
CASE-03684,West Bengal,Roads,58,82.1,2.11,1,0,13.1,3,531,0,133
CASE-03685,Uttar Pradesh,Roads,37,55.1,-0.39,1,0,0.0,1,307,0,17
CASE-03686,Maharashtra,Roads,21,83.1,1.73,0,0,1.8,2,46,0,33
CASE-03687,Madhya Pradesh,Urban Metro,54,34.2,2.99,0,0,32.3,2,664,1,423
CASE-03688,Punjab,Urban Metro,34,44.0,2.75,0,1,33.2,2,198,1,486
CASE-03689,Chhattisgarh,Roads,67,81.7,0.24,0,0,26.9,1,119,0,98
CASE-03690,Madhya Pradesh,Roads,79,56.8,1.72,0,0,18.4,3,69,0,196
CASE-03691,Maharashtra,Railways,37,47.8,0.15,0,0,14.4,1,881,0,131
CASE-03692,Chhattisgarh,Roads,64,41.2,1.69,0,0,1.4,2,311,0,155
CASE-03693,Maharashtra,Power/Transmission,65,78.3,0.6,0,0,12.2,4,264,0,177
CASE-03694,Andhra Pradesh,Roads,25,81.2,0.46,0,1,11.0,1,346,0,59
CASE-03695,Gujarat,Irrigation,65,51.6,1.93,0,1,0.8,3,196,0,171
CASE-03696,Karnataka,Railways,28,37.9,0.63,0,0,25.3,2,29,0,47
CASE-03697,Bihar,Railways,45,30.3,0.55,1,0,10.9,3,703,1,613
CASE-03698,Maharashtra,Railways,26,85.5,1.92,1,0,22.6,1,121,1,673
CASE-03699,Maharashtra,Roads,7,25.3,-0.28,0,0,0.0,2,501,1,291
CASE-03700,Karnataka,Roads,95,90.4,1.11,0,0,30.8,2,103,0,183
CASE-03701,Haryana,Roads,43,70.7,-0.34,0,0,28.4,3,503,0,284
CASE-03702,Bihar,Roads,46,26.0,-0.13,0,1,14.3,4,19,0,101
CASE-03703,Andhra Pradesh,Housing,30,63.9,2.9,1,0,42.6,4,338,0,378
CASE-03704,Rajasthan,Roads,65,54.1,1.0,0,1,20.8,2,799,1,521
CASE-03705,Maharashtra,Railways,24,88.1,0.64,0,0,24.0,3,377,1,425
CASE-03706,Uttar Pradesh,Roads,25,25.0,2.52,0,1,0.0,2,86,1,626
CASE-03707,Madhya Pradesh,Power/Transmission,11,89.1,3.44,0,0,10.3,2,296,0,159
CASE-03708,Rajasthan,Housing,33,65.3,1.8,1,0,12.2,1,24,0,209
CASE-03709,Karnataka,Power/Transmission,63,30.9,2.72,0,0,33.7,2,168,1,510
CASE-03710,Gujarat,Irrigation,24,19.1,0.84,0,0,36.5,3,757,1,626
CASE-03711,Odisha,Urban Metro,9,49.3,1.57,0,0,13.4,2,360,0,40
CASE-03712,Gujarat,Railways,54,43.8,1.51,0,0,24.6,4,341,0,96
CASE-03713,Telangana,Urban Metro,39,85.1,1.89,0,0,34.9,3,701,0,37
CASE-03714,Gujarat,Power/Transmission,87,79.2,2.66,0,1,16.9,6,195,1,626
CASE-03715,Odisha,Roads,14,55.5,-0.26,1,1,0.1,0,238,0,182
CASE-03716,Odisha,Railways,44,14.0,0.43,1,1,32.7,3,188,1,1030
CASE-03717,Gujarat,Roads,9,42.2,0.92,0,0,28.4,2,144,1,484
CASE-03718,Tamil Nadu,Roads,27,30.5,0.34,0,0,26.4,1,171,1,281
CASE-03719,Punjab,Urban Metro,31,68.8,1.78,0,1,36.4,3,439,1,620
CASE-03720,West Bengal,Roads,6,43.5,1.76,0,0,37.6,2,476,0,171
CASE-03721,Chhattisgarh,Power/Transmission,59,47.7,1.57,1,0,31.3,0,70,0,78
CASE-03722,West Bengal,Housing,49,16.0,1.02,1,0,4.4,0,747,1,351
CASE-03723,Odisha,Railways,39,80.8,3.12,1,0,0.0,4,626,1,947
CASE-03724,Karnataka,Railways,10,72.2,1.76,0,0,27.3,0,272,0,195
CASE-03725,Tamil Nadu,Irrigation,15,46.5,1.32,1,0,23.0,2,202,1,889
CASE-03726,Tamil Nadu,Urban Metro,53,6.8,1.58,0,1,24.1,1,263,0,210
CASE-03727,Punjab,Roads,27,63.8,2.39,0,0,47.4,2,302,0,250
CASE-03728,Bihar,Roads,23,30.8,1.76,0,0,35.8,0,160,0,111
CASE-03729,Rajasthan,Irrigation,64,92.7,0.46,0,0,19.2,1,166,0,123
CASE-03730,Gujarat,Housing,30,50.0,3.62,1,1,11.0,3,124,1,841
CASE-03731,Punjab,Roads,10,60.5,2.05,1,0,31.7,0,1418,1,721
CASE-03732,Haryana,Railways,52,63.8,0.12,1,0,28.9,1,225,1,544
CASE-03733,Andhra Pradesh,Housing,9,25.1,-0.68,0,0,18.8,1,1035,1,327
CASE-03734,Andhra Pradesh,Roads,27,79.0,2.33,0,0,0.0,3,205,0,238
CASE-03735,Uttar Pradesh,Roads,33,77.3,3.05,0,0,7.6,4,203,0,69
CASE-03736,Telangana,Irrigation,45,70.9,2.04,0,0,34.7,2,216,0,163
CASE-03737,Bihar,Roads,7,23.4,2.24,0,0,2.6,2,393,0,159
CASE-03738,Gujarat,Roads,3,62.5,2.27,0,0,30.7,2,478,1,632
CASE-03739,Tamil Nadu,Irrigation,3,68.7,1.51,1,0,28.7,1,691,1,479
CASE-03740,Karnataka,Power/Transmission,69,47.0,-0.52,1,0,7.1,7,223,1,975
CASE-03741,Uttar Pradesh,Irrigation,6,36.4,0.66,0,0,35.5,2,500,0,238
CASE-03742,Uttar Pradesh,Railways,82,93.1,2.45,0,0,20.8,4,139,0,93
CASE-03743,Odisha,Irrigation,56,38.8,2.2,0,1,19.8,2,771,1,456
CASE-03744,West Bengal,Irrigation,12,40.5,1.27,1,1,4.8,3,100,1,795
CASE-03745,Maharashtra,Urban Metro,4,90.4,0.84,0,0,41.5,1,111,0,71
CASE-03746,Gujarat,Power/Transmission,28,72.9,1.71,0,0,4.1,1,285,0,42
CASE-03747,Bihar,Power/Transmission,18,17.7,1.09,0,0,3.9,0,368,0,49
CASE-03748,Odisha,Urban Metro,65,66.3,1.4,0,0,24.1,3,217,0,127
CASE-03749,Bihar,Urban Metro,33,59.4,1.66,0,0,7.3,1,324,0,232
CASE-03750,Uttar Pradesh,Roads,27,69.6,0.57,1,0,53.0,2,308,1,828
CASE-03751,Maharashtra,Housing,23,25.7,2.46,0,0,7.2,2,176,0,93
CASE-03752,West Bengal,Urban Metro,45,46.7,1.3,0,0,33.9,7,420,0,27
CASE-03753,Karnataka,Railways,25,27.6,2.09,0,0,46.6,2,384,1,538
CASE-03754,Gujarat,Roads,93,49.0,1.58,0,0,32.7,1,466,0,110
CASE-03755,West Bengal,Irrigation,6,50.7,3.35,0,0,10.7,1,776,0,51
CASE-03756,Madhya Pradesh,Railways,21,42.6,2.15,0,1,27.2,3,938,1,831
CASE-03757,Bihar,Power/Transmission,40,91.8,1.99,0,0,42.3,3,436,0,197
CASE-03758,Bihar,Irrigation,36,47.6,1.95,0,0,0.0,0,319,0,167
CASE-03759,Haryana,Roads,92,66.2,4.0,1,0,38.5,2,469,0,51
CASE-03760,Uttar Pradesh,Roads,14,78.3,1.45,0,0,29.4,4,409,0,96
CASE-03761,Telangana,Urban Metro,1,48.1,1.7,0,0,50.4,1,78,0,70
CASE-03762,Madhya Pradesh,Roads,53,78.6,1.63,0,0,28.4,2,70,0,79
CASE-03763,Maharashtra,Power/Transmission,32,55.6,-0.86,0,0,24.3,2,504,0,302
CASE-03764,Bihar,Roads,54,84.3,1.61,0,0,32.3,1,557,0,26
CASE-03765,Maharashtra,Railways,35,59.0,2.72,0,1,3.4,3,70,1,446
CASE-03766,Tamil Nadu,Irrigation,2,35.8,2.12,1,0,9.8,2,141,0,104
CASE-03767,West Bengal,Roads,37,53.6,3.31,1,0,23.0,2,575,0,138
CASE-03768,Madhya Pradesh,Power/Transmission,14,19.2,2.44,0,1,14.1,4,285,1,575
CASE-03769,Rajasthan,Power/Transmission,21,43.5,2.1,1,0,12.8,3,343,0,58
CASE-03770,Chhattisgarh,Roads,24,80.5,2.57,0,1,52.6,4,62,0,111
CASE-03771,Punjab,Railways,9,60.6,1.94,1,0,48.9,1,493,1,548
CASE-03772,Punjab,Power/Transmission,14,62.8,1.16,1,0,0.0,3,63,0,205
CASE-03773,Rajasthan,Power/Transmission,47,95.9,1.35,0,0,22.6,3,490,0,248
CASE-03774,Tamil Nadu,Irrigation,47,47.5,-1.0,0,1,4.1,1,874,1,442
CASE-03775,Tamil Nadu,Power/Transmission,5,96.7,3.41,1,1,39.3,2,958,1,774
CASE-03776,West Bengal,Roads,32,71.7,1.26,1,0,25.3,2,517,0,122
CASE-03777,Rajasthan,Roads,51,65.1,0.25,0,0,44.0,1,66,1,411
CASE-03778,Maharashtra,Power/Transmission,30,68.7,1.06,0,0,9.1,1,476,0,229
CASE-03779,Gujarat,Power/Transmission,33,15.3,3.61,0,0,7.7,2,239,0,519
CASE-03780,Punjab,Urban Metro,6,71.0,1.59,1,0,18.7,2,67,0,106
CASE-03781,Maharashtra,Roads,63,50.4,1.81,1,0,13.0,2,351,1,679
CASE-03782,Odisha,Irrigation,10,86.5,4.0,0,0,20.6,3,690,0,88
CASE-03783,Punjab,Power/Transmission,20,64.3,2.5,0,1,39.8,1,165,1,647
CASE-03784,Bihar,Roads,51,61.7,1.15,0,0,29.0,1,817,0,72
CASE-03785,West Bengal,Irrigation,78,72.2,-0.54,1,0,17.6,1,219,0,186
CASE-03786,Haryana,Irrigation,21,12.5,2.27,0,0,22.8,1,232,1,383
CASE-03787,Punjab,Roads,108,78.2,0.69,1,0,0.0,3,165,0,157
CASE-03788,Uttar Pradesh,Railways,30,73.7,2.29,0,0,0.0,4,30,0,80
CASE-03789,Madhya Pradesh,Roads,28,45.7,1.44,0,1,40.2,3,66,0,158
CASE-03790,Rajasthan,Urban Metro,11,4.2,1.99,0,0,10.6,1,622,1,283
CASE-03791,Bihar,Roads,20,90.7,2.58,0,0,43.5,1,160,0,40
CASE-03792,Madhya Pradesh,Roads,32,5.2,-0.58,1,1,17.4,0,232,1,923
CASE-03793,Maharashtra,Roads,41,47.0,1.65,0,0,24.0,3,161,0,51
CASE-03794,Uttar Pradesh,Roads,39,43.2,1.48,1,0,34.5,2,198,0,237
CASE-03795,Andhra Pradesh,Roads,19,67.4,1.85,1,0,36.2,2,478,1,712
CASE-03796,Rajasthan,Irrigation,69,17.8,2.11,1,0,14.3,3,1010,1,821
CASE-03797,Chhattisgarh,Roads,29,93.8,1.68,1,0,23.1,1,841,0,20
CASE-03798,Tamil Nadu,Roads,27,64.0,0.72,0,1,21.7,5,333,1,905
CASE-03799,Karnataka,Roads,11,34.3,0.14,0,0,27.7,5,589,1,517
CASE-03800,Bihar,Railways,44,79.3,-0.41,0,1,24.9,2,712,0,40
CASE-03801,Maharashtra,Roads,26,73.1,1.64,1,0,11.0,0,626,0,35
CASE-03802,Uttar Pradesh,Irrigation,22,44.2,2.13,1,1,24.2,5,97,1,988
CASE-03803,Madhya Pradesh,Power/Transmission,8,33.7,1.09,1,0,0.1,2,340,0,269
CASE-03804,Uttar Pradesh,Power/Transmission,8,68.6,2.5,0,0,22.0,0,481,0,53
CASE-03805,Maharashtra,Roads,35,54.9,1.36,0,0,23.8,3,140,1,374
CASE-03806,Uttar Pradesh,Urban Metro,76,68.0,1.4,1,0,7.3,3,117,1,636
CASE-03807,Rajasthan,Power/Transmission,23,73.4,-0.23,0,1,17.8,3,392,1,535
CASE-03808,Chhattisgarh,Roads,23,98.7,0.97,0,1,14.3,1,358,0,61
CASE-03809,Punjab,Railways,44,60.0,2.6,0,0,14.6,3,701,0,115
CASE-03810,Tamil Nadu,Power/Transmission,61,20.2,3.18,1,1,33.4,4,50,1,1180
CASE-03811,Andhra Pradesh,Railways,17,47.4,1.27,0,1,28.9,2,785,1,646
CASE-03812,Uttar Pradesh,Railways,11,57.6,2.54,0,0,36.4,2,206,0,83
CASE-03813,Andhra Pradesh,Irrigation,25,23.5,3.2,1,0,53.2,2,84,1,914
CASE-03814,Maharashtra,Roads,39,24.7,0.38,0,1,38.5,2,461,1,691
CASE-03815,Karnataka,Housing,3,61.1,1.88,1,1,0.0,2,250,1,669
CASE-03816,Karnataka,Roads,19,69.3,1.73,1,1,12.2,1,597,0,226
CASE-03817,Karnataka,Roads,23,94.1,2.79,0,0,42.1,0,290,0,155
CASE-03818,Bihar,Roads,21,34.6,0.5,0,0,16.1,1,108,0,172
CASE-03819,Rajasthan,Railways,7,75.9,1.88,0,1,15.1,6,89,0,150
CASE-03820,Odisha,Urban Metro,19,39.5,1.19,0,0,27.0,2,38,0,59
CASE-03821,Gujarat,Urban Metro,24,83.7,2.01,0,1,17.7,3,396,0,184
CASE-03822,Chhattisgarh,Urban Metro,12,83.8,2.97,0,0,47.6,3,68,0,15
CASE-03823,Andhra Pradesh,Irrigation,33,40.8,3.27,0,0,19.6,3,245,0,260
CASE-03824,Maharashtra,Railways,49,10.8,2.98,1,0,58.2,1,272,1,622
CASE-03825,Gujarat,Railways,50,45.5,0.31,0,0,13.6,1,384,0,177
CASE-03826,Andhra Pradesh,Roads,15,78.7,0.93,0,0,12.1,0,204,1,424
CASE-03827,Bihar,Urban Metro,38,55.2,2.71,0,0,9.5,0,101,0,143
CASE-03828,Madhya Pradesh,Railways,36,50.5,2.23,0,0,10.2,3,204,0,125
CASE-03829,Punjab,Railways,87,68.4,1.18,0,0,32.9,2,296,0,311
CASE-03830,Chhattisgarh,Irrigation,38,68.0,0.4,0,0,1.8,3,668,0,15
CASE-03831,West Bengal,Power/Transmission,40,79.6,-1.0,0,0,6.9,1,794,0,145
CASE-03832,Chhattisgarh,Roads,56,53.8,-0.41,0,0,29.8,1,631,0,133
CASE-03833,Karnataka,Power/Transmission,9,53.1,1.13,0,0,0.0,2,362,0,167
CASE-03834,West Bengal,Power/Transmission,28,51.6,1.15,0,0,0.0,2,200,0,45
CASE-03835,Bihar,Urban Metro,79,10.3,1.99,1,0,21.2,0,322,1,459
CASE-03836,Karnataka,Roads,80,35.4,2.22,0,0,28.1,3,494,1,528
CASE-03837,Rajasthan,Roads,19,54.5,4.21,0,0,17.0,2,286,1,374
CASE-03838,Maharashtra,Railways,78,54.4,0.58,0,0,28.5,1,404,1,360
CASE-03839,Tamil Nadu,Urban Metro,22,5.2,-0.84,1,1,9.1,1,306,0,89
CASE-03840,Bihar,Housing,33,82.4,0.39,0,0,44.7,2,192,0,83
CASE-03841,Rajasthan,Irrigation,6,46.0,3.51,0,0,35.7,4,277,0,31
CASE-03842,Chhattisgarh,Roads,67,49.2,1.52,0,0,9.8,2,108,0,54
CASE-03843,Rajasthan,Roads,21,30.8,2.71,1,1,19.2,3,257,1,831
CASE-03844,Chhattisgarh,Irrigation,7,32.2,0.82,0,0,0.0,1,440,0,62
CASE-03845,Punjab,Roads,24,62.8,0.9,0,0,35.9,4,457,0,43
CASE-03846,West Bengal,Irrigation,2,40.2,-0.56,0,0,2.8,4,966,1,365
CASE-03847,Gujarat,Urban Metro,43,71.4,1.1,0,0,13.9,3,244,1,638
CASE-03848,Rajasthan,Railways,59,89.9,1.51,0,1,17.6,2,228,0,67
CASE-03849,Bihar,Railways,11,36.8,2.54,0,0,1.4,1,308,0,93
CASE-03850,Bihar,Roads,11,72.8,2.17,0,0,9.5,1,546,1,533
CASE-03851,Karnataka,Roads,40,90.1,3.88,0,1,27.6,5,817,0,136
CASE-03852,Bihar,Power/Transmission,44,59.1,1.32,1,0,14.5,1,781,1,661
CASE-03853,Madhya Pradesh,Railways,16,91.1,1.79,0,0,35.1,0,131,0,177
CASE-03854,Karnataka,Roads,13,49.8,1.48,0,0,33.1,3,390,1,471
CASE-03855,Chhattisgarh,Roads,52,66.2,0.67,0,1,9.3,0,529,0,56
CASE-03856,Uttar Pradesh,Roads,7,68.2,1.99,1,1,15.2,2,1286,1,713
CASE-03857,Tamil Nadu,Power/Transmission,18,56.9,1.17,0,0,15.2,3,669,0,185
CASE-03858,Karnataka,Irrigation,12,77.5,3.5,0,1,15.9,3,155,0,36
CASE-03859,Rajasthan,Irrigation,40,80.2,0.55,0,0,44.1,2,927,0,44
CASE-03860,Maharashtra,Irrigation,13,11.8,1.09,0,0,24.9,2,268,0,126
CASE-03861,West Bengal,Roads,56,72.8,0.01,1,0,0.0,3,712,0,45
CASE-03862,Maharashtra,Irrigation,18,33.6,1.91,1,0,12.2,4,788,1,664
CASE-03863,Rajasthan,Roads,35,86.5,-0.09,0,0,15.1,4,447,1,520
CASE-03864,Madhya Pradesh,Housing,13,85.9,1.49,1,0,28.4,4,160,1,885
CASE-03865,Punjab,Roads,30,25.3,0.1,0,0,49.0,2,345,0,65
CASE-03866,Madhya Pradesh,Railways,15,15.2,0.32,0,1,33.8,1,477,1,744
CASE-03867,Andhra Pradesh,Roads,10,23.4,0.58,1,0,20.5,1,843,1,468
CASE-03868,Bihar,Power/Transmission,44,41.3,2.38,1,0,9.2,0,452,0,185
CASE-03869,Chhattisgarh,Roads,13,39.0,1.39,0,1,43.3,5,577,0,225
CASE-03870,West Bengal,Housing,13,39.2,1.35,0,0,17.5,3,360,0,329
CASE-03871,Madhya Pradesh,Roads,28,74.9,2.17,0,0,0.7,0,622,0,118
CASE-03872,Uttar Pradesh,Urban Metro,32,41.6,0.71,0,0,27.4,1,166,0,94
CASE-03873,Maharashtra,Power/Transmission,10,24.2,-0.86,0,1,3.5,0,610,1,679
CASE-03874,Maharashtra,Roads,38,81.2,0.18,0,0,31.9,3,115,0,15
CASE-03875,Telangana,Roads,14,43.5,1.16,1,0,16.1,1,217,0,39
CASE-03876,Karnataka,Railways,8,70.0,1.44,0,0,17.4,3,352,0,85
CASE-03877,Maharashtra,Urban Metro,21,53.7,2.17,1,0,0.0,4,471,1,742
CASE-03878,Punjab,Urban Metro,20,60.0,1.33,0,1,38.2,2,637,1,576
CASE-03879,Maharashtra,Roads,36,11.0,2.72,0,0,4.3,2,237,0,165
CASE-03880,Karnataka,Railways,90,84.3,1.93,1,0,11.2,4,421,0,257
CASE-03881,Gujarat,Roads,28,25.6,-0.19,1,0,24.9,1,232,0,83
CASE-03882,Haryana,Roads,39,51.8,-1.0,1,0,19.8,1,233,1,525
CASE-03883,Gujarat,Irrigation,6,44.6,0.29,1,0,56.4,3,265,1,858
CASE-03884,West Bengal,Railways,58,20.3,1.67,0,0,0.0,2,680,0,274
CASE-03885,Telangana,Roads,23,62.6,1.95,0,0,16.3,4,532,0,47
CASE-03886,Maharashtra,Urban Metro,8,58.2,1.37,0,0,33.8,1,321,0,59
CASE-03887,Telangana,Power/Transmission,57,64.0,1.64,0,1,15.4,2,54,1,565
CASE-03888,Odisha,Power/Transmission,24,80.7,3.08,1,0,22.0,1,678,0,152
CASE-03889,Haryana,Roads,50,6.4,1.52,0,0,60.8,4,339,1,388
CASE-03890,Bihar,Urban Metro,96,49.6,1.92,0,0,23.0,2,701,1,562
CASE-03891,Uttar Pradesh,Irrigation,6,70.4,3.42,1,0,43.0,4,542,1,891
CASE-03892,Rajasthan,Irrigation,13,16.8,-0.67,0,0,31.7,2,149,1,249
CASE-03893,West Bengal,Roads,44,1.1,3.55,0,1,33.1,3,399,1,639
CASE-03894,West Bengal,Urban Metro,25,94.3,-1.0,1,0,19.0,3,89,1,893
CASE-03895,Haryana,Irrigation,2,95.1,0.51,0,0,0.0,4,263,0,98
CASE-03896,Chhattisgarh,Urban Metro,19,19.4,0.83,0,0,38.3,2,380,0,39
CASE-03897,Madhya Pradesh,Power/Transmission,21,57.7,-0.46,0,0,30.4,2,156,0,68
CASE-03898,Karnataka,Power/Transmission,24,80.1,1.3,0,1,30.0,4,1241,0,77
CASE-03899,Uttar Pradesh,Power/Transmission,13,57.3,1.44,0,0,19.8,5,783,1,350
CASE-03900,Uttar Pradesh,Housing,68,29.6,2.39,1,1,12.3,2,417,1,734
CASE-03901,Uttar Pradesh,Roads,6,87.0,2.35,0,0,41.8,3,70,0,153
CASE-03902,Tamil Nadu,Roads,34,61.3,1.71,0,0,26.9,0,207,0,54
CASE-03903,Rajasthan,Power/Transmission,16,20.0,2.84,0,1,0.0,2,173,0,66
CASE-03904,Andhra Pradesh,Irrigation,15,33.4,2.27,1,0,21.2,2,476,1,808
CASE-03905,Madhya Pradesh,Irrigation,62,85.2,1.11,0,0,17.4,4,288,0,121
CASE-03906,Rajasthan,Power/Transmission,20,74.8,1.64,0,0,0.0,1,565,0,89
CASE-03907,Tamil Nadu,Irrigation,34,80.3,0.74,1,0,10.8,2,527,0,106
CASE-03908,Haryana,Power/Transmission,46,63.6,0.03,1,0,60.9,2,206,0,22
CASE-03909,Andhra Pradesh,Railways,26,16.1,2.01,1,1,0.0,5,256,1,1064
CASE-03910,Tamil Nadu,Urban Metro,63,33.7,-0.3,1,0,4.7,4,437,1,763
CASE-03911,West Bengal,Roads,8,61.1,1.28,1,0,0.0,3,392,0,21
CASE-03912,West Bengal,Irrigation,35,94.3,-1.0,1,0,0.0,2,244,0,15
CASE-03913,Odisha,Urban Metro,90,32.7,1.59,0,0,0.0,3,924,0,178
CASE-03914,Madhya Pradesh,Roads,33,80.8,0.63,0,0,4.2,1,38,0,38
CASE-03915,Karnataka,Railways,5,19.4,2.18,0,0,47.7,6,52,0,217
CASE-03916,Bihar,Railways,36,85.2,1.23,1,0,35.6,1,407,1,602
CASE-03917,West Bengal,Irrigation,70,85.9,1.35,1,0,18.1,3,665,1,765
CASE-03918,Andhra Pradesh,Railways,19,69.9,1.56,0,0,47.1,3,224,0,110
CASE-03919,Rajasthan,Roads,19,78.0,0.77,0,0,14.9,2,94,0,207
CASE-03920,Karnataka,Urban Metro,43,60.3,0.82,0,0,7.7,1,64,0,134
CASE-03921,Uttar Pradesh,Roads,38,46.1,0.82,1,0,15.5,3,98,0,275
CASE-03922,Odisha,Irrigation,27,9.5,1.35,0,0,0.0,1,145,0,177
CASE-03923,Madhya Pradesh,Irrigation,14,72.5,0.83,0,1,0.0,1,90,0,154
CASE-03924,Haryana,Roads,17,59.4,2.04,0,1,31.9,1,1049,0,255
CASE-03925,Uttar Pradesh,Roads,11,78.2,-0.62,0,0,27.0,1,32,0,123
CASE-03926,Andhra Pradesh,Housing,4,90.5,-0.3,1,0,2.7,2,301,1,570
CASE-03927,Andhra Pradesh,Power/Transmission,58,97.6,3.77,0,0,29.0,4,212,0,129
CASE-03928,Tamil Nadu,Roads,45,33.8,0.98,0,0,29.6,0,354,1,319
CASE-03929,Uttar Pradesh,Power/Transmission,42,89.7,0.28,0,1,12.9,2,141,1,509
CASE-03930,Haryana,Irrigation,41,57.1,1.47,0,0,7.7,1,307,0,167
CASE-03931,Andhra Pradesh,Roads,22,27.5,2.42,0,0,33.9,3,78,0,60
CASE-03932,Andhra Pradesh,Power/Transmission,20,70.2,2.27,0,1,28.7,3,271,1,730
CASE-03933,West Bengal,Railways,8,48.2,0.6,0,0,48.1,1,551,0,467
CASE-03934,Maharashtra,Roads,47,67.4,0.88,0,0,28.5,6,622,1,619
CASE-03935,West Bengal,Urban Metro,126,23.0,1.1,1,0,0.0,3,616,1,712
CASE-03936,Bihar,Roads,35,85.2,1.87,0,0,0.0,2,664,0,69
CASE-03937,Madhya Pradesh,Roads,52,55.3,1.55,0,0,18.7,0,70,0,18
CASE-03938,Chhattisgarh,Roads,52,62.6,0.4,1,0,34.1,2,140,1,775
CASE-03939,West Bengal,Power/Transmission,74,49.7,0.89,1,0,26.8,0,272,1,679
CASE-03940,Maharashtra,Power/Transmission,12,61.9,1.18,1,0,12.7,2,868,1,536
CASE-03941,Maharashtra,Urban Metro,6,41.7,3.28,0,0,0.0,3,524,1,493
CASE-03942,Uttar Pradesh,Roads,30,23.6,1.29,0,0,44.0,5,35,0,97
CASE-03943,Uttar Pradesh,Power/Transmission,23,11.8,5.47,1,1,43.3,3,692,1,992
CASE-03944,Chhattisgarh,Irrigation,119,33.1,1.18,0,0,0.9,4,451,0,121
CASE-03945,Uttar Pradesh,Railways,11,34.1,-0.52,0,0,32.0,1,486,1,531
CASE-03946,Haryana,Roads,89,53.5,1.92,1,0,25.8,1,476,0,123
CASE-03947,Uttar Pradesh,Urban Metro,24,68.0,2.76,0,0,32.3,2,234,0,93
CASE-03948,Maharashtra,Roads,10,22.3,2.07,1,0,44.8,4,56,1,820
CASE-03949,Odisha,Irrigation,78,73.4,1.74,1,0,43.4,3,647,0,102
CASE-03950,Bihar,Irrigation,13,23.1,1.04,1,1,29.6,0,113,1,948
CASE-03951,Karnataka,Roads,53,33.6,1.16,0,0,18.3,4,221,0,28
CASE-03952,Punjab,Housing,31,83.2,-1.0,1,0,17.5,1,381,1,725
CASE-03953,Punjab,Urban Metro,89,38.1,2.53,1,0,18.7,1,153,0,16
CASE-03954,Gujarat,Railways,61,27.4,1.05,0,1,62.9,1,142,0,213
CASE-03955,Maharashtra,Power/Transmission,23,23.3,2.88,0,1,22.7,1,150,1,580
CASE-03956,Chhattisgarh,Railways,79,62.5,0.86,0,1,33.7,2,497,1,552
CASE-03957,Telangana,Power/Transmission,38,76.3,1.44,0,0,28.2,4,182,0,237
CASE-03958,Punjab,Roads,28,41.3,3.0,1,0,7.2,5,113,1,712
CASE-03959,Maharashtra,Railways,30,45.1,3.1,1,0,29.2,3,264,0,68
CASE-03960,Karnataka,Railways,54,87.8,2.51,0,0,12.1,2,437,0,77
CASE-03961,Madhya Pradesh,Railways,22,73.0,-0.75,0,1,7.8,2,414,0,119
CASE-03962,Uttar Pradesh,Railways,17,16.9,-0.03,1,1,30.9,2,52,1,909
CASE-03963,Rajasthan,Roads,14,53.9,2.34,1,0,3.0,1,538,0,156
CASE-03964,Bihar,Housing,35,64.7,0.66,0,0,35.2,1,97,1,394
CASE-03965,Madhya Pradesh,Roads,15,98.7,1.59,0,0,30.6,0,207,0,174
CASE-03966,Maharashtra,Roads,55,20.4,1.75,1,1,41.0,3,384,1,934
CASE-03967,West Bengal,Railways,22,32.7,1.81,0,0,29.2,3,183,1,614
CASE-03968,Uttar Pradesh,Irrigation,41,56.8,0.23,0,0,7.7,1,1088,0,31
CASE-03969,Karnataka,Roads,63,47.8,2.73,1,0,38.7,2,155,0,136
CASE-03970,Uttar Pradesh,Irrigation,75,70.9,0.87,1,0,39.5,2,241,1,704
CASE-03971,Punjab,Power/Transmission,32,43.9,2.21,0,1,35.4,2,672,1,713
CASE-03972,Uttar Pradesh,Roads,3,86.3,1.25,1,0,33.0,1,275,0,105
CASE-03973,West Bengal,Housing,4,64.5,3.81,1,0,0.0,3,917,1,604
CASE-03974,Uttar Pradesh,Railways,54,45.4,3.24,1,0,34.8,2,334,1,556
CASE-03975,Maharashtra,Irrigation,12,64.9,4.06,0,0,3.3,1,115,0,315
CASE-03976,Uttar Pradesh,Roads,21,91.8,3.48,0,0,12.7,3,930,0,115
CASE-03977,Maharashtra,Power/Transmission,59,32.2,1.34,0,0,9.5,2,406,0,56
CASE-03978,Uttar Pradesh,Urban Metro,18,63.8,0.86,0,1,0.0,4,389,0,85
CASE-03979,West Bengal,Roads,8,77.5,0.14,0,0,24.7,1,421,0,111
CASE-03980,Rajasthan,Roads,22,44.1,1.82,0,0,21.5,4,1739,1,442
CASE-03981,Maharashtra,Roads,46,83.3,1.53,0,0,41.9,4,205,0,26
CASE-03982,Karnataka,Roads,17,32.4,1.45,0,1,40.1,4,500,1,611
CASE-03983,Andhra Pradesh,Housing,42,94.1,0.51,0,1,24.7,4,178,0,75
CASE-03984,Bihar,Irrigation,9,65.9,1.93,1,0,33.8,2,285,1,725
CASE-03985,Madhya Pradesh,Irrigation,14,75.1,1.04,1,0,20.4,2,287,0,110
CASE-03986,Maharashtra,Housing,22,75.7,0.92,0,0,20.3,2,469,1,275
CASE-03987,Bihar,Urban Metro,65,15.3,1.7,1,0,23.9,2,128,1,643
CASE-03988,West Bengal,Urban Metro,19,88.9,1.41,1,0,19.7,2,537,0,104
CASE-03989,Telangana,Railways,17,76.9,-0.21,0,1,25.2,2,63,0,256
CASE-03990,Telangana,Railways,17,23.9,0.55,1,0,32.0,3,574,1,584
CASE-03991,Telangana,Roads,42,59.9,2.14,0,0,3.7,3,59,0,78
CASE-03992,Karnataka,Railways,50,69.3,1.44,1,0,15.9,2,198,1,577
CASE-03993,Maharashtra,Railways,63,59.5,-0.83,0,0,33.6,2,422,0,135
CASE-03994,Madhya Pradesh,Roads,99,66.0,2.34,1,0,13.7,0,464,1,445
CASE-03995,Bihar,Railways,35,57.2,1.44,0,0,14.0,2,383,0,15
CASE-03996,Maharashtra,Railways,15,35.9,0.23,0,1,37.2,3,588,0,268
CASE-03997,Maharashtra,Railways,24,75.7,0.7,0,1,10.9,1,292,1,490
CASE-03998,Karnataka,Roads,12,79.0,1.7,0,1,28.5,3,213,0,64
CASE-03999,Madhya Pradesh,Railways,30,26.0,-1.0,1,0,24.2,2,321,0,161
CASE-04000,Uttar Pradesh,Railways,14,62.5,2.0,0,0,35.3,3,158,0,118
CASE-04001,Gujarat,Power/Transmission,62,30.0,2.68,0,0,21.0,4,464,0,30
CASE-04002,Madhya Pradesh,Power/Transmission,33,68.6,2.57,1,0,10.1,1,366,1,628
CASE-04003,Odisha,Roads,76,66.1,2.89,0,0,12.2,1,567,0,159
CASE-04004,Bihar,Roads,48,27.0,0.56,0,0,46.8,5,161,0,100
CASE-04005,Andhra Pradesh,Railways,45,12.8,2.74,0,0,14.0,3,305,1,480
CASE-04006,Uttar Pradesh,Roads,8,52.6,1.83,0,0,13.0,2,238,0,121
CASE-04007,West Bengal,Railways,42,54.0,0.5,1,0,15.1,0,73,0,91
CASE-04008,Uttar Pradesh,Housing,97,54.0,2.06,0,0,17.9,2,166,0,123
CASE-04009,Uttar Pradesh,Roads,20,42.7,2.02,0,1,15.9,3,316,0,257
CASE-04010,Chhattisgarh,Railways,56,52.9,3.35,0,0,30.5,2,143,0,105
CASE-04011,Bihar,Power/Transmission,6,41.7,2.94,0,0,23.5,2,11,1,267
CASE-04012,Uttar Pradesh,Irrigation,11,12.9,0.67,1,0,13.1,3,167,1,692
CASE-04013,Haryana,Roads,26,78.6,1.91,0,0,32.8,4,371,0,185
CASE-04014,Maharashtra,Roads,17,79.8,1.9,0,0,26.2,0,318,0,18
CASE-04015,Andhra Pradesh,Housing,14,36.3,1.8,1,1,41.9,3,1503,1,983
CASE-04016,Andhra Pradesh,Roads,17,76.7,1.13,0,1,26.7,1,341,0,103
CASE-04017,Bihar,Irrigation,39,49.7,3.61,1,1,20.1,1,152,1,852
CASE-04018,Karnataka,Power/Transmission,57,56.3,0.75,0,0,18.9,3,509,1,658
CASE-04019,Maharashtra,Roads,41,39.6,3.5,0,0,24.2,4,484,0,23
CASE-04020,Gujarat,Power/Transmission,43,47.5,-0.21,0,1,27.5,6,312,1,660
CASE-04021,Bihar,Roads,26,36.9,1.04,1,0,22.0,4,49,1,756
CASE-04022,Uttar Pradesh,Roads,10,93.1,2.42,0,0,15.4,3,321,0,74
CASE-04023,Madhya Pradesh,Railways,25,3.3,0.24,1,0,31.4,3,466,1,815
CASE-04024,Haryana,Housing,31,62.7,0.62,1,1,28.5,4,569,1,731
CASE-04025,Tamil Nadu,Roads,58,58.4,2.14,0,0,22.3,0,264,0,196
CASE-04026,Punjab,Roads,85,96.5,-0.57,0,0,32.0,0,337,0,166
CASE-04027,Rajasthan,Housing,36,68.4,2.83,1,0,20.9,4,75,0,23
CASE-04028,Rajasthan,Roads,54,18.8,3.27,0,0,22.2,1,631,1,322
CASE-04029,West Bengal,Urban Metro,3,77.4,3.33,1,0,31.5,2,266,0,125
CASE-04030,Haryana,Power/Transmission,21,43.1,1.89,0,0,34.0,1,293,1,368
CASE-04031,West Bengal,Irrigation,26,29.2,0.99,1,0,31.8,4,700,1,735
CASE-04032,Madhya Pradesh,Power/Transmission,40,6.1,1.07,0,0,10.5,2,263,1,426
CASE-04033,Chhattisgarh,Power/Transmission,86,62.1,1.84,1,0,27.6,2,351,1,632
CASE-04034,Andhra Pradesh,Roads,35,77.9,1.66,1,0,22.7,4,184,0,15
CASE-04035,Uttar Pradesh,Housing,5,87.7,1.04,0,0,27.9,2,597,0,31
CASE-04036,Karnataka,Housing,43,38.8,3.4,1,0,49.4,4,676,1,814
CASE-04037,Madhya Pradesh,Urban Metro,20,39.5,1.2,0,0,18.8,8,80,0,27
CASE-04038,Odisha,Irrigation,40,21.4,3.22,1,0,22.3,0,450,1,585
CASE-04039,Madhya Pradesh,Irrigation,46,86.6,1.62,0,0,13.6,1,127,0,84
CASE-04040,Tamil Nadu,Irrigation,5,57.4,1.55,0,1,19.1,2,643,0,85
CASE-04041,Karnataka,Roads,25,24.6,2.12,0,0,11.8,0,342,0,171
CASE-04042,Gujarat,Railways,26,49.6,2.11,0,0,5.9,2,403,0,206
CASE-04043,Uttar Pradesh,Irrigation,34,24.1,1.33,1,0,0.0,2,600,1,689
CASE-04044,Haryana,Power/Transmission,15,67.4,2.18,0,0,11.6,2,125,0,45
CASE-04045,West Bengal,Railways,12,50.3,2.33,0,0,12.6,4,291,0,88
CASE-04046,Bihar,Railways,85,85.7,3.48,1,0,21.1,2,107,1,732
CASE-04047,Bihar,Irrigation,32,88.5,1.59,0,0,13.9,3,545,0,64
CASE-04048,Bihar,Railways,13,46.2,0.56,0,1,37.5,3,98,1,785
CASE-04049,Madhya Pradesh,Housing,18,49.3,0.69,0,0,25.4,4,231,0,192
CASE-04050,Gujarat,Power/Transmission,88,60.0,4.34,0,0,33.1,2,196,0,119
CASE-04051,Punjab,Roads,66,57.0,-0.76,0,1,36.7,0,709,0,70
CASE-04052,Rajasthan,Roads,16,61.1,0.07,0,0,42.8,1,811,1,373
CASE-04053,Andhra Pradesh,Power/Transmission,11,58.7,1.53,1,0,36.6,4,469,1,756
CASE-04054,Karnataka,Railways,11,29.9,0.76,1,0,8.7,5,376,1,789
CASE-04055,Tamil Nadu,Urban Metro,61,51.3,2.48,1,0,34.9,1,95,0,248
CASE-04056,Odisha,Roads,19,84.9,2.38,0,0,26.8,1,263,0,42
CASE-04057,Bihar,Roads,7,34.0,0.86,0,0,42.2,1,528,0,221
CASE-04058,Punjab,Railways,18,79.7,3.3,0,1,22.4,3,262,1,791
CASE-04059,Karnataka,Power/Transmission,34,9.9,0.18,1,0,39.2,0,388,1,711
CASE-04060,Tamil Nadu,Housing,25,46.1,0.62,0,0,23.5,2,21,0,129
CASE-04061,Punjab,Urban Metro,67,32.2,3.39,0,0,24.1,5,140,0,60
CASE-04062,Rajasthan,Railways,35,4.1,-0.07,1,1,32.0,5,481,1,906
CASE-04063,Uttar Pradesh,Urban Metro,38,70.7,1.92,0,0,17.3,6,89,0,215
CASE-04064,Andhra Pradesh,Roads,52,68.0,3.38,0,0,30.3,3,151,1,365
CASE-04065,Maharashtra,Irrigation,50,84.2,-1.0,0,1,0.0,5,39,0,87
CASE-04066,Tamil Nadu,Housing,18,51.2,1.09,0,1,29.3,4,303,1,688
CASE-04067,Bihar,Railways,11,76.8,2.64,0,0,2.9,4,148,0,100
CASE-04068,Rajasthan,Housing,33,69.6,1.18,0,0,30.3,2,763,0,177
CASE-04069,Haryana,Roads,29,30.2,1.57,0,1,0.0,1,415,0,15
CASE-04070,Uttar Pradesh,Roads,35,83.3,1.73,1,0,0.0,2,417,0,96
CASE-04071,Karnataka,Irrigation,37,85.2,1.88,1,0,22.8,1,118,0,189
CASE-04072,Chhattisgarh,Urban Metro,81,16.8,0.53,0,1,23.1,3,332,1,485
CASE-04073,Karnataka,Railways,22,6.3,2.42,0,0,18.2,1,81,0,203
CASE-04074,Uttar Pradesh,Urban Metro,38,46.0,1.81,0,0,32.8,3,154,0,26
CASE-04075,Maharashtra,Roads,11,89.1,0.12,0,0,36.0,1,920,0,58
CASE-04076,Karnataka,Power/Transmission,14,82.7,0.94,1,0,60.0,3,113,0,90
CASE-04077,Chhattisgarh,Irrigation,28,57.9,-0.2,0,1,22.7,3,244,1,682
CASE-04078,Andhra Pradesh,Roads,12,44.2,1.76,0,0,37.5,3,207,0,206
CASE-04079,Uttar Pradesh,Power/Transmission,44,68.5,2.09,1,0,9.6,4,639,1,692
CASE-04080,Karnataka,Power/Transmission,39,84.3,1.75,1,0,13.8,2,99,0,187
CASE-04081,Madhya Pradesh,Irrigation,16,83.9,2.16,0,0,9.7,0,341,0,191
CASE-04082,Bihar,Roads,23,73.3,1.66,0,1,20.3,3,34,1,524
CASE-04083,Gujarat,Roads,62,22.6,2.41,1,0,25.3,1,379,1,692
CASE-04084,Bihar,Housing,32,51.6,1.35,0,0,37.6,3,600,0,124
CASE-04085,Andhra Pradesh,Power/Transmission,113,65.8,2.34,1,0,27.2,1,265,0,307
CASE-04086,Haryana,Urban Metro,23,52.7,-0.04,0,0,42.1,2,324,0,66
CASE-04087,Andhra Pradesh,Power/Transmission,26,71.5,-0.18,0,0,42.3,1,357,0,79
CASE-04088,Chhattisgarh,Urban Metro,28,67.3,1.6,0,0,22.6,1,134,0,37
CASE-04089,Maharashtra,Roads,6,77.1,2.32,0,0,20.4,4,232,0,114
CASE-04090,Uttar Pradesh,Railways,25,52.8,1.17,0,0,0.0,0,124,0,237
CASE-04091,Maharashtra,Power/Transmission,24,64.9,2.27,0,0,13.9,4,372,0,73
CASE-04092,Gujarat,Roads,47,49.5,1.87,0,1,9.9,2,119,1,567
CASE-04093,Odisha,Roads,63,67.7,-0.96,0,0,10.5,3,230,0,88
CASE-04094,Uttar Pradesh,Irrigation,22,29.4,4.29,1,0,15.6,5,102,1,696
CASE-04095,Uttar Pradesh,Urban Metro,3,19.3,-0.01,0,0,29.9,2,212,1,426
CASE-04096,Madhya Pradesh,Power/Transmission,31,61.1,0.37,1,0,26.3,4,116,1,659
CASE-04097,Chhattisgarh,Roads,12,41.3,2.88,0,1,36.8,1,86,1,616
CASE-04098,Chhattisgarh,Housing,33,80.8,1.52,1,1,27.8,2,333,0,165
CASE-04099,Rajasthan,Roads,33,71.9,0.58,0,0,13.1,2,470,1,403
CASE-04100,Haryana,Roads,15,41.8,0.94,0,0,33.4,1,708,0,21
CASE-04101,Bihar,Housing,31,82.1,0.44,0,0,1.4,1,134,0,106
CASE-04102,Rajasthan,Power/Transmission,7,11.8,0.54,1,0,36.7,3,206,1,682
CASE-04103,Andhra Pradesh,Housing,35,26.5,2.45,0,0,10.5,2,444,0,95
CASE-04104,Bihar,Urban Metro,50,86.5,0.9,1,0,0.0,4,264,0,142
CASE-04105,Haryana,Power/Transmission,40,96.2,0.22,0,1,30.2,4,519,0,51
CASE-04106,Maharashtra,Roads,18,74.8,0.59,1,0,17.4,5,332,0,366
CASE-04107,Gujarat,Railways,47,83.7,1.31,0,1,39.6,2,161,0,42
CASE-04108,Gujarat,Housing,43,52.2,0.6,0,0,36.4,0,199,0,107
CASE-04109,Haryana,Urban Metro,45,85.8,1.13,0,0,7.2,3,270,0,146
CASE-04110,West Bengal,Railways,69,83.2,1.92,0,0,44.8,1,160,0,23
CASE-04111,Madhya Pradesh,Railways,37,74.9,0.92,0,1,0.0,1,140,0,31
CASE-04112,Tamil Nadu,Roads,11,57.9,0.47,1,0,29.0,3,438,1,576
CASE-04113,Tamil Nadu,Railways,13,77.6,0.66,1,0,43.4,1,362,1,574
CASE-04114,West Bengal,Urban Metro,37,75.5,3.17,0,0,6.8,1,15,0,275
CASE-04115,Gujarat,Roads,24,17.2,4.11,0,0,53.7,7,746,0,56
CASE-04116,Bihar,Railways,21,57.6,1.56,0,0,24.4,2,140,0,63
CASE-04117,Andhra Pradesh,Housing,43,71.1,2.37,0,1,27.6,1,468,0,79
CASE-04118,Odisha,Irrigation,9,44.7,0.37,1,1,39.6,1,271,1,801
CASE-04119,Madhya Pradesh,Railways,43,82.2,0.79,0,0,28.3,3,407,0,111
CASE-04120,West Bengal,Railways,23,82.5,2.04,1,0,2.1,4,352,0,73
CASE-04121,Punjab,Roads,35,65.9,-1.0,0,0,0.0,2,162,0,29
CASE-04122,Tamil Nadu,Roads,10,82.2,2.43,0,0,7.4,2,142,0,29
CASE-04123,Haryana,Roads,44,86.3,0.82,0,0,8.7,2,90,0,338
CASE-04124,Madhya Pradesh,Roads,56,69.9,0.21,0,0,7.8,0,375,1,508
CASE-04125,Telangana,Roads,177,10.3,1.97,0,0,12.5,0,511,0,15
CASE-04126,Uttar Pradesh,Railways,34,47.3,3.23,0,0,0.0,0,163,0,102
CASE-04127,West Bengal,Roads,54,83.0,1.12,0,0,4.1,3,351,0,27
CASE-04128,West Bengal,Housing,12,47.3,1.85,1,0,30.2,3,87,1,737
CASE-04129,Tamil Nadu,Roads,66,20.1,2.04,1,0,37.6,4,387,1,698
CASE-04130,Haryana,Railways,8,20.1,1.79,0,1,11.1,1,87,0,74
CASE-04131,Gujarat,Urban Metro,84,60.0,0.3,0,1,32.4,3,635,1,726
CASE-04132,Chhattisgarh,Roads,31,74.4,1.77,1,0,0.0,0,382,0,112
CASE-04133,Karnataka,Railways,8,15.0,1.72,0,0,26.1,1,252,0,160
CASE-04134,West Bengal,Urban Metro,21,44.3,-1.0,0,0,39.8,4,314,0,15
CASE-04135,West Bengal,Irrigation,54,62.2,2.53,1,1,29.7,5,367,0,83
CASE-04136,Maharashtra,Roads,25,59.3,-0.3,1,0,21.6,1,48,1,775
CASE-04137,West Bengal,Power/Transmission,24,34.2,1.65,0,0,0.0,2,361,0,53
CASE-04138,Odisha,Power/Transmission,51,72.0,3.32,1,0,50.4,0,151,0,15
CASE-04139,Rajasthan,Railways,26,50.4,1.21,1,0,51.1,2,356,1,731
CASE-04140,Tamil Nadu,Roads,63,64.7,0.24,0,0,32.5,1,532,0,230
CASE-04141,Karnataka,Roads,18,67.2,2.17,1,0,42.0,2,207,0,89
CASE-04142,West Bengal,Urban Metro,6,52.6,3.18,0,0,22.0,4,476,0,87
CASE-04143,Maharashtra,Railways,28,52.3,0.17,0,0,33.4,2,618,1,514
CASE-04144,Madhya Pradesh,Roads,30,63.5,-1.0,1,0,34.6,2,344,1,643
CASE-04145,West Bengal,Irrigation,17,13.2,2.92,0,1,21.0,2,272,1,835
CASE-04146,Bihar,Housing,35,14.1,2.53,0,0,9.6,2,298,1,202
CASE-04147,Maharashtra,Roads,7,68.0,1.96,0,0,35.1,0,142,0,104
CASE-04148,Rajasthan,Roads,36,72.1,-0.66,0,0,50.2,4,693,1,644
CASE-04149,Karnataka,Railways,11,86.2,2.22,1,0,40.6,1,377,0,123
CASE-04150,Karnataka,Power/Transmission,8,55.6,2.74,1,0,27.1,1,387,0,128
CASE-04151,Bihar,Railways,29,74.9,4.09,0,0,26.0,2,653,0,21
CASE-04152,Andhra Pradesh,Urban Metro,8,94.8,1.16,1,0,26.8,0,201,1,802
CASE-04153,Karnataka,Roads,4,63.0,1.69,0,0,0.0,2,89,0,51
CASE-04154,West Bengal,Railways,39,68.8,-1.0,0,0,20.4,1,260,1,484
CASE-04155,Andhra Pradesh,Railways,12,87.6,2.66,0,0,18.8,3,852,0,87
CASE-04156,Maharashtra,Railways,42,74.8,2.63,0,1,3.9,2,683,0,181
CASE-04157,Haryana,Railways,23,38.5,1.98,0,1,37.8,3,81,1,679
CASE-04158,Maharashtra,Power/Transmission,29,72.7,2.93,0,0,26.2,1,161,0,16
CASE-04159,Karnataka,Railways,55,70.6,0.56,0,0,0.0,3,571,0,138
CASE-04160,Uttar Pradesh,Power/Transmission,37,27.9,1.24,1,0,25.5,5,357,1,878
CASE-04161,West Bengal,Roads,42,63.9,1.29,1,1,41.1,3,324,1,821
CASE-04162,Bihar,Irrigation,41,75.0,2.82,1,0,13.1,1,233,0,43
CASE-04163,Odisha,Railways,16,63.5,2.85,0,0,6.6,0,169,0,82
CASE-04164,Karnataka,Irrigation,36,48.5,1.88,0,0,2.7,0,202,0,291
CASE-04165,Chhattisgarh,Roads,13,48.2,1.82,0,0,23.5,4,76,0,15
CASE-04166,Bihar,Housing,36,35.7,2.16,0,0,11.1,2,419,0,167
CASE-04167,Maharashtra,Urban Metro,22,50.2,1.1,0,1,0.0,2,186,0,146
CASE-04168,Karnataka,Urban Metro,25,51.0,3.13,0,0,46.3,0,403,1,415
CASE-04169,Andhra Pradesh,Urban Metro,78,72.8,0.96,0,0,25.1,2,68,0,78
CASE-04170,Karnataka,Roads,40,47.1,2.02,0,0,14.1,4,282,1,433
CASE-04171,Punjab,Irrigation,17,48.5,0.78,1,0,47.1,1,537,1,677
CASE-04172,Rajasthan,Railways,7,29.0,2.64,0,0,26.1,2,372,0,112
CASE-04173,Telangana,Urban Metro,30,50.7,1.38,0,0,20.0,0,212,1,319
CASE-04174,Bihar,Roads,7,62.0,3.98,0,0,25.3,4,107,0,17
CASE-04175,Tamil Nadu,Roads,85,39.7,1.35,0,0,14.1,2,333,0,149
CASE-04176,Andhra Pradesh,Power/Transmission,26,81.3,2.62,0,1,19.9,1,581,0,89
CASE-04177,Chhattisgarh,Roads,51,35.4,0.74,0,0,30.8,1,757,0,189
CASE-04178,Telangana,Power/Transmission,9,78.0,1.13,0,0,47.2,1,401,0,95
CASE-04179,Rajasthan,Roads,39,99.1,1.45,0,0,13.8,3,180,0,267
CASE-04180,Haryana,Power/Transmission,58,53.9,1.92,0,0,31.4,1,237,0,288
CASE-04181,Gujarat,Urban Metro,42,82.0,0.6,0,0,0.0,2,360,0,109
CASE-04182,Uttar Pradesh,Irrigation,48,57.1,0.82,1,0,29.6,1,326,1,709
CASE-04183,Rajasthan,Roads,37,51.1,1.61,1,0,49.1,1,59,0,15
CASE-04184,West Bengal,Roads,20,69.1,1.98,0,0,22.4,2,866,0,84
CASE-04185,Haryana,Roads,13,71.4,1.46,1,0,13.3,4,277,1,852
CASE-04186,Tamil Nadu,Roads,15,74.3,1.28,0,0,14.0,6,276,0,115
CASE-04187,Maharashtra,Irrigation,86,74.2,-0.09,0,0,29.3,2,81,0,38
CASE-04188,Uttar Pradesh,Railways,32,72.7,2.1,0,0,22.9,2,210,0,15
CASE-04189,Maharashtra,Roads,62,51.7,2.51,0,0,15.9,1,471,0,165
CASE-04190,West Bengal,Roads,18,47.3,2.65,1,1,31.8,3,514,1,1105
CASE-04191,Maharashtra,Housing,46,69.1,1.68,1,0,8.8,5,402,0,29
CASE-04192,Gujarat,Roads,13,70.9,0.78,0,0,35.0,3,136,0,158
CASE-04193,Andhra Pradesh,Railways,23,33.5,1.11,1,1,17.3,6,593,1,1091
CASE-04194,Odisha,Railways,20,54.8,1.69,0,0,31.9,1,157,0,118
CASE-04195,Bihar,Roads,80,63.2,1.48,1,0,34.6,2,147,1,736
CASE-04196,West Bengal,Housing,15,51.1,0.49,0,0,0.0,0,187,0,109
CASE-04197,Maharashtra,Roads,43,73.2,-0.52,0,0,20.9,2,636,1,415
CASE-04198,Haryana,Power/Transmission,38,84.7,0.83,1,0,0.0,1,197,0,58
CASE-04199,Uttar Pradesh,Irrigation,10,92.9,1.17,0,0,0.0,2,370,0,120
CASE-04200,Maharashtra,Urban Metro,63,57.1,1.87,0,0,18.5,3,220,0,220
CASE-04201,Uttar Pradesh,Power/Transmission,67,29.8,1.01,1,0,26.6,2,769,1,853
CASE-04202,Tamil Nadu,Power/Transmission,33,10.1,1.2,0,0,0.0,4,333,1,604
CASE-04203,Maharashtra,Railways,29,23.4,1.63,0,0,26.1,2,185,0,74
CASE-04204,Chhattisgarh,Railways,5,26.6,3.38,0,1,8.9,6,63,0,220
CASE-04205,Gujarat,Power/Transmission,8,36.3,1.3,0,0,23.0,1,401,0,24
CASE-04206,Gujarat,Irrigation,23,67.7,-0.36,0,0,59.9,2,281,1,571
CASE-04207,Uttar Pradesh,Irrigation,13,34.0,0.68,1,0,17.2,1,204,0,296
CASE-04208,Maharashtra,Roads,51,69.2,3.67,0,0,4.9,1,101,0,33
CASE-04209,Karnataka,Roads,8,90.4,3.22,0,0,21.7,1,830,0,153
CASE-04210,Uttar Pradesh,Railways,7,80.9,2.63,0,0,19.1,2,448,0,81
CASE-04211,Rajasthan,Roads,40,54.0,2.34,0,0,16.8,3,552,0,150
CASE-04212,Madhya Pradesh,Railways,36,35.0,2.36,0,0,22.5,2,230,0,18
CASE-04213,Karnataka,Roads,31,28.8,1.21,0,0,19.2,5,246,0,99
CASE-04214,Maharashtra,Irrigation,47,64.6,2.54,0,0,3.4,2,906,0,36
CASE-04215,Andhra Pradesh,Power/Transmission,17,51.9,2.59,1,0,34.4,0,120,1,664
CASE-04216,Uttar Pradesh,Irrigation,20,82.4,2.51,1,0,41.7,3,757,1,846
CASE-04217,Rajasthan,Power/Transmission,35,48.4,0.78,0,0,16.4,3,706,0,89
CASE-04218,Maharashtra,Roads,32,63.7,1.11,0,0,27.3,1,82,0,94
CASE-04219,Telangana,Roads,14,40.2,0.73,0,0,0.0,0,101,0,191
CASE-04220,Rajasthan,Power/Transmission,57,73.3,2.7,0,0,21.7,4,996,0,252
CASE-04221,Uttar Pradesh,Urban Metro,10,74.9,1.86,0,0,50.9,6,275,0,69
CASE-04222,Maharashtra,Power/Transmission,22,29.5,1.97,0,0,34.0,1,282,1,392
CASE-04223,Madhya Pradesh,Power/Transmission,11,71.8,2.19,0,1,24.3,1,347,0,297
CASE-04224,Uttar Pradesh,Power/Transmission,110,51.3,-0.19,1,0,21.3,2,196,1,580
CASE-04225,Uttar Pradesh,Power/Transmission,29,76.2,2.56,0,0,17.5,4,578,0,178
CASE-04226,Odisha,Power/Transmission,12,13.9,0.85,0,0,28.3,7,85,1,516
CASE-04227,Chhattisgarh,Power/Transmission,20,48.4,0.96,1,0,37.4,3,557,1,750
CASE-04228,Uttar Pradesh,Roads,35,44.7,0.5,0,0,14.5,3,185,0,112
CASE-04229,Andhra Pradesh,Roads,51,45.4,1.6,1,0,33.3,3,151,1,682
CASE-04230,Bihar,Railways,13,44.0,1.42,0,0,9.9,4,206,1,380
CASE-04231,Telangana,Irrigation,70,19.0,-0.17,0,0,15.4,1,497,1,368
CASE-04232,Maharashtra,Power/Transmission,28,91.7,-0.65,0,0,5.3,1,216,1,525
CASE-04233,Gujarat,Railways,41,60.0,1.26,0,0,24.4,0,34,0,27
CASE-04234,Tamil Nadu,Roads,18,75.2,2.48,1,1,23.3,2,123,0,91
CASE-04235,Maharashtra,Power/Transmission,37,61.5,2.36,0,1,27.9,2,420,0,117
CASE-04236,Uttar Pradesh,Roads,17,71.6,2.7,0,0,26.6,1,128,0,189
CASE-04237,Madhya Pradesh,Urban Metro,20,79.7,1.26,0,1,32.8,3,139,0,76
CASE-04238,Odisha,Roads,52,88.0,1.08,0,1,53.3,6,155,1,745
CASE-04239,Andhra Pradesh,Railways,39,72.0,1.37,0,0,33.0,3,519,0,262
CASE-04240,Rajasthan,Railways,22,72.4,2.47,0,0,0.0,2,344,0,74
CASE-04241,Tamil Nadu,Roads,50,48.1,3.44,0,0,18.3,2,633,0,231
CASE-04242,Tamil Nadu,Roads,34,58.8,0.95,0,0,21.5,0,221,0,47
CASE-04243,West Bengal,Roads,5,70.1,1.18,1,0,0.0,1,663,0,44
CASE-04244,West Bengal,Railways,25,32.3,1.54,0,0,34.5,0,27,0,62
CASE-04245,Gujarat,Railways,51,20.3,1.18,1,0,48.8,0,309,0,193
CASE-04246,Bihar,Power/Transmission,84,10.5,0.8,0,0,9.0,2,242,1,343
CASE-04247,Odisha,Roads,11,42.6,1.35,1,0,40.9,2,217,1,947
CASE-04248,Maharashtra,Railways,49,76.8,0.55,0,1,38.1,2,689,0,283
CASE-04249,Uttar Pradesh,Roads,28,47.5,2.37,0,0,26.1,0,233,0,76
CASE-04250,Tamil Nadu,Housing,10,65.0,3.27,0,0,34.5,0,439,0,89
CASE-04251,Madhya Pradesh,Power/Transmission,10,56.2,1.16,1,0,10.5,1,720,0,79
CASE-04252,Uttar Pradesh,Housing,12,48.7,3.5,0,0,39.3,3,329,0,15
CASE-04253,Uttar Pradesh,Urban Metro,7,56.6,1.37,0,0,41.0,4,179,0,131
CASE-04254,Andhra Pradesh,Railways,9,49.3,0.66,0,0,29.2,4,62,0,142
CASE-04255,Odisha,Power/Transmission,29,28.3,2.32,0,0,26.6,3,242,0,28
CASE-04256,Maharashtra,Railways,4,91.1,0.39,0,0,10.1,2,388,0,125
CASE-04257,Maharashtra,Urban Metro,14,37.7,2.25,0,0,36.2,1,534,0,15
CASE-04258,West Bengal,Railways,21,46.0,1.8,0,0,22.2,3,439,0,68
CASE-04259,Punjab,Railways,14,82.2,1.02,1,0,20.0,0,146,0,121
CASE-04260,Bihar,Urban Metro,8,50.2,0.89,1,0,36.2,6,352,1,779
CASE-04261,Punjab,Urban Metro,28,74.1,0.45,0,0,17.7,2,205,0,23
CASE-04262,Haryana,Housing,13,33.7,2.74,0,1,11.4,2,93,1,557
CASE-04263,Bihar,Roads,14,81.7,1.23,1,1,38.3,6,539,1,1062
CASE-04264,Tamil Nadu,Roads,25,46.9,1.87,1,0,0.0,3,92,1,707
CASE-04265,Rajasthan,Railways,43,52.7,1.49,0,0,32.9,1,341,1,258
CASE-04266,West Bengal,Railways,16,38.1,1.25,1,0,3.5,2,108,1,786
CASE-04267,Karnataka,Railways,17,37.6,1.89,1,0,0.0,3,368,1,561
CASE-04268,Tamil Nadu,Roads,9,24.0,2.11,0,0,31.9,2,310,0,164
CASE-04269,Tamil Nadu,Power/Transmission,51,59.5,1.67,1,1,26.9,5,168,1,902
CASE-04270,Gujarat,Roads,28,89.8,1.27,0,0,12.5,3,279,0,235
CASE-04271,Telangana,Power/Transmission,49,84.6,0.2,1,0,4.7,3,78,0,275
CASE-04272,West Bengal,Urban Metro,54,89.1,0.78,0,0,27.1,4,1008,0,92
CASE-04273,Tamil Nadu,Irrigation,16,51.6,1.13,0,0,15.0,2,127,0,110
CASE-04274,Odisha,Railways,46,24.7,1.52,0,0,33.9,3,471,0,157
CASE-04275,Uttar Pradesh,Roads,30,53.3,-0.59,0,0,13.4,2,882,1,474
CASE-04276,Maharashtra,Roads,17,23.9,2.24,0,1,15.6,2,306,1,580
CASE-04277,Karnataka,Power/Transmission,15,56.7,1.89,0,0,38.6,2,513,0,196
CASE-04278,Odisha,Railways,27,54.4,0.8,0,0,6.6,2,832,0,160
CASE-04279,Bihar,Roads,32,31.0,0.4,1,0,0.2,3,381,0,95
CASE-04280,Rajasthan,Housing,3,35.8,0.68,0,0,8.0,2,216,0,51
CASE-04281,Maharashtra,Power/Transmission,19,63.8,-0.09,1,1,25.6,1,569,1,804
CASE-04282,Madhya Pradesh,Urban Metro,31,49.4,1.09,0,0,50.7,0,295,1,400
CASE-04283,Chhattisgarh,Railways,37,65.8,1.28,0,0,24.3,4,44,0,85
CASE-04284,Uttar Pradesh,Housing,24,80.5,2.6,1,1,8.9,3,142,1,774
CASE-04285,Haryana,Roads,36,41.3,2.07,0,0,9.6,0,260,0,29
CASE-04286,Uttar Pradesh,Roads,15,21.2,3.0,0,0,28.2,3,635,1,537
CASE-04287,Haryana,Urban Metro,36,13.8,1.63,0,0,0.0,0,366,0,136
CASE-04288,Uttar Pradesh,Urban Metro,32,20.6,0.41,0,0,0.0,0,189,0,50
CASE-04289,Telangana,Railways,54,88.7,3.59,1,0,24.9,1,381,0,149
CASE-04290,Chhattisgarh,Roads,72,67.9,1.12,0,0,35.3,1,30,0,143
CASE-04291,Maharashtra,Railways,54,34.2,-0.35,0,1,35.6,2,100,1,787
CASE-04292,Maharashtra,Power/Transmission,22,89.1,1.76,1,0,27.2,1,864,1,542
CASE-04293,Maharashtra,Urban Metro,10,27.5,-0.41,0,0,40.0,2,55,1,708
CASE-04294,Andhra Pradesh,Railways,14,17.6,1.4,0,0,19.2,1,877,1,329
CASE-04295,Tamil Nadu,Roads,71,64.7,0.93,1,0,16.3,1,1047,1,631
CASE-04296,Karnataka,Power/Transmission,28,55.0,2.13,0,1,21.2,3,294,0,107
CASE-04297,Karnataka,Power/Transmission,33,65.3,2.64,1,0,26.4,1,512,0,222
CASE-04298,Andhra Pradesh,Railways,49,39.0,1.11,0,0,80.4,1,141,0,81
CASE-04299,Andhra Pradesh,Irrigation,27,62.9,1.02,0,1,19.0,2,207,0,96
CASE-04300,Rajasthan,Housing,60,43.8,2.41,0,1,24.7,1,935,1,536
CASE-04301,West Bengal,Roads,9,15.3,0.58,1,0,48.1,3,735,1,706
CASE-04302,Gujarat,Irrigation,38,47.6,1.58,1,1,30.3,1,693,0,24
CASE-04303,Telangana,Irrigation,86,82.5,2.15,0,0,0.0,1,534,1,171
CASE-04304,Madhya Pradesh,Irrigation,63,19.8,0.55,0,1,47.8,2,77,1,743
CASE-04305,Maharashtra,Urban Metro,66,55.5,1.14,0,0,26.9,1,206,0,51
CASE-04306,Uttar Pradesh,Irrigation,8,93.4,1.62,0,0,0.0,2,225,0,62
CASE-04307,Andhra Pradesh,Irrigation,32,82.0,3.1,0,0,15.9,3,660,0,78
CASE-04308,Madhya Pradesh,Roads,25,35.3,0.05,0,0,11.2,1,285,0,121
CASE-04309,Punjab,Power/Transmission,14,94.3,1.32,0,1,14.9,3,488,0,116
CASE-04310,Chhattisgarh,Roads,32,34.1,3.12,0,0,21.5,4,130,0,80
CASE-04311,West Bengal,Roads,10,14.7,2.67,0,0,32.8,4,110,0,196
CASE-04312,Tamil Nadu,Railways,36,87.6,1.17,0,0,41.0,1,281,0,39
CASE-04313,Bihar,Irrigation,13,76.2,1.41,1,0,41.6,1,172,0,106
CASE-04314,Tamil Nadu,Housing,35,47.0,2.05,0,0,46.0,3,490,1,529
CASE-04315,Maharashtra,Power/Transmission,14,33.1,2.08,1,0,19.0,3,530,0,325
CASE-04316,Chhattisgarh,Urban Metro,21,39.5,3.15,0,0,0.0,2,170,0,69
CASE-04317,Punjab,Railways,20,73.6,2.86,1,0,0.0,1,175,0,246
CASE-04318,Tamil Nadu,Irrigation,24,21.8,-0.16,0,0,33.6,3,283,0,103
CASE-04319,Odisha,Housing,26,22.2,-0.41,1,0,21.1,5,771,1,778
CASE-04320,Karnataka,Railways,20,54.2,0.85,0,0,44.5,2,427,0,154
CASE-04321,Tamil Nadu,Urban Metro,12,69.7,-0.72,0,0,29.0,0,328,0,101
CASE-04322,Andhra Pradesh,Irrigation,56,12.4,3.07,0,0,0.0,3,199,0,76
CASE-04323,Chhattisgarh,Roads,27,53.5,-0.3,0,0,12.9,2,256,0,88
CASE-04324,Maharashtra,Irrigation,33,61.9,1.14,1,0,28.4,2,501,1,494
CASE-04325,Uttar Pradesh,Roads,20,35.4,0.45,0,1,5.3,2,547,0,199
CASE-04326,Andhra Pradesh,Roads,112,50.7,-0.4,0,1,44.6,1,76,1,484
CASE-04327,Maharashtra,Roads,29,53.6,2.92,0,0,15.4,3,106,0,152
CASE-04328,Gujarat,Roads,58,81.3,0.81,0,0,17.2,0,490,0,171
CASE-04329,Odisha,Railways,21,60.3,3.79,0,0,0.0,4,773,0,78
CASE-04330,Haryana,Urban Metro,39,40.8,3.19,0,0,52.6,3,251,0,156
CASE-04331,Maharashtra,Railways,24,45.0,1.5,0,0,19.1,0,385,0,97
CASE-04332,Punjab,Urban Metro,52,64.4,-1.0,0,0,26.4,1,32,0,88
CASE-04333,Maharashtra,Irrigation,18,83.6,1.09,0,1,10.4,1,636,0,23
CASE-04334,West Bengal,Roads,10,39.8,4.24,1,0,16.1,4,322,1,818
CASE-04335,Odisha,Roads,33,42.1,2.01,1,0,26.6,1,569,1,614
CASE-04336,Maharashtra,Housing,54,71.3,1.3,0,1,28.5,3,251,0,163
CASE-04337,Maharashtra,Irrigation,24,17.2,0.77,0,1,30.6,3,690,1,677
CASE-04338,Maharashtra,Housing,18,61.5,2.56,1,0,37.2,1,828,0,220
CASE-04339,West Bengal,Railways,9,43.8,1.94,1,0,32.4,0,250,1,719
CASE-04340,Tamil Nadu,Power/Transmission,55,92.7,1.84,0,1,30.2,0,591,0,31
CASE-04341,Uttar Pradesh,Power/Transmission,13,38.2,2.86,0,0,12.1,1,719,0,93
CASE-04342,Uttar Pradesh,Housing,20,10.6,2.8,1,1,18.6,5,342,1,929
CASE-04343,Andhra Pradesh,Roads,19,21.5,2.02,0,0,3.6,0,316,0,278
CASE-04344,Bihar,Housing,26,14.7,-0.4,1,1,14.5,2,1076,1,675
CASE-04345,Gujarat,Railways,39,42.6,0.32,1,0,28.4,5,381,0,212
CASE-04346,Punjab,Urban Metro,92,49.3,0.76,0,0,28.0,1,302,0,76
CASE-04347,Gujarat,Irrigation,34,64.0,1.46,1,0,31.9,2,144,0,117
CASE-04348,Odisha,Irrigation,9,20.7,3.3,1,0,44.1,0,310,0,187
CASE-04349,West Bengal,Railways,25,86.6,3.96,0,0,2.3,2,440,0,58
CASE-04350,Odisha,Urban Metro,34,48.8,1.97,1,0,0.0,4,478,1,616
CASE-04351,Uttar Pradesh,Roads,61,4.8,2.16,0,0,18.1,3,159,0,76
CASE-04352,Maharashtra,Railways,56,51.6,-0.31,0,0,44.1,3,277,0,314
CASE-04353,Rajasthan,Irrigation,24,18.6,0.99,0,0,43.6,4,361,1,400
CASE-04354,Maharashtra,Power/Transmission,28,47.5,0.84,0,0,25.0,4,77,0,26
CASE-04355,Haryana,Railways,31,73.3,0.74,0,0,17.7,1,471,0,15
CASE-04356,Rajasthan,Power/Transmission,28,41.8,2.2,1,0,25.9,4,430,0,78
CASE-04357,Punjab,Railways,25,33.8,0.96,0,0,38.8,3,364,0,115
CASE-04358,Madhya Pradesh,Power/Transmission,73,85.9,-0.77,1,0,10.3,4,335,0,190
CASE-04359,West Bengal,Power/Transmission,15,62.1,2.51,0,1,13.4,1,163,0,88
CASE-04360,Gujarat,Power/Transmission,50,38.0,2.94,0,1,23.4,5,514,0,48
CASE-04361,Bihar,Urban Metro,44,68.8,1.85,0,1,38.8,5,249,0,59
CASE-04362,Andhra Pradesh,Irrigation,24,51.2,1.3,0,0,34.5,2,211,1,433
CASE-04363,Rajasthan,Roads,15,54.6,0.42,1,1,0.0,4,124,1,971
CASE-04364,Telangana,Power/Transmission,27,87.3,0.5,0,0,34.6,1,256,0,70
CASE-04365,Gujarat,Roads,40,53.0,2.79,0,0,21.8,2,536,1,491
CASE-04366,Maharashtra,Roads,1,81.2,0.6,1,1,31.5,0,213,1,748
CASE-04367,West Bengal,Power/Transmission,10,46.5,3.92,0,0,18.8,0,304,0,17
CASE-04368,Andhra Pradesh,Railways,3,93.6,2.64,0,0,29.5,3,40,0,109
CASE-04369,Uttar Pradesh,Railways,33,21.3,1.91,0,0,22.7,8,118,1,651
CASE-04370,Karnataka,Housing,32,49.7,4.76,1,0,13.8,1,73,1,518
CASE-04371,Bihar,Roads,11,21.1,3.03,0,1,10.6,3,290,0,523
CASE-04372,Maharashtra,Roads,14,23.8,0.98,0,0,19.1,2,348,0,130
CASE-04373,West Bengal,Roads,31,26.8,0.27,1,0,2.6,2,155,1,705
CASE-04374,Uttar Pradesh,Roads,6,82.8,0.99,0,0,15.4,7,352,0,135
CASE-04375,Chhattisgarh,Power/Transmission,42,59.4,1.38,1,1,17.2,4,373,1,828
CASE-04376,Uttar Pradesh,Power/Transmission,22,70.8,0.59,1,0,37.5,4,291,0,102
CASE-04377,Gujarat,Irrigation,26,37.7,0.15,0,0,32.0,7,126,0,87
CASE-04378,Uttar Pradesh,Roads,27,89.6,1.78,0,0,52.2,2,651,0,116
CASE-04379,Haryana,Irrigation,9,9.8,2.57,0,0,0.0,2,855,1,218
CASE-04380,Maharashtra,Roads,27,67.4,3.73,0,0,18.2,1,554,0,167
CASE-04381,West Bengal,Power/Transmission,39,28.8,1.59,0,0,40.5,6,105,0,90
CASE-04382,Madhya Pradesh,Irrigation,15,52.1,2.22,1,0,26.1,1,70,0,170
CASE-04383,Bihar,Roads,13,55.7,-0.72,0,0,18.7,4,877,0,98
CASE-04384,West Bengal,Urban Metro,88,76.7,2.53,0,0,8.0,1,292,1,285
CASE-04385,Odisha,Power/Transmission,12,45.4,0.29,0,0,32.4,2,1331,1,636
CASE-04386,Haryana,Railways,19,60.1,1.87,1,1,24.8,2,134,1,764
CASE-04387,Bihar,Irrigation,65,85.6,1.45,0,1,16.9,3,279,0,115
CASE-04388,Uttar Pradesh,Irrigation,6,69.6,1.21,0,1,37.1,2,1038,0,28
CASE-04389,Gujarat,Roads,23,19.4,-0.28,1,0,55.6,2,572,0,237
CASE-04390,Andhra Pradesh,Roads,38,49.0,0.59,0,1,8.7,4,614,1,746
CASE-04391,Uttar Pradesh,Power/Transmission,25,68.6,0.35,0,0,30.7,1,121,0,91
CASE-04392,Gujarat,Housing,5,66.1,0.79,1,0,24.1,1,586,0,48
CASE-04393,West Bengal,Irrigation,10,86.8,2.92,0,1,31.7,3,732,0,41
CASE-04394,Rajasthan,Irrigation,4,50.5,1.08,0,0,41.8,0,100,0,138
CASE-04395,Madhya Pradesh,Irrigation,22,36.4,0.69,0,0,43.3,1,87,0,48
CASE-04396,Karnataka,Railways,34,34.7,2.28,0,0,14.5,1,659,1,353
CASE-04397,Uttar Pradesh,Roads,15,27.1,1.89,0,0,0.0,3,298,0,196
CASE-04398,Gujarat,Railways,20,71.6,3.94,1,0,20.6,3,552,1,639
CASE-04399,Uttar Pradesh,Urban Metro,20,63.1,2.71,1,1,20.7,2,412,0,22
CASE-04400,Tamil Nadu,Urban Metro,58,36.6,-0.89,0,0,0.0,0,63,0,95
CASE-04401,Tamil Nadu,Housing,30,55.3,2.47,0,0,37.2,3,379,0,225
CASE-04402,Gujarat,Roads,27,13.6,2.32,0,0,14.1,1,156,0,154
CASE-04403,Maharashtra,Irrigation,52,12.2,3.49,0,0,21.2,3,73,0,194
CASE-04404,Bihar,Irrigation,7,74.2,1.26,0,0,13.4,1,130,0,55
CASE-04405,West Bengal,Roads,30,99.2,2.82,0,0,18.9,1,724,0,360
CASE-04406,Chhattisgarh,Roads,17,42.5,1.07,0,0,41.1,3,133,1,388
CASE-04407,Haryana,Power/Transmission,63,42.9,1.85,0,0,23.3,2,133,1,454
CASE-04408,Madhya Pradesh,Power/Transmission,52,87.0,0.23,0,0,53.8,3,482,0,51
CASE-04409,Odisha,Irrigation,17,47.4,-0.15,1,0,31.4,0,296,0,167
CASE-04410,Uttar Pradesh,Roads,21,29.6,2.54,1,0,32.5,1,294,0,68
CASE-04411,Madhya Pradesh,Irrigation,12,74.2,1.5,0,0,18.9,2,319,0,41
CASE-04412,Maharashtra,Roads,47,58.5,-0.04,0,1,21.1,3,32,1,1152
CASE-04413,Gujarat,Roads,40,57.0,2.48,0,1,37.5,2,253,1,585
CASE-04414,Uttar Pradesh,Irrigation,22,70.0,-1.0,0,0,39.8,1,491,0,155
CASE-04415,Bihar,Railways,21,59.8,0.53,0,0,26.0,1,205,0,21
CASE-04416,Tamil Nadu,Housing,18,51.4,-0.49,1,0,30.4,5,269,1,723
CASE-04417,Andhra Pradesh,Railways,61,35.8,2.94,0,0,19.9,5,321,1,703
CASE-04418,Maharashtra,Roads,23,24.1,0.98,1,0,25.3,1,692,1,616
CASE-04419,Maharashtra,Roads,18,37.2,1.59,0,0,23.3,0,77,0,534
CASE-04420,West Bengal,Power/Transmission,43,61.2,1.87,0,0,22.6,2,47,0,51
CASE-04421,Bihar,Roads,2,58.9,2.47,0,1,37.0,2,247,1,659
CASE-04422,Uttar Pradesh,Roads,20,80.6,2.33,0,0,21.2,2,242,0,29
CASE-04423,Chhattisgarh,Railways,48,91.4,2.46,1,1,12.6,2,203,0,151
CASE-04424,Bihar,Roads,70,55.0,1.18,1,0,18.0,2,509,1,745
CASE-04425,Chhattisgarh,Irrigation,15,25.3,2.52,1,0,17.7,2,492,0,100
CASE-04426,Madhya Pradesh,Railways,37,23.6,0.71,0,0,28.6,1,628,0,362
CASE-04427,Uttar Pradesh,Roads,15,40.4,1.02,1,0,13.6,2,99,0,68
CASE-04428,Uttar Pradesh,Power/Transmission,93,62.9,-0.34,1,0,38.9,5,266,1,999
CASE-04429,Bihar,Railways,29,49.0,3.51,0,0,18.0,0,435,0,130
CASE-04430,Maharashtra,Irrigation,40,19.5,0.31,0,0,45.5,4,97,0,83
CASE-04431,Bihar,Roads,3,69.9,3.19,0,0,22.4,3,59,1,359
CASE-04432,Haryana,Irrigation,18,55.2,2.14,0,0,29.9,2,344,0,31
CASE-04433,Odisha,Roads,44,88.9,1.74,0,0,36.9,2,475,1,342
CASE-04434,Madhya Pradesh,Railways,7,56.1,1.94,0,1,40.4,2,452,0,15
CASE-04435,Andhra Pradesh,Roads,29,15.2,0.22,0,0,31.4,0,155,0,230
CASE-04436,Andhra Pradesh,Housing,72,57.0,3.43,0,0,61.3,6,218,0,48
CASE-04437,Tamil Nadu,Roads,45,87.0,1.07,0,0,22.1,0,273,0,134
CASE-04438,Bihar,Urban Metro,38,85.4,2.72,1,0,0.0,2,259,0,33
CASE-04439,Bihar,Urban Metro,19,43.5,0.85,0,0,21.5,2,471,0,357
CASE-04440,Bihar,Railways,9,76.6,-0.22,0,1,33.9,4,183,1,692
CASE-04441,Maharashtra,Railways,24,69.4,3.88,1,0,28.8,1,380,0,109
CASE-04442,Madhya Pradesh,Railways,41,48.8,0.78,0,0,6.7,1,185,0,160
CASE-04443,Odisha,Housing,12,28.4,2.05,1,0,16.9,2,836,0,23
CASE-04444,Haryana,Irrigation,45,69.8,-1.0,1,1,9.9,2,97,1,728
CASE-04445,Maharashtra,Irrigation,30,53.0,1.41,0,0,12.0,4,46,1,620
CASE-04446,Karnataka,Roads,13,52.6,2.22,0,0,20.6,1,34,0,28
CASE-04447,Madhya Pradesh,Urban Metro,6,31.7,1.67,0,1,29.0,3,309,1,670
CASE-04448,West Bengal,Roads,7,90.7,1.38,0,0,11.1,0,226,0,359
CASE-04449,Andhra Pradesh,Roads,24,60.8,1.25,0,0,12.5,3,280,1,368
CASE-04450,Maharashtra,Roads,55,46.4,2.54,1,0,32.7,3,348,1,663
CASE-04451,Odisha,Railways,14,29.0,-0.05,0,0,9.2,4,115,0,15
CASE-04452,Telangana,Urban Metro,60,91.5,1.22,1,0,8.5,4,168,1,701
CASE-04453,Rajasthan,Power/Transmission,5,56.7,3.22,0,0,55.0,2,382,0,97
CASE-04454,Rajasthan,Roads,27,36.7,-0.28,0,0,14.1,1,416,0,81
CASE-04455,West Bengal,Railways,25,35.3,1.37,0,1,0.0,4,458,1,698
CASE-04456,Madhya Pradesh,Power/Transmission,34,32.0,0.18,0,0,3.4,1,460,0,39
CASE-04457,Uttar Pradesh,Irrigation,29,46.4,1.86,0,0,0.0,1,84,0,98
CASE-04458,Andhra Pradesh,Roads,18,51.8,1.54,1,0,46.7,4,904,1,824
CASE-04459,Maharashtra,Railways,18,53.3,0.37,1,1,20.9,3,368,0,22
CASE-04460,Tamil Nadu,Irrigation,49,62.6,1.53,0,1,6.4,1,176,0,59
CASE-04461,Karnataka,Housing,28,46.2,1.58,1,0,30.4,1,585,0,122
CASE-04462,Karnataka,Power/Transmission,3,85.7,0.77,0,0,47.7,0,224,0,40
CASE-04463,Madhya Pradesh,Roads,20,81.3,1.0,1,0,19.4,2,696,0,173
CASE-04464,Punjab,Power/Transmission,21,34.8,0.72,0,0,46.5,6,178,1,692
CASE-04465,Uttar Pradesh,Roads,21,83.0,-1.0,0,0,17.0,1,254,0,20
CASE-04466,Uttar Pradesh,Urban Metro,44,28.5,2.61,1,0,4.4,0,121,0,78
CASE-04467,Uttar Pradesh,Railways,16,70.0,2.93,0,0,49.1,2,255,0,42
CASE-04468,Rajasthan,Roads,31,34.0,-0.6,1,1,11.2,2,151,1,717
CASE-04469,Telangana,Railways,73,21.6,2.95,1,0,13.5,0,212,1,579
CASE-04470,Bihar,Roads,56,92.5,1.98,0,0,37.6,0,738,0,53
CASE-04471,Haryana,Roads,15,47.5,0.18,0,0,22.5,4,275,0,90
CASE-04472,Bihar,Irrigation,29,55.4,1.25,0,0,20.3,3,754,1,317
CASE-04473,Chhattisgarh,Power/Transmission,1,63.9,0.65,0,1,18.2,2,224,0,55
CASE-04474,Maharashtra,Urban Metro,39,14.0,2.61,0,0,12.0,2,947,1,472
CASE-04475,West Bengal,Railways,9,74.2,0.4,0,0,24.7,1,372,0,150
CASE-04476,Rajasthan,Roads,26,80.6,4.05,0,0,29.3,1,98,0,167
CASE-04477,Andhra Pradesh,Railways,23,36.2,2.89,0,0,18.7,1,221,0,81
CASE-04478,Bihar,Railways,54,48.2,0.03,1,0,30.5,3,325,1,660
CASE-04479,Tamil Nadu,Roads,31,63.2,3.47,0,0,28.2,1,238,0,112
CASE-04480,Telangana,Urban Metro,23,61.0,2.38,0,0,27.8,3,171,0,144
CASE-04481,Karnataka,Housing,41,68.2,1.32,0,0,17.7,1,329,0,106
CASE-04482,Chhattisgarh,Roads,60,53.8,2.31,0,0,16.4,2,352,0,87
CASE-04483,Tamil Nadu,Power/Transmission,2,43.3,2.61,1,0,27.6,1,478,0,705
CASE-04484,Bihar,Irrigation,16,53.5,0.59,0,0,4.0,4,591,0,100
CASE-04485,Odisha,Roads,75,57.9,2.5,0,0,65.5,0,463,0,84
CASE-04486,Bihar,Irrigation,99,52.1,0.98,0,1,0.0,3,187,1,615
CASE-04487,Tamil Nadu,Roads,13,50.8,2.48,0,0,13.6,2,640,0,164
CASE-04488,Maharashtra,Roads,48,79.3,1.34,1,0,29.7,0,154,0,327
CASE-04489,Bihar,Housing,13,26.5,0.29,0,0,32.9,0,518,0,111
CASE-04490,Andhra Pradesh,Irrigation,10,51.9,2.26,0,0,9.3,0,288,0,112
CASE-04491,West Bengal,Roads,24,42.7,1.05,0,0,12.2,2,144,1,506
CASE-04492,Odisha,Railways,52,64.5,1.69,0,1,22.7,0,122,0,258
CASE-04493,Telangana,Housing,21,46.8,1.99,1,0,1.6,2,341,1,600
CASE-04494,Maharashtra,Railways,51,39.8,3.26,0,0,4.0,1,96,0,15
CASE-04495,Bihar,Urban Metro,55,49.0,0.98,0,0,35.1,0,332,0,122
CASE-04496,Madhya Pradesh,Urban Metro,18,47.7,0.48,1,0,34.3,0,399,1,671
CASE-04497,West Bengal,Railways,17,58.2,3.47,1,0,22.2,1,777,0,58
CASE-04498,West Bengal,Power/Transmission,22,50.1,1.5,1,0,33.5,1,133,0,144
CASE-04499,Odisha,Power/Transmission,26,50.5,0.85,0,1,23.4,6,302,1,550
CASE-04500,Tamil Nadu,Power/Transmission,24,63.8,1.93,0,0,10.4,5,579,0,47
CASE-04501,Maharashtra,Railways,28,90.9,1.09,0,0,4.6,2,145,0,34
CASE-04502,Karnataka,Roads,19,46.8,1.18,0,0,31.4,3,401,0,105
CASE-04503,Chhattisgarh,Roads,10,56.9,4.59,1,0,11.9,3,515,0,31
CASE-04504,West Bengal,Irrigation,86,38.9,0.31,1,0,34.1,3,273,1,750
CASE-04505,Uttar Pradesh,Power/Transmission,16,14.9,-0.23,0,0,17.4,2,332,1,352
CASE-04506,Karnataka,Power/Transmission,6,12.4,2.97,0,0,41.5,3,255,1,483
CASE-04507,Karnataka,Irrigation,43,59.2,1.04,0,0,7.7,3,618,0,80
CASE-04508,Uttar Pradesh,Roads,11,66.0,1.88,0,0,4.9,3,802,0,37
CASE-04509,Gujarat,Roads,40,89.4,2.27,0,0,25.1,0,242,0,90
CASE-04510,Madhya Pradesh,Power/Transmission,15,31.6,-0.6,0,1,16.8,3,156,1,483
CASE-04511,Andhra Pradesh,Irrigation,97,65.3,2.87,1,0,24.2,3,379,1,568
CASE-04512,West Bengal,Power/Transmission,66,45.8,0.83,1,0,20.9,2,197,1,645
CASE-04513,Odisha,Roads,23,33.2,3.78,1,0,14.3,0,281,0,37
CASE-04514,Uttar Pradesh,Railways,38,37.2,0.54,0,0,18.0,6,815,0,68
CASE-04515,Maharashtra,Urban Metro,32,84.0,3.38,0,0,0.0,3,200,1,392
CASE-04516,Bihar,Roads,15,42.7,3.6,0,0,44.3,1,78,0,109
CASE-04517,Karnataka,Roads,42,91.8,0.91,1,1,12.4,0,274,1,655
CASE-04518,Bihar,Power/Transmission,28,69.8,1.27,0,0,28.5,0,106,0,115
CASE-04519,Gujarat,Irrigation,31,60.1,1.12,0,0,0.0,3,195,0,53
CASE-04520,Bihar,Housing,40,88.6,3.32,0,0,8.7,3,70,0,57
CASE-04521,Maharashtra,Urban Metro,25,88.1,1.72,1,0,25.7,1,812,1,547
CASE-04522,Karnataka,Power/Transmission,13,31.1,2.14,0,0,49.1,2,677,1,483
CASE-04523,Tamil Nadu,Roads,38,64.0,1.33,0,0,28.6,2,680,0,71
CASE-04524,Odisha,Railways,45,31.9,2.07,1,0,30.2,3,466,1,731
CASE-04525,Gujarat,Urban Metro,45,30.5,2.14,0,0,14.5,3,507,1,378
CASE-04526,Andhra Pradesh,Railways,46,40.5,0.78,0,1,21.7,1,136,0,266
CASE-04527,Gujarat,Housing,34,24.1,3.63,0,0,18.9,3,112,0,123
CASE-04528,Rajasthan,Power/Transmission,6,17.5,1.26,0,1,26.5,1,277,0,35
CASE-04529,Bihar,Roads,100,38.1,2.74,0,0,40.5,1,135,0,48
CASE-04530,Andhra Pradesh,Irrigation,45,58.5,-0.01,1,0,16.6,1,259,0,60
CASE-04531,Tamil Nadu,Power/Transmission,20,70.6,2.32,0,0,22.2,2,207,0,135
CASE-04532,Madhya Pradesh,Roads,49,31.6,2.78,0,1,15.9,1,44,0,75
CASE-04533,Rajasthan,Railways,10,43.5,1.82,0,0,17.9,4,707,0,241
CASE-04534,West Bengal,Power/Transmission,40,72.3,2.79,0,0,38.8,1,190,0,67
CASE-04535,West Bengal,Roads,21,58.4,0.65,0,1,28.6,1,258,0,121
CASE-04536,Maharashtra,Railways,11,47.7,2.07,1,0,26.6,1,181,1,636
CASE-04537,Rajasthan,Power/Transmission,10,19.8,-0.32,1,0,20.0,3,494,0,40
CASE-04538,Odisha,Power/Transmission,36,30.2,1.68,0,1,8.9,3,51,1,554
CASE-04539,Uttar Pradesh,Irrigation,39,42.4,0.55,1,1,32.3,1,379,1,747
CASE-04540,Madhya Pradesh,Housing,12,21.0,1.42,0,0,34.4,1,16,0,286
CASE-04541,Maharashtra,Housing,22,63.7,3.16,0,0,35.1,4,1362,1,663
CASE-04542,Maharashtra,Railways,34,8.2,3.59,0,0,21.6,5,806,1,592
CASE-04543,Telangana,Roads,18,9.6,-0.04,0,0,10.2,2,145,0,235
CASE-04544,West Bengal,Power/Transmission,89,93.4,2.99,0,0,31.5,1,94,0,94
CASE-04545,Madhya Pradesh,Roads,36,58.2,3.18,0,0,38.1,2,910,0,51
CASE-04546,Bihar,Urban Metro,25,50.2,1.89,1,1,34.5,1,514,0,73
CASE-04547,Telangana,Irrigation,54,89.7,3.13,1,0,10.2,2,189,0,52
CASE-04548,Bihar,Railways,39,63.6,1.0,0,0,27.5,1,252,0,266
CASE-04549,Gujarat,Irrigation,34,44.6,0.88,0,0,0.0,3,77,0,50
CASE-04550,Bihar,Irrigation,37,45.8,0.89,1,0,42.0,0,149,1,804
CASE-04551,Maharashtra,Housing,45,9.2,2.36,0,0,24.5,1,303,1,312
CASE-04552,Rajasthan,Roads,16,64.9,1.38,0,0,24.9,3,66,0,111
CASE-04553,Maharashtra,Housing,5,22.5,0.64,0,0,45.1,2,102,0,50
CASE-04554,Rajasthan,Roads,57,54.9,0.7,0,0,13.1,4,159,0,42
CASE-04555,Bihar,Power/Transmission,28,47.1,1.5,0,0,23.7,2,60,0,132
CASE-04556,Gujarat,Urban Metro,19,35.0,0.48,0,0,9.1,1,848,1,349
CASE-04557,Gujarat,Railways,13,61.2,2.3,0,0,0.0,2,571,0,178
CASE-04558,Gujarat,Roads,12,76.2,2.93,1,1,26.2,3,90,0,86
CASE-04559,Maharashtra,Urban Metro,30,89.4,2.67,0,0,25.5,4,172,0,231
CASE-04560,Rajasthan,Urban Metro,26,66.0,4.99,1,0,0.0,2,718,0,82
CASE-04561,Telangana,Railways,55,41.7,1.99,0,0,32.9,2,78,0,125
CASE-04562,Bihar,Irrigation,40,81.9,3.53,0,0,21.4,0,404,0,25
CASE-04563,Bihar,Urban Metro,45,74.3,1.72,0,1,33.3,3,630,1,650
CASE-04564,Tamil Nadu,Roads,53,59.7,1.17,1,1,25.5,3,143,1,781
CASE-04565,Uttar Pradesh,Irrigation,32,55.3,1.64,0,1,37.7,2,577,0,160
CASE-04566,Rajasthan,Railways,72,89.0,1.7,0,0,39.4,1,212,0,71
CASE-04567,Gujarat,Roads,16,30.4,1.35,0,0,25.0,0,394,0,15
CASE-04568,Maharashtra,Urban Metro,52,42.3,0.2,1,0,35.8,1,241,1,724
CASE-04569,Andhra Pradesh,Railways,4,70.5,0.32,0,0,35.2,3,47,1,562
CASE-04570,Andhra Pradesh,Housing,5,74.7,2.86,0,0,4.3,1,235,0,99
CASE-04571,Bihar,Irrigation,10,60.3,2.5,1,1,8.8,3,49,0,65
CASE-04572,Odisha,Irrigation,25,72.1,3.63,0,1,6.8,0,783,1,644
CASE-04573,Uttar Pradesh,Railways,4,41.2,1.03,0,0,32.0,2,92,0,46
CASE-04574,Madhya Pradesh,Railways,24,25.5,0.92,0,0,11.4,0,281,1,517
CASE-04575,Odisha,Urban Metro,20,81.1,0.12,0,0,0.0,1,490,0,152
CASE-04576,Uttar Pradesh,Power/Transmission,94,23.0,2.77,0,1,6.9,4,435,1,648
CASE-04577,Tamil Nadu,Power/Transmission,8,20.9,0.43,0,0,16.3,2,147,0,33
CASE-04578,Maharashtra,Railways,29,91.6,1.46,0,0,28.9,1,160,0,21
CASE-04579,West Bengal,Roads,39,45.0,1.88,0,1,41.4,1,476,0,149
CASE-04580,Maharashtra,Roads,69,67.0,-0.38,1,1,36.3,1,239,0,213
CASE-04581,Rajasthan,Power/Transmission,44,34.8,2.43,0,0,24.7,1,705,0,112
CASE-04582,Tamil Nadu,Railways,58,91.0,2.71,0,0,9.6,4,247,0,135
CASE-04583,Odisha,Irrigation,33,79.2,1.83,1,0,0.0,4,160,0,76
CASE-04584,Telangana,Railways,14,25.7,1.4,1,1,14.7,4,686,1,1002
CASE-04585,Rajasthan,Railways,7,77.6,1.46,0,0,17.7,2,84,0,133
CASE-04586,Gujarat,Power/Transmission,47,37.2,3.18,1,0,23.5,2,210,0,57
CASE-04587,West Bengal,Irrigation,19,40.9,1.56,0,0,35.4,2,292,0,150
CASE-04588,Haryana,Housing,3,55.2,1.48,0,1,32.1,1,296,1,801
CASE-04589,Chhattisgarh,Roads,20,73.7,0.68,0,0,23.4,0,371,0,98
CASE-04590,Haryana,Irrigation,26,62.8,-1.0,0,0,16.0,0,313,1,734
CASE-04591,Bihar,Roads,64,50.6,2.82,1,0,0.0,5,300,0,67
CASE-04592,West Bengal,Urban Metro,22,55.6,1.5,0,0,10.0,7,149,0,77
CASE-04593,Gujarat,Irrigation,26,73.9,0.45,0,0,7.5,1,427,0,113
CASE-04594,Uttar Pradesh,Railways,27,6.4,4.03,0,0,60.9,0,238,0,81
CASE-04595,Uttar Pradesh,Urban Metro,51,48.2,2.03,0,1,51.9,2,490,1,632
CASE-04596,Telangana,Railways,15,63.5,1.25,0,0,3.1,2,419,0,118
CASE-04597,Karnataka,Roads,36,24.8,2.72,0,0,27.9,2,857,0,53
CASE-04598,Uttar Pradesh,Railways,18,47.3,1.94,0,0,1.7,3,1182,0,38
CASE-04599,Madhya Pradesh,Roads,63,50.6,1.92,0,0,25.4,5,492,0,155
CASE-04600,Karnataka,Urban Metro,73,75.9,0.77,0,0,14.6,1,242,1,450
CASE-04601,Chhattisgarh,Power/Transmission,30,38.8,2.34,0,0,19.9,2,75,0,42
CASE-04602,Haryana,Power/Transmission,34,37.3,2.63,0,0,37.8,2,239,0,71
CASE-04603,Telangana,Urban Metro,22,74.3,0.78,0,0,27.6,1,154,1,416
CASE-04604,Rajasthan,Power/Transmission,5,49.2,-0.77,1,0,35.0,1,166,0,43
CASE-04605,Rajasthan,Railways,27,47.2,2.64,0,0,29.5,2,317,0,209
CASE-04606,Madhya Pradesh,Roads,25,78.9,2.25,1,0,11.0,5,199,1,881
CASE-04607,Odisha,Railways,20,14.6,2.51,1,0,2.3,1,146,1,682
CASE-04608,Uttar Pradesh,Housing,22,87.7,1.56,0,0,17.5,1,107,0,72
CASE-04609,Maharashtra,Housing,36,23.9,2.66,0,1,17.5,2,83,1,410
CASE-04610,Telangana,Power/Transmission,34,84.7,0.72,0,0,14.2,0,434,0,98
CASE-04611,Odisha,Roads,22,26.0,1.28,0,0,11.4,2,103,1,295
CASE-04612,Bihar,Roads,67,64.8,0.24,0,0,23.0,2,418,0,113
CASE-04613,Rajasthan,Urban Metro,4,82.5,2.89,1,0,41.8,4,272,0,40
CASE-04614,West Bengal,Roads,15,58.8,1.44,0,1,0.0,6,460,0,68
CASE-04615,Madhya Pradesh,Irrigation,47,78.8,1.78,1,0,3.4,2,51,0,50
CASE-04616,Bihar,Railways,5,47.7,2.02,0,0,25.9,2,502,1,463
CASE-04617,Uttar Pradesh,Railways,4,51.5,1.21,1,0,0.0,2,601,1,603
CASE-04618,Andhra Pradesh,Power/Transmission,15,58.0,2.49,0,0,0.3,3,391,0,57
CASE-04619,Karnataka,Housing,25,66.0,3.49,0,1,53.7,1,19,1,758
CASE-04620,West Bengal,Power/Transmission,18,72.2,2.68,1,0,30.4,5,401,1,667
CASE-04621,Uttar Pradesh,Railways,30,81.2,-0.57,1,0,62.0,2,1225,1,741
CASE-04622,Punjab,Railways,4,92.8,1.63,0,0,0.0,2,393,0,15
CASE-04623,Chhattisgarh,Urban Metro,14,81.8,1.69,0,0,53.3,2,356,0,109
CASE-04624,Haryana,Irrigation,42,44.1,2.99,0,0,2.3,2,371,0,146
CASE-04625,Maharashtra,Railways,36,73.2,0.84,0,0,35.4,1,301,0,194
CASE-04626,Chhattisgarh,Power/Transmission,16,38.9,0.25,0,0,0.0,0,468,0,169
CASE-04627,Odisha,Roads,29,83.0,2.5,1,0,26.4,2,110,0,606
CASE-04628,Madhya Pradesh,Roads,25,27.3,1.48,0,1,27.4,2,515,1,492
CASE-04629,Uttar Pradesh,Urban Metro,25,26.6,0.75,0,0,15.3,2,135,0,63
CASE-04630,Bihar,Irrigation,32,59.3,1.19,0,0,1.1,3,104,0,163
CASE-04631,Bihar,Roads,76,76.1,-0.19,0,0,17.8,1,46,0,106
CASE-04632,Karnataka,Roads,77,2.8,1.7,1,0,25.6,2,528,1,716
CASE-04633,Madhya Pradesh,Housing,6,64.1,1.14,0,0,4.7,2,407,0,253
CASE-04634,Bihar,Irrigation,21,81.5,2.14,0,0,18.9,3,429,0,26
CASE-04635,Chhattisgarh,Irrigation,9,35.4,1.25,0,0,21.0,0,472,1,475
CASE-04636,Maharashtra,Roads,34,62.0,1.54,0,0,28.8,2,60,0,35
CASE-04637,Madhya Pradesh,Housing,22,27.7,0.95,1,0,0.0,3,252,0,37
CASE-04638,Rajasthan,Urban Metro,53,30.4,1.19,0,0,13.1,0,37,0,92
CASE-04639,Uttar Pradesh,Irrigation,26,81.8,0.14,1,0,24.6,2,197,1,737
CASE-04640,Bihar,Railways,69,72.5,2.74,1,0,16.0,6,595,0,98
CASE-04641,Uttar Pradesh,Power/Transmission,79,58.9,1.45,0,0,5.5,5,802,0,134
CASE-04642,Maharashtra,Urban Metro,67,25.9,-0.89,0,0,36.0,1,479,1,509
CASE-04643,West Bengal,Power/Transmission,3,53.2,-0.4,0,0,36.5,2,145,0,126
CASE-04644,Maharashtra,Housing,32,57.1,2.75,1,0,33.3,1,104,0,301
CASE-04645,Bihar,Irrigation,20,36.9,1.45,0,0,16.5,1,302,0,75
CASE-04646,Telangana,Railways,22,60.6,1.48,0,1,18.9,0,463,0,383
CASE-04647,Haryana,Railways,47,3.5,1.5,0,0,40.7,1,76,0,118
CASE-04648,Uttar Pradesh,Urban Metro,21,46.0,2.08,1,0,34.0,2,123,1,764
CASE-04649,Madhya Pradesh,Roads,27,53.4,3.34,0,0,41.0,5,374,1,499
CASE-04650,West Bengal,Roads,29,77.6,2.03,0,0,23.3,1,263,0,97
CASE-04651,Odisha,Power/Transmission,4,35.9,1.87,0,0,31.1,0,167,0,210
CASE-04652,Tamil Nadu,Railways,19,69.9,0.81,0,0,32.0,3,333,0,127
CASE-04653,Uttar Pradesh,Urban Metro,55,71.3,-0.35,0,0,43.6,3,516,0,194
CASE-04654,Uttar Pradesh,Roads,3,65.3,2.07,0,0,0.0,3,123,0,174
CASE-04655,Karnataka,Railways,39,70.8,2.17,0,0,23.8,3,58,0,31
CASE-04656,Odisha,Roads,13,52.8,2.82,0,0,36.3,2,85,0,146
CASE-04657,Haryana,Power/Transmission,20,64.6,3.55,1,0,39.7,2,153,0,144
CASE-04658,Maharashtra,Power/Transmission,44,47.7,0.11,0,0,15.2,1,244,1,285
CASE-04659,Andhra Pradesh,Railways,10,61.5,0.76,0,0,27.8,4,404,0,29
CASE-04660,Uttar Pradesh,Railways,21,56.2,2.3,0,0,33.0,2,59,0,75
CASE-04661,Rajasthan,Roads,6,81.2,1.5,0,0,40.8,1,640,0,73
CASE-04662,Haryana,Power/Transmission,35,84.1,3.23,0,0,27.3,3,130,0,310
CASE-04663,Karnataka,Housing,14,40.3,1.27,1,1,25.9,2,301,0,213
CASE-04664,Maharashtra,Power/Transmission,7,53.5,3.9,0,0,17.9,3,1127,0,117
CASE-04665,Andhra Pradesh,Roads,26,71.9,1.57,1,0,38.8,3,131,1,680
CASE-04666,Karnataka,Irrigation,5,79.7,3.45,1,0,40.7,1,129,0,72
CASE-04667,Tamil Nadu,Roads,19,70.7,-1.0,0,0,37.7,0,546,0,206
CASE-04668,Madhya Pradesh,Roads,13,54.0,2.08,1,0,33.1,1,620,1,667
CASE-04669,Odisha,Roads,31,40.1,1.53,0,0,25.7,0,159,0,107
CASE-04670,Bihar,Roads,31,65.9,-1.0,0,0,13.2,1,108,0,15
CASE-04671,Uttar Pradesh,Roads,15,53.5,1.48,0,0,10.9,1,47,0,149
CASE-04672,Bihar,Power/Transmission,67,59.5,0.01,0,0,37.4,2,37,0,66
CASE-04673,Maharashtra,Roads,53,78.6,0.88,0,0,39.0,1,189,0,35
CASE-04674,Bihar,Power/Transmission,11,68.5,1.87,1,1,25.7,3,8,1,768
CASE-04675,Rajasthan,Housing,108,78.2,1.35,0,0,25.7,1,302,0,96
CASE-04676,Uttar Pradesh,Irrigation,43,85.1,1.93,1,0,25.2,3,438,0,286
CASE-04677,Maharashtra,Railways,33,57.1,1.69,0,1,40.0,2,80,0,147
CASE-04678,Uttar Pradesh,Power/Transmission,35,55.3,4.33,1,0,33.3,4,504,1,753
CASE-04679,Maharashtra,Roads,9,62.4,1.81,0,0,15.5,2,349,0,167
CASE-04680,Odisha,Railways,59,16.3,1.64,0,0,29.6,1,341,0,102
CASE-04681,Punjab,Railways,4,71.7,2.01,0,0,0.0,1,81,0,132
CASE-04682,Maharashtra,Urban Metro,35,49.9,1.47,0,1,12.7,3,215,0,92
CASE-04683,Gujarat,Urban Metro,54,70.4,-0.4,1,0,0.0,1,459,0,69
CASE-04684,Gujarat,Urban Metro,12,81.1,2.33,0,0,9.1,2,145,1,409
CASE-04685,Telangana,Power/Transmission,45,65.7,3.05,0,0,10.5,5,656,0,273
CASE-04686,Madhya Pradesh,Irrigation,28,14.8,3.37,1,0,0.0,0,303,0,65
CASE-04687,Bihar,Urban Metro,47,95.2,2.33,0,0,39.6,2,473,0,73
CASE-04688,Karnataka,Urban Metro,52,50.8,1.18,0,0,14.4,1,88,0,92
CASE-04689,Odisha,Railways,72,81.7,1.82,0,0,17.2,2,342,0,79
CASE-04690,Gujarat,Housing,61,74.4,3.64,0,0,9.1,4,73,0,65
CASE-04691,West Bengal,Urban Metro,5,94.7,1.23,1,0,30.5,2,152,1,668
CASE-04692,Bihar,Irrigation,12,74.8,0.07,1,0,42.7,4,37,0,283
CASE-04693,Gujarat,Roads,37,93.2,4.15,0,0,29.8,6,520,1,840
CASE-04694,Odisha,Roads,53,58.5,0.28,0,1,27.2,0,354,0,23
CASE-04695,Karnataka,Power/Transmission,10,12.2,-0.39,0,0,0.0,4,861,1,344
CASE-04696,Rajasthan,Roads,42,74.8,1.88,0,0,20.5,1,247,0,187
CASE-04697,Karnataka,Railways,64,95.4,1.99,0,1,31.7,1,124,0,51
CASE-04698,West Bengal,Irrigation,51,11.9,2.05,1,0,40.0,2,770,1,566
CASE-04699,West Bengal,Urban Metro,42,38.4,2.55,1,0,31.1,2,1977,1,626
CASE-04700,Tamil Nadu,Urban Metro,25,91.4,1.31,1,0,53.3,3,594,1,608
CASE-04701,Telangana,Power/Transmission,24,90.0,1.32,0,0,11.1,3,662,0,123
CASE-04702,Karnataka,Railways,96,26.7,0.81,0,0,11.1,0,121,0,210
CASE-04703,Madhya Pradesh,Roads,17,81.9,1.66,0,0,27.8,5,204,0,64
CASE-04704,Madhya Pradesh,Power/Transmission,12,71.6,2.15,1,0,41.2,0,595,0,22
CASE-04705,Uttar Pradesh,Roads,7,53.3,2.59,1,0,43.6,2,281,0,112
CASE-04706,Bihar,Irrigation,40,62.7,0.42,0,0,0.0,1,338,0,255
CASE-04707,Maharashtra,Housing,36,55.8,0.0,0,1,23.7,6,115,0,176
CASE-04708,Karnataka,Irrigation,27,59.1,2.56,1,0,36.3,1,299,1,637
CASE-04709,Uttar Pradesh,Irrigation,36,40.5,0.87,0,0,35.9,1,374,1,534
CASE-04710,Madhya Pradesh,Power/Transmission,47,57.9,0.32,0,0,30.5,3,178,0,55
CASE-04711,Tamil Nadu,Urban Metro,22,80.3,-0.72,0,0,20.7,1,1020,0,227
CASE-04712,Bihar,Railways,38,22.0,3.19,0,1,0.0,2,294,1,381
CASE-04713,Chhattisgarh,Railways,21,45.2,1.83,0,0,52.8,3,440,0,197
CASE-04714,Haryana,Roads,39,38.3,2.15,1,0,31.2,3,532,1,660
CASE-04715,Andhra Pradesh,Irrigation,65,58.3,2.02,0,0,8.8,0,219,0,59
CASE-04716,Uttar Pradesh,Roads,50,25.3,1.76,0,0,17.1,3,156,1,376
CASE-04717,Madhya Pradesh,Irrigation,80,20.0,1.47,1,0,25.9,2,168,1,611
CASE-04718,Chhattisgarh,Power/Transmission,17,24.7,1.42,0,0,29.1,1,567,0,53
CASE-04719,West Bengal,Roads,14,77.2,0.33,0,0,1.2,4,158,0,32
CASE-04720,Uttar Pradesh,Irrigation,36,83.5,-0.62,1,0,7.1,2,992,0,236
CASE-04721,Karnataka,Roads,18,44.3,4.19,0,0,29.5,3,54,0,120
CASE-04722,Andhra Pradesh,Roads,40,79.2,1.55,0,0,13.3,2,981,0,33
CASE-04723,Bihar,Roads,31,16.7,0.97,0,1,0.0,0,425,1,511
CASE-04724,Chhattisgarh,Roads,12,28.7,0.54,1,0,10.1,3,285,0,84
CASE-04725,Maharashtra,Housing,37,73.6,2.76,1,0,21.8,3,93,0,33
CASE-04726,Madhya Pradesh,Housing,12,36.2,1.67,0,0,0.0,2,129,0,95
CASE-04727,Tamil Nadu,Power/Transmission,68,47.3,0.46,0,0,46.5,0,308,0,15
CASE-04728,Bihar,Irrigation,22,49.9,1.14,1,0,39.8,3,167,1,909
CASE-04729,Chhattisgarh,Power/Transmission,14,54.7,1.87,1,0,35.7,2,120,0,45
CASE-04730,Karnataka,Urban Metro,31,32.8,1.04,0,0,23.4,1,265,1,401
CASE-04731,Madhya Pradesh,Irrigation,34,28.0,2.48,0,0,3.5,2,192,1,378
CASE-04732,Haryana,Roads,17,63.3,4.05,0,1,9.4,4,714,1,604
CASE-04733,Madhya Pradesh,Power/Transmission,16,67.2,0.99,0,0,41.8,4,496,1,576
CASE-04734,Bihar,Housing,5,84.9,1.16,1,0,10.1,0,494,0,70
CASE-04735,Haryana,Roads,48,41.2,0.5,0,0,21.5,1,311,0,35
CASE-04736,Gujarat,Railways,66,50.8,1.32,0,0,17.7,2,99,0,99
CASE-04737,Rajasthan,Railways,54,68.0,-0.85,0,0,19.7,1,318,1,393
CASE-04738,Maharashtra,Railways,14,87.7,2.82,0,0,20.1,3,361,0,268
CASE-04739,Uttar Pradesh,Power/Transmission,36,55.8,-0.1,1,0,18.4,2,407,1,715
CASE-04740,Chhattisgarh,Railways,32,65.2,0.53,0,0,15.2,0,321,0,161
CASE-04741,Uttar Pradesh,Housing,7,53.2,1.6,1,0,17.2,2,600,0,170
CASE-04742,Bihar,Power/Transmission,17,27.1,3.15,1,0,18.9,2,86,1,625
CASE-04743,Tamil Nadu,Roads,34,45.9,0.47,1,1,7.8,3,174,1,793
CASE-04744,Bihar,Urban Metro,3,70.3,1.28,1,1,1.0,4,318,0,77
CASE-04745,Maharashtra,Power/Transmission,10,24.5,1.85,0,0,16.4,2,297,0,37
CASE-04746,Maharashtra,Irrigation,45,15.1,0.69,0,1,8.9,3,125,1,546
CASE-04747,Karnataka,Railways,13,33.5,1.36,0,0,21.0,2,166,0,15
CASE-04748,Chhattisgarh,Urban Metro,7,79.0,-0.41,1,0,6.0,3,172,1,569
CASE-04749,Odisha,Railways,52,57.4,0.87,0,1,0.0,3,52,0,85
CASE-04750,Maharashtra,Roads,13,23.2,2.98,0,0,43.8,4,105,1,512
CASE-04751,Uttar Pradesh,Railways,45,70.0,2.48,0,0,12.5,4,556,0,280
CASE-04752,West Bengal,Roads,79,81.8,0.97,0,0,0.0,3,408,0,307
CASE-04753,Madhya Pradesh,Power/Transmission,10,19.1,0.28,0,0,33.1,1,512,0,51
CASE-04754,West Bengal,Roads,23,69.2,1.25,0,0,14.6,3,1005,1,371
CASE-04755,Haryana,Irrigation,32,31.8,-0.26,0,0,21.0,2,375,1,547
CASE-04756,Andhra Pradesh,Railways,51,17.0,1.26,0,1,23.8,1,35,0,77
CASE-04757,Karnataka,Urban Metro,17,76.9,1.01,1,1,35.8,1,297,1,618
CASE-04758,Telangana,Railways,2,85.0,0.96,0,1,25.2,3,417,1,575
CASE-04759,Maharashtra,Housing,10,67.9,1.33,1,0,0.0,5,288,0,117
CASE-04760,Punjab,Urban Metro,20,84.5,2.14,0,0,2.7,6,116,0,47
CASE-04761,West Bengal,Roads,45,60.7,0.25,0,1,0.0,0,367,0,75
CASE-04762,West Bengal,Power/Transmission,23,85.1,2.65,0,0,13.2,3,528,0,197
CASE-04763,Haryana,Roads,43,33.1,2.85,0,1,26.5,2,335,0,32
CASE-04764,West Bengal,Urban Metro,19,21.9,4.14,1,0,8.4,2,563,1,656
CASE-04765,Karnataka,Irrigation,30,73.0,1.86,0,1,10.5,0,274,0,216
CASE-04766,Bihar,Roads,47,9.6,3.27,0,0,9.8,1,296,0,267
CASE-04767,Rajasthan,Roads,56,45.2,2.67,1,0,11.9,0,165,0,90
CASE-04768,Andhra Pradesh,Railways,91,89.2,1.73,0,1,30.9,3,423,1,644
CASE-04769,Uttar Pradesh,Urban Metro,33,90.8,0.04,0,0,16.4,5,349,0,187
CASE-04770,Rajasthan,Power/Transmission,4,49.2,2.57,0,1,37.4,1,250,0,199
CASE-04771,Chhattisgarh,Roads,37,80.9,1.79,0,0,12.8,3,880,0,89
CASE-04772,Karnataka,Railways,4,35.4,3.64,1,0,21.3,3,984,1,835
CASE-04773,Maharashtra,Railways,40,35.9,2.39,0,0,17.9,3,273,0,15
CASE-04774,Karnataka,Irrigation,29,26.9,2.77,1,1,25.2,2,753,1,871
CASE-04775,Maharashtra,Roads,54,68.0,0.81,1,0,28.9,2,448,0,75
CASE-04776,Maharashtra,Railways,19,67.6,1.79,0,0,21.3,2,614,0,123
CASE-04777,Karnataka,Urban Metro,30,86.3,-0.81,0,0,61.4,2,50,0,131
CASE-04778,Maharashtra,Railways,37,47.7,2.17,0,0,43.9,7,297,0,35
CASE-04779,Bihar,Power/Transmission,2,55.8,2.96,0,0,12.9,0,234,0,23
CASE-04780,Rajasthan,Railways,36,18.1,3.17,0,0,41.3,2,518,1,454
CASE-04781,Bihar,Railways,14,66.1,1.07,0,1,39.7,0,230,0,185
CASE-04782,Telangana,Irrigation,33,77.9,-0.68,1,0,1.8,2,440,0,43
CASE-04783,Haryana,Roads,3,61.7,0.85,0,0,0.0,3,742,0,109
CASE-04784,Andhra Pradesh,Roads,42,30.6,1.41,0,0,24.8,2,236,1,134
CASE-04785,Punjab,Housing,39,31.6,1.99,0,0,19.6,1,122,0,253
CASE-04786,Odisha,Urban Metro,52,25.5,-0.94,0,0,0.0,0,449,0,108
CASE-04787,Madhya Pradesh,Power/Transmission,5,27.7,1.37,0,0,23.5,1,358,1,344
CASE-04788,Gujarat,Roads,89,83.6,0.26,0,1,22.3,1,133,0,131
CASE-04789,Uttar Pradesh,Roads,8,61.5,3.24,0,0,12.5,1,365,0,181
CASE-04790,Rajasthan,Roads,30,33.5,-1.0,1,0,45.3,1,425,1,692
CASE-04791,West Bengal,Housing,20,79.5,2.72,0,0,18.3,4,589,1,463
CASE-04792,Maharashtra,Urban Metro,24,42.9,1.31,0,0,15.7,2,56,1,439
CASE-04793,Bihar,Irrigation,81,85.5,-0.96,0,0,21.6,4,238,1,616
CASE-04794,Punjab,Housing,9,91.8,3.51,0,0,1.2,3,201,0,176
CASE-04795,Madhya Pradesh,Roads,72,37.6,3.12,1,0,7.9,1,213,0,89
CASE-04796,Uttar Pradesh,Irrigation,46,81.1,3.0,0,0,0.0,2,520,0,88
CASE-04797,Uttar Pradesh,Roads,26,62.6,1.61,1,0,27.4,0,271,1,725
CASE-04798,West Bengal,Railways,26,10.3,0.69,0,0,35.4,0,494,0,15
CASE-04799,Odisha,Housing,39,36.2,1.58,0,0,25.8,0,197,0,148
CASE-04800,Gujarat,Urban Metro,19,42.0,2.16,1,0,24.7,1,458,0,95
CASE-04801,Karnataka,Roads,22,52.5,0.85,0,0,20.2,3,468,0,171
CASE-04802,Uttar Pradesh,Roads,30,31.6,0.47,1,0,44.1,1,67,1,792
CASE-04803,Maharashtra,Irrigation,67,49.7,2.09,0,0,19.2,4,758,1,490
CASE-04804,West Bengal,Roads,24,79.9,1.73,0,0,34.8,3,224,0,84
CASE-04805,Tamil Nadu,Irrigation,5,32.8,2.61,0,0,33.3,3,100,0,103
CASE-04806,Gujarat,Irrigation,31,72.7,3.33,0,0,0.7,2,336,0,134
CASE-04807,Karnataka,Roads,25,84.4,2.53,1,0,31.2,3,150,0,168
CASE-04808,Chhattisgarh,Roads,15,36.4,0.12,0,0,4.6,5,406,1,459
CASE-04809,Karnataka,Roads,34,79.9,1.48,0,0,12.9,3,316,1,377
CASE-04810,Andhra Pradesh,Housing,16,36.5,1.96,0,0,18.6,1,567,0,227
CASE-04811,West Bengal,Railways,23,46.8,2.47,0,1,40.1,1,338,0,21
CASE-04812,Rajasthan,Irrigation,30,10.6,2.53,0,0,10.6,1,214,0,71
CASE-04813,West Bengal,Railways,32,93.6,1.43,0,0,26.3,5,322,0,82
CASE-04814,Punjab,Power/Transmission,36,34.1,0.91,0,0,0.0,3,155,0,114
CASE-04815,Karnataka,Roads,40,28.7,2.71,0,0,18.6,1,67,0,86
CASE-04816,Maharashtra,Roads,29,29.9,1.95,0,0,14.2,5,253,0,91
CASE-04817,Bihar,Power/Transmission,6,61.8,1.84,1,0,40.3,2,107,1,683
CASE-04818,West Bengal,Power/Transmission,33,42.2,0.65,0,0,10.1,4,329,0,61
CASE-04819,Andhra Pradesh,Roads,51,88.7,4.02,0,0,0.0,1,257,0,28
CASE-04820,Andhra Pradesh,Railways,4,51.5,1.8,0,0,14.9,2,328,1,467
CASE-04821,Gujarat,Housing,6,37.8,1.4,1,0,12.2,1,155,1,801
CASE-04822,Bihar,Roads,14,73.1,1.8,0,0,25.1,4,164,0,202
CASE-04823,Rajasthan,Roads,49,51.0,1.34,1,0,41.2,2,536,1,762
CASE-04824,Rajasthan,Railways,13,78.6,-0.05,0,0,16.4,2,197,1,242
CASE-04825,Karnataka,Roads,50,90.1,1.86,0,0,26.9,5,328,0,33
CASE-04826,Karnataka,Irrigation,31,25.6,-0.24,1,0,20.0,2,193,1,649
CASE-04827,Uttar Pradesh,Power/Transmission,16,19.0,1.62,0,0,29.0,2,415,1,478
CASE-04828,Karnataka,Irrigation,141,44.5,-0.41,0,0,6.8,2,282,0,80
CASE-04829,Tamil Nadu,Irrigation,8,37.0,-1.0,0,0,21.1,1,679,0,17
CASE-04830,Haryana,Railways,27,73.8,2.24,0,0,35.7,2,569,0,317
CASE-04831,Chhattisgarh,Power/Transmission,12,60.9,0.18,0,0,10.1,1,240,0,36
CASE-04832,Bihar,Roads,34,57.4,2.02,0,0,18.9,1,584,0,159
CASE-04833,Rajasthan,Railways,12,19.5,1.7,0,0,20.4,0,145,0,36
CASE-04834,Gujarat,Power/Transmission,18,24.4,1.68,1,0,0.0,1,533,1,658
CASE-04835,Madhya Pradesh,Railways,14,65.3,0.75,1,0,32.3,1,470,0,73
CASE-04836,Tamil Nadu,Roads,21,60.2,1.34,1,0,12.9,3,260,0,147
CASE-04837,Maharashtra,Railways,51,28.1,0.71,1,0,20.8,2,612,0,29
CASE-04838,Maharashtra,Power/Transmission,7,56.5,2.63,0,0,30.7,2,32,0,107
CASE-04839,Uttar Pradesh,Roads,13,31.8,0.92,1,0,32.2,3,63,0,15
CASE-04840,Uttar Pradesh,Power/Transmission,19,10.6,1.2,0,0,3.6,0,548,0,101
CASE-04841,Odisha,Power/Transmission,22,41.3,2.39,1,0,27.7,1,289,1,584
CASE-04842,Karnataka,Irrigation,64,45.1,0.75,0,0,36.2,0,322,1,249
CASE-04843,Bihar,Roads,14,61.5,-0.65,1,0,11.6,1,1124,0,87
CASE-04844,Karnataka,Urban Metro,50,71.8,0.23,0,0,33.4,3,912,0,122
CASE-04845,Karnataka,Roads,69,28.0,2.77,0,0,27.7,2,296,0,17
CASE-04846,Bihar,Urban Metro,23,88.2,1.6,0,0,28.9,5,199,0,31
CASE-04847,Uttar Pradesh,Power/Transmission,11,73.3,1.85,0,0,34.5,1,394,0,133
CASE-04848,Rajasthan,Roads,58,75.3,1.85,0,0,8.3,2,256,0,15
CASE-04849,Uttar Pradesh,Power/Transmission,47,76.4,3.65,0,1,7.4,4,346,0,148
CASE-04850,Tamil Nadu,Irrigation,10,17.0,-0.99,0,1,39.0,2,306,0,84
CASE-04851,Uttar Pradesh,Railways,77,88.8,1.35,0,1,17.0,4,349,1,561
CASE-04852,Gujarat,Railways,15,75.5,1.54,0,1,0.0,2,202,0,96
CASE-04853,Tamil Nadu,Irrigation,23,48.9,1.48,0,1,19.3,0,338,1,466
CASE-04854,Uttar Pradesh,Power/Transmission,41,73.1,2.46,0,0,20.1,2,377,0,179
CASE-04855,Maharashtra,Urban Metro,71,85.6,2.49,0,0,25.4,3,831,0,17
CASE-04856,Punjab,Roads,33,51.7,1.24,1,0,16.0,2,330,0,150
CASE-04857,West Bengal,Irrigation,21,42.5,-0.53,0,1,47.9,2,138,1,488
CASE-04858,Chhattisgarh,Power/Transmission,19,53.2,4.51,1,0,8.4,5,236,0,252
CASE-04859,Maharashtra,Power/Transmission,21,65.1,1.49,0,0,0.0,3,594,0,20
CASE-04860,Bihar,Railways,106,48.1,1.6,0,0,0.0,3,483,1,214
CASE-04861,West Bengal,Railways,36,49.4,3.01,0,0,10.7,1,53,0,39
CASE-04862,Haryana,Power/Transmission,29,34.3,1.03,1,0,28.9,3,157,0,34
CASE-04863,Bihar,Railways,47,48.5,3.05,0,0,18.7,0,93,0,116
CASE-04864,Tamil Nadu,Roads,22,21.1,1.13,0,1,27.0,4,176,1,585
CASE-04865,Rajasthan,Irrigation,68,47.4,3.69,0,0,11.7,3,265,1,529
CASE-04866,Maharashtra,Roads,38,53.2,2.05,0,0,27.9,1,250,0,105
CASE-04867,Bihar,Roads,21,69.8,0.69,1,1,0.0,1,695,0,163
CASE-04868,Bihar,Roads,17,62.2,4.12,0,0,24.1,2,995,0,15
CASE-04869,Karnataka,Power/Transmission,5,57.5,2.22,0,0,30.7,2,282,0,48
CASE-04870,Chhattisgarh,Housing,51,12.2,0.77,0,0,7.9,0,173,1,547
CASE-04871,Karnataka,Railways,7,44.3,-0.19,0,0,46.9,1,198,1,449
CASE-04872,Bihar,Roads,65,77.8,2.34,1,0,0.0,4,463,0,71
CASE-04873,Rajasthan,Urban Metro,13,25.9,3.16,0,0,32.2,5,38,1,485
CASE-04874,Andhra Pradesh,Roads,14,70.3,1.96,0,0,34.2,3,413,1,382
CASE-04875,West Bengal,Housing,89,53.0,1.9,0,0,8.7,4,263,0,101
CASE-04876,Andhra Pradesh,Irrigation,48,14.5,3.37,1,0,26.4,2,398,1,632
CASE-04877,Bihar,Roads,29,13.9,2.22,0,1,8.8,1,92,1,594
CASE-04878,Rajasthan,Railways,84,75.3,0.71,0,0,26.1,2,290,0,108
CASE-04879,Madhya Pradesh,Railways,25,32.1,0.76,1,1,18.3,3,216,1,844
CASE-04880,Madhya Pradesh,Power/Transmission,18,36.8,2.17,0,0,21.7,1,550,0,46
CASE-04881,Uttar Pradesh,Roads,31,46.4,2.1,0,1,12.9,2,53,0,197
CASE-04882,Chhattisgarh,Urban Metro,53,45.8,2.81,1,0,13.0,5,150,0,50
CASE-04883,Chhattisgarh,Power/Transmission,9,46.7,1.94,1,0,10.1,2,160,0,81
CASE-04884,Madhya Pradesh,Urban Metro,14,69.4,2.32,0,0,31.3,4,199,0,90
CASE-04885,Odisha,Urban Metro,11,57.0,1.92,1,0,46.7,0,147,0,50
CASE-04886,Odisha,Roads,9,84.7,2.66,1,0,55.8,1,947,1,636
CASE-04887,Maharashtra,Irrigation,23,41.9,2.4,1,0,35.7,1,270,0,94
CASE-04888,Rajasthan,Urban Metro,9,63.0,1.19,1,0,21.6,5,444,1,775
CASE-04889,Karnataka,Railways,4,88.0,1.27,0,0,36.6,2,908,0,43
CASE-04890,Telangana,Roads,14,72.4,1.89,1,1,26.9,6,387,1,982
CASE-04891,Bihar,Roads,13,45.3,1.63,0,1,16.5,1,365,0,102
CASE-04892,Bihar,Roads,37,45.8,3.08,0,0,51.3,4,433,0,131
CASE-04893,Karnataka,Urban Metro,50,66.5,1.75,0,0,36.4,3,480,0,278
CASE-04894,Bihar,Railways,16,73.5,-0.21,0,0,10.6,2,219,0,246
CASE-04895,Rajasthan,Power/Transmission,14,89.8,0.08,0,0,36.2,1,58,0,148
CASE-04896,West Bengal,Housing,86,19.3,1.21,0,0,30.4,2,211,1,478
CASE-04897,Bihar,Roads,49,18.9,2.37,1,0,7.7,0,576,1,586
CASE-04898,West Bengal,Power/Transmission,34,74.6,0.63,0,1,22.9,2,1110,1,444
CASE-04899,Haryana,Roads,20,77.7,2.28,0,0,20.9,0,625,0,44
CASE-04900,Tamil Nadu,Roads,48,96.5,0.58,1,0,0.0,1,383,0,106
CASE-04901,West Bengal,Roads,10,79.1,1.69,1,0,0.7,3,516,0,44
CASE-04902,Bihar,Railways,50,52.6,2.0,0,0,38.2,3,382,0,118
CASE-04903,Uttar Pradesh,Railways,38,50.9,0.13,0,0,11.1,5,74,0,177
CASE-04904,Odisha,Railways,43,35.6,1.97,1,0,30.7,3,121,1,732
CASE-04905,Gujarat,Roads,29,83.1,3.44,0,0,40.9,0,699,0,31
CASE-04906,Andhra Pradesh,Roads,8,51.4,1.26,0,0,0.0,0,286,0,178
CASE-04907,Odisha,Power/Transmission,10,48.5,1.59,0,0,46.1,4,306,0,281
CASE-04908,Uttar Pradesh,Roads,39,58.7,1.8,1,1,19.4,3,209,1,1030
CASE-04909,Rajasthan,Urban Metro,36,42.5,1.61,0,0,27.8,3,304,0,259
CASE-04910,Uttar Pradesh,Housing,17,29.9,1.53,1,0,51.1,3,454,1,835
CASE-04911,Uttar Pradesh,Power/Transmission,17,72.4,1.44,0,0,36.4,0,432,0,92
CASE-04912,West Bengal,Irrigation,59,57.2,-0.38,0,1,19.3,2,371,1,501
CASE-04913,Madhya Pradesh,Power/Transmission,26,48.4,2.04,1,0,14.0,2,309,1,533
CASE-04914,Punjab,Power/Transmission,13,61.0,0.21,0,0,15.3,2,223,0,279
CASE-04915,Madhya Pradesh,Housing,66,42.8,1.95,1,0,13.5,3,165,0,50
CASE-04916,Tamil Nadu,Housing,62,55.1,2.34,0,1,40.9,3,463,1,569
CASE-04917,Gujarat,Railways,26,47.4,1.99,1,0,30.1,4,182,0,15
CASE-04918,Rajasthan,Irrigation,30,35.6,0.44,0,0,25.1,2,612,1,333
CASE-04919,Haryana,Urban Metro,49,30.0,1.88,0,1,18.7,3,304,1,522
CASE-04920,Karnataka,Roads,41,56.7,1.24,1,1,32.9,2,469,1,942
CASE-04921,Madhya Pradesh,Irrigation,7,57.5,0.79,1,0,0.0,2,462,0,86
CASE-04922,Uttar Pradesh,Power/Transmission,67,69.8,3.98,1,0,49.9,3,382,1,735
CASE-04923,Bihar,Power/Transmission,6,72.7,0.42,0,0,18.0,1,427,1,346
CASE-04924,Odisha,Railways,36,23.2,2.09,0,0,7.7,1,110,1,275
CASE-04925,West Bengal,Roads,9,74.8,3.33,0,0,39.2,1,752,0,74
CASE-04926,Madhya Pradesh,Roads,41,73.5,1.96,0,0,38.8,0,1034,1,412
CASE-04927,Uttar Pradesh,Irrigation,15,36.1,0.76,1,1,20.9,2,277,1,820
CASE-04928,West Bengal,Urban Metro,15,78.0,0.84,1,0,41.9,2,299,0,124
CASE-04929,Gujarat,Urban Metro,47,84.8,-0.18,0,0,37.0,1,415,0,152
CASE-04930,Bihar,Railways,9,39.7,1.61,0,0,27.7,1,289,0,149
CASE-04931,Gujarat,Roads,17,59.8,1.66,0,0,0.0,0,332,0,81
CASE-04932,Chhattisgarh,Power/Transmission,9,70.9,1.2,0,0,23.9,2,269,1,546
CASE-04933,Tamil Nadu,Power/Transmission,29,73.7,3.21,1,0,22.1,2,148,0,68
CASE-04934,Bihar,Irrigation,9,86.9,1.46,0,0,18.3,2,349,0,64
CASE-04935,Chhattisgarh,Railways,34,84.7,-0.36,0,0,16.4,3,182,0,41
CASE-04936,Uttar Pradesh,Roads,61,58.6,3.32,0,0,33.3,3,351,1,538
CASE-04937,Madhya Pradesh,Power/Transmission,3,90.7,0.12,0,0,3.3,4,128,0,140
CASE-04938,Gujarat,Irrigation,15,83.3,2.16,0,0,39.9,1,81,0,133
CASE-04939,Chhattisgarh,Railways,10,85.2,2.31,0,0,21.2,0,643,0,69
CASE-04940,Uttar Pradesh,Urban Metro,8,65.3,1.45,0,0,9.4,1,798,0,197
CASE-04941,Odisha,Power/Transmission,33,93.5,2.67,1,0,17.6,4,127,0,56
CASE-04942,Maharashtra,Housing,31,19.9,1.64,0,0,25.0,1,87,0,174
CASE-04943,Chhattisgarh,Railways,67,38.2,1.12,1,1,43.6,2,674,1,1031
CASE-04944,Telangana,Railways,44,45.4,-0.95,0,0,32.7,4,835,1,339
CASE-04945,Andhra Pradesh,Housing,27,21.4,-0.53,0,0,39.7,1,1650,1,376
CASE-04946,Tamil Nadu,Housing,32,37.5,4.86,0,0,21.1,4,181,0,136
CASE-04947,Chhattisgarh,Housing,17,63.6,2.43,0,0,18.8,2,138,0,88
CASE-04948,Tamil Nadu,Urban Metro,33,5.6,3.06,0,0,49.9,4,210,1,947
CASE-04949,Rajasthan,Railways,6,42.2,4.57,0,0,19.9,3,1022,1,541
CASE-04950,Rajasthan,Roads,23,57.4,1.12,0,0,13.8,2,16,0,76
CASE-04951,Bihar,Railways,37,65.3,1.39,1,0,12.3,3,391,0,41
CASE-04952,Gujarat,Housing,23,32.8,-0.42,0,1,26.4,5,522,0,254
CASE-04953,Bihar,Railways,15,16.7,1.21,0,0,5.7,3,604,0,243
CASE-04954,Telangana,Power/Transmission,28,71.4,1.18,1,0,24.7,1,328,0,185
CASE-04955,Bihar,Housing,13,35.2,1.09,0,0,24.5,4,492,1,423
CASE-04956,Bihar,Housing,21,29.0,2.82,0,1,30.9,2,158,0,119
CASE-04957,Odisha,Housing,47,84.1,2.42,0,0,0.0,3,152,0,120
CASE-04958,Bihar,Irrigation,49,69.1,2.66,1,0,0.0,4,37,1,547
CASE-04959,Madhya Pradesh,Railways,31,58.1,0.09,1,0,15.4,0,198,1,618
CASE-04960,Gujarat,Housing,11,96.6,1.59,1,0,19.9,2,145,0,75
CASE-04961,Uttar Pradesh,Roads,20,75.4,1.97,0,0,5.2,1,183,0,58
CASE-04962,Uttar Pradesh,Roads,29,45.6,3.8,0,0,1.5,0,283,0,189
CASE-04963,West Bengal,Housing,14,53.1,1.7,1,1,28.5,1,678,0,42
CASE-04964,Bihar,Power/Transmission,79,30.0,1.36,1,1,17.3,2,434,1,912
CASE-04965,Bihar,Irrigation,15,66.2,2.86,0,0,34.1,2,124,0,135
CASE-04966,Maharashtra,Roads,27,50.7,1.25,0,0,1.4,2,178,0,61
CASE-04967,Madhya Pradesh,Irrigation,51,77.4,2.12,0,0,20.4,2,232,0,218
CASE-04968,Madhya Pradesh,Housing,71,40.7,2.09,0,1,47.1,1,243,0,162
CASE-04969,Maharashtra,Irrigation,11,36.4,0.93,0,0,17.5,4,993,1,479
CASE-04970,Chhattisgarh,Railways,6,63.1,0.73,1,0,13.2,2,454,1,685
CASE-04971,Chhattisgarh,Irrigation,31,10.2,1.46,1,1,35.7,5,147,1,877
CASE-04972,Maharashtra,Urban Metro,86,19.4,0.98,0,0,40.3,2,111,0,15
CASE-04973,Madhya Pradesh,Urban Metro,7,71.3,-0.3,0,1,12.5,0,571,0,97
CASE-04974,Odisha,Railways,20,73.0,2.37,0,0,13.6,2,927,0,135
CASE-04975,Andhra Pradesh,Irrigation,33,51.0,2.18,0,0,35.0,1,551,1,418
CASE-04976,Karnataka,Roads,28,38.1,0.61,0,0,26.5,1,416,0,66
CASE-04977,West Bengal,Railways,37,42.1,0.49,0,0,26.8,4,199,1,393
CASE-04978,Uttar Pradesh,Roads,64,21.2,2.09,1,0,25.6,2,544,1,807
CASE-04979,Tamil Nadu,Irrigation,52,90.5,3.6,1,0,21.2,2,742,0,130
CASE-04980,Haryana,Irrigation,20,76.7,2.72,1,0,37.0,3,132,1,639
CASE-04981,Haryana,Railways,7,26.2,2.94,1,0,42.8,1,67,1,655
CASE-04982,Bihar,Roads,54,15.5,1.13,1,0,6.6,3,298,1,536
CASE-04983,Madhya Pradesh,Roads,20,63.5,2.0,1,0,35.3,1,330,1,728
CASE-04984,Uttar Pradesh,Roads,28,72.0,1.34,0,0,21.3,0,1154,1,453
CASE-04985,Bihar,Power/Transmission,48,96.4,0.63,0,1,2.7,1,391,0,253
CASE-04986,Madhya Pradesh,Roads,53,78.5,1.73,0,0,8.1,1,255,0,68
CASE-04987,Chhattisgarh,Roads,46,37.9,0.46,0,0,15.9,1,719,1,357
CASE-04988,Uttar Pradesh,Housing,77,53.3,0.61,0,1,37.9,2,313,1,663
CASE-04989,Haryana,Roads,26,44.6,0.97,0,1,6.5,3,70,0,128
CASE-04990,Maharashtra,Urban Metro,16,68.5,1.09,0,1,0.0,2,518,0,170
CASE-04991,Maharashtra,Irrigation,12,75.8,1.46,1,0,18.0,3,741,0,48
CASE-04992,Odisha,Power/Transmission,16,47.9,-0.98,0,0,14.8,3,99,0,276
CASE-04993,Rajasthan,Irrigation,17,36.3,0.38,0,0,38.1,6,274,1,634
CASE-04994,Madhya Pradesh,Roads,31,76.8,3.39,1,1,25.9,2,189,1,881
CASE-04995,Chhattisgarh,Urban Metro,39,25.5,1.49,0,0,32.7,4,237,0,102
CASE-04996,Bihar,Urban Metro,10,58.4,2.17,0,0,16.1,3,310,0,193
CASE-04997,Uttar Pradesh,Railways,48,10.7,2.0,0,0,3.7,0,119,0,51
CASE-04998,West Bengal,Power/Transmission,51,74.7,1.37,1,1,41.7,1,357,1,855
CASE-04999,Madhya Pradesh,Irrigation,40,76.4,0.44,0,0,13.2,0,341,0,100
CASE-05000,Chhattisgarh,Urban Metro,18,67.2,0.84,0,0,31.7,1,527,0,103
CASE-05001,Uttar Pradesh,Urban Metro,63,66.5,3.85,0,0,16.5,2,337,1,444
CASE-05002,Rajasthan,Roads,25,43.8,0.86,0,0,31.9,2,446,1,427
CASE-05003,Gujarat,Urban Metro,14,57.1,3.57,1,0,26.5,5,144,0,15
CASE-05004,Uttar Pradesh,Housing,10,21.2,1.0,1,0,23.9,4,1005,1,608
CASE-05005,Maharashtra,Power/Transmission,29,84.6,1.12,1,0,28.2,0,645,1,710
CASE-05006,Karnataka,Roads,18,56.3,1.59,0,0,18.4,0,261,0,15
CASE-05007,Tamil Nadu,Urban Metro,8,70.9,1.29,1,0,0.0,4,228,0,64
CASE-05008,Rajasthan,Irrigation,6,57.8,0.37,0,1,26.3,2,385,0,182
CASE-05009,Rajasthan,Railways,33,77.1,1.48,0,0,39.2,3,133,0,69
CASE-05010,Karnataka,Urban Metro,7,74.6,-0.27,0,0,21.3,2,347,0,85
CASE-05011,Bihar,Irrigation,2,97.3,1.94,0,0,17.3,4,179,0,92
CASE-05012,Andhra Pradesh,Urban Metro,52,71.3,1.77,0,0,25.9,2,86,1,452
CASE-05013,Uttar Pradesh,Power/Transmission,12,34.3,2.37,1,0,36.7,3,216,1,678
CASE-05014,Gujarat,Roads,36,46.6,0.9,0,0,17.8,3,424,0,15
CASE-05015,Uttar Pradesh,Housing,29,31.9,2.39,0,0,0.0,4,300,0,284
CASE-05016,Bihar,Irrigation,15,39.2,2.02,0,0,24.4,2,402,0,251
CASE-05017,West Bengal,Irrigation,68,36.0,1.65,0,0,27.5,3,378,1,502
CASE-05018,West Bengal,Railways,41,35.2,3.87,0,0,24.6,0,260,0,15
CASE-05019,Chhattisgarh,Roads,24,69.3,2.06,1,0,14.6,4,184,0,234
CASE-05020,Karnataka,Power/Transmission,13,38.6,0.94,0,0,27.0,1,559,0,15
CASE-05021,Haryana,Railways,38,24.0,3.34,1,0,18.5,2,264,0,89
CASE-05022,Odisha,Housing,43,87.9,2.11,0,0,15.4,1,235,0,75
CASE-05023,Odisha,Housing,27,34.8,3.63,0,0,17.7,0,95,0,49
CASE-05024,Chhattisgarh,Power/Transmission,25,92.0,-0.73,0,0,24.6,1,265,0,99
CASE-05025,Chhattisgarh,Roads,41,76.0,1.14,0,1,26.2,5,25,0,132
CASE-05026,Chhattisgarh,Power/Transmission,24,43.6,1.14,1,0,14.3,4,664,1,826
CASE-05027,Karnataka,Roads,14,73.5,-0.77,0,0,25.0,7,369,0,153
CASE-05028,Madhya Pradesh,Urban Metro,7,45.7,1.7,0,1,27.7,2,652,1,698
CASE-05029,Chhattisgarh,Railways,24,34.7,1.05,1,1,30.4,2,376,1,780
CASE-05030,Maharashtra,Housing,7,41.1,-0.9,0,1,29.2,3,244,1,550
CASE-05031,Maharashtra,Railways,43,54.8,0.58,0,0,41.5,4,638,0,95
CASE-05032,Odisha,Roads,24,58.4,3.16,0,0,32.3,0,164,0,168
CASE-05033,Maharashtra,Housing,48,41.4,2.59,0,0,52.1,3,459,0,170
CASE-05034,West Bengal,Irrigation,30,62.7,0.65,1,0,37.5,0,443,1,754
CASE-05035,Chhattisgarh,Urban Metro,37,12.6,0.61,0,0,37.0,2,234,1,714
CASE-05036,Uttar Pradesh,Urban Metro,15,47.2,2.53,0,0,3.6,4,358,0,38
CASE-05037,Haryana,Irrigation,23,73.9,-0.86,0,0,33.3,2,231,0,62
CASE-05038,Uttar Pradesh,Railways,30,44.3,2.21,0,0,34.8,5,230,0,81
CASE-05039,Haryana,Irrigation,28,72.7,-0.7,0,0,21.3,2,175,0,41
CASE-05040,Gujarat,Urban Metro,27,86.3,3.47,0,1,0.0,4,247,0,322
CASE-05041,Bihar,Housing,10,92.6,2.29,0,0,0.0,1,262,0,275
CASE-05042,Uttar Pradesh,Railways,5,46.0,-0.71,1,0,17.8,0,241,1,588
CASE-05043,Madhya Pradesh,Power/Transmission,10,83.9,1.04,0,1,13.9,1,408,1,401
CASE-05044,Karnataka,Roads,2,66.3,1.88,0,0,0.0,4,298,0,216
CASE-05045,Bihar,Irrigation,5,49.1,-0.88,1,1,27.8,3,222,1,928
CASE-05046,Telangana,Urban Metro,32,27.1,1.45,1,1,5.0,4,212,0,308
CASE-05047,Bihar,Urban Metro,20,39.8,2.08,0,0,0.0,3,476,1,412
CASE-05048,Odisha,Railways,13,81.7,-0.98,0,1,53.0,4,380,0,112
CASE-05049,Uttar Pradesh,Railways,20,57.7,2.4,0,0,29.6,2,396,0,94
CASE-05050,Telangana,Roads,4,33.4,1.35,1,0,15.6,4,333,1,596
CASE-05051,Bihar,Roads,23,49.7,2.6,0,0,0.8,4,353,0,112
CASE-05052,Karnataka,Railways,8,62.5,1.22,1,1,8.7,3,705,1,929
CASE-05053,Andhra Pradesh,Urban Metro,57,62.1,0.23,0,0,12.7,2,358,0,171
CASE-05054,Uttar Pradesh,Railways,38,47.6,0.11,0,0,13.8,1,103,0,72
CASE-05055,Tamil Nadu,Railways,35,89.0,1.13,1,0,17.2,2,533,0,50
CASE-05056,Bihar,Power/Transmission,27,56.3,1.27,0,0,4.3,2,248,0,175
CASE-05057,Andhra Pradesh,Roads,40,54.4,2.78,1,0,8.9,2,196,0,155
CASE-05058,Andhra Pradesh,Roads,23,81.9,1.16,1,0,0.0,1,798,1,515
CASE-05059,Chhattisgarh,Housing,13,13.6,-0.37,0,0,0.0,2,823,0,236
CASE-05060,Maharashtra,Roads,36,33.4,0.95,0,0,0.0,2,47,1,308
CASE-05061,Uttar Pradesh,Railways,49,66.6,-0.33,1,0,12.9,2,277,0,61
CASE-05062,Uttar Pradesh,Irrigation,11,71.3,1.92,1,1,17.4,4,107,1,904
CASE-05063,Bihar,Roads,6,24.9,2.2,0,1,29.0,3,732,1,702
CASE-05064,Uttar Pradesh,Roads,81,44.7,2.4,0,0,28.2,0,799,1,234
CASE-05065,Haryana,Roads,62,27.4,1.14,0,0,31.4,3,1251,1,687
CASE-05066,West Bengal,Railways,25,92.0,0.66,0,0,17.4,0,511,0,157
CASE-05067,Chhattisgarh,Urban Metro,3,21.3,0.89,0,0,31.8,2,412,1,509
CASE-05068,Madhya Pradesh,Railways,30,63.1,1.39,1,0,0.0,5,362,1,816
CASE-05069,Bihar,Railways,110,80.1,0.89,0,0,31.1,2,119,0,71
CASE-05070,West Bengal,Railways,40,70.9,3.43,1,1,21.4,3,236,0,83
CASE-05071,Bihar,Housing,37,90.2,1.06,0,0,36.4,1,266,0,44
CASE-05072,Madhya Pradesh,Roads,24,60.2,1.38,0,0,0.0,1,283,0,97
CASE-05073,Karnataka,Urban Metro,35,86.6,0.6,0,0,35.7,0,196,0,59
CASE-05074,West Bengal,Railways,40,70.7,0.63,1,0,0.0,3,894,0,40
CASE-05075,Telangana,Housing,28,75.0,-0.03,0,0,38.8,2,46,1,599
CASE-05076,Bihar,Railways,21,64.6,0.27,1,0,9.4,1,257,0,44
CASE-05077,West Bengal,Roads,29,69.7,3.75,0,0,28.2,0,302,0,143
CASE-05078,Uttar Pradesh,Irrigation,28,51.4,2.15,1,1,20.7,2,422,1,868
CASE-05079,Madhya Pradesh,Roads,3,81.2,1.09,0,1,37.2,3,26,0,34
CASE-05080,Gujarat,Power/Transmission,97,44.9,0.71,0,1,24.3,3,556,0,171
CASE-05081,Uttar Pradesh,Power/Transmission,38,20.9,2.98,1,0,45.6,3,502,1,768
CASE-05082,Andhra Pradesh,Power/Transmission,55,87.7,0.5,0,0,11.2,3,665,0,158
CASE-05083,Karnataka,Roads,31,63.2,-0.54,1,0,6.5,2,131,0,141
CASE-05084,Maharashtra,Power/Transmission,17,45.4,2.07,0,0,12.2,0,374,0,120
CASE-05085,Punjab,Railways,48,38.6,0.39,0,0,31.5,2,46,0,316
CASE-05086,Karnataka,Housing,6,46.5,-0.04,0,0,32.1,3,119,1,288
CASE-05087,Tamil Nadu,Power/Transmission,39,68.6,0.19,1,0,2.7,2,76,0,94
CASE-05088,Karnataka,Irrigation,47,75.1,2.0,0,1,9.3,1,251,1,463
CASE-05089,Punjab,Urban Metro,24,89.0,1.37,0,0,26.3,1,241,0,309
CASE-05090,Bihar,Irrigation,36,37.3,0.32,1,0,40.7,2,244,1,729
CASE-05091,Karnataka,Irrigation,3,74.3,2.06,0,0,11.5,3,350,0,109
CASE-05092,Gujarat,Roads,37,17.0,0.51,0,0,0.6,2,104,0,41
CASE-05093,Madhya Pradesh,Power/Transmission,19,18.0,-0.46,1,0,37.0,2,45,0,81
CASE-05094,Madhya Pradesh,Railways,36,64.9,-0.07,0,0,0.0,2,16,0,77
CASE-05095,Telangana,Roads,24,67.3,1.53,0,0,30.1,4,148,0,67
CASE-05096,Andhra Pradesh,Urban Metro,24,2.1,0.56,1,0,0.0,3,260,1,613
CASE-05097,Rajasthan,Roads,37,82.4,1.63,0,0,20.2,4,186,0,158
CASE-05098,Chhattisgarh,Power/Transmission,20,52.7,2.83,0,0,16.7,4,299,0,111
CASE-05099,Tamil Nadu,Roads,24,66.6,0.74,0,0,10.3,3,892,1,501
CASE-05100,Odisha,Railways,84,69.7,4.7,0,1,43.6,0,257,1,531
CASE-05101,Andhra Pradesh,Urban Metro,58,67.5,1.83,1,0,20.7,2,369,1,638
CASE-05102,Bihar,Roads,21,51.3,1.29,1,0,19.5,3,316,0,127
CASE-05103,Maharashtra,Power/Transmission,25,32.1,-0.1,0,0,18.1,1,600,0,151
CASE-05104,Chhattisgarh,Irrigation,16,63.9,1.08,0,0,10.5,2,262,0,148
CASE-05105,Tamil Nadu,Urban Metro,19,44.4,1.2,0,0,49.4,3,84,0,113
CASE-05106,Karnataka,Roads,20,18.7,2.41,0,0,16.3,1,120,1,360
CASE-05107,Uttar Pradesh,Power/Transmission,27,21.6,0.79,1,0,49.8,0,607,1,818
CASE-05108,Bihar,Railways,4,38.6,2.02,1,0,9.6,1,193,0,114
CASE-05109,West Bengal,Railways,19,18.7,1.55,0,1,22.3,2,130,1,492
CASE-05110,Odisha,Railways,16,41.6,2.67,0,0,14.8,3,290,1,327
CASE-05111,Uttar Pradesh,Railways,63,46.9,2.76,0,0,9.9,3,576,0,75
CASE-05112,Chhattisgarh,Irrigation,25,72.3,1.9,1,0,19.2,5,235,1,778
CASE-05113,Gujarat,Roads,30,76.6,2.42,0,1,47.0,3,349,1,682
CASE-05114,Punjab,Railways,18,67.8,2.85,0,1,41.3,1,1142,0,64
CASE-05115,Maharashtra,Power/Transmission,25,44.1,2.14,0,0,22.4,3,622,0,41
CASE-05116,Haryana,Railways,19,90.7,1.83,0,0,1.5,2,353,0,69
CASE-05117,Chhattisgarh,Roads,28,29.0,1.99,0,0,26.8,3,269,1,340
CASE-05118,Gujarat,Railways,36,67.8,3.43,0,0,14.1,3,726,0,61
CASE-05119,Maharashtra,Railways,8,26.5,1.64,0,0,7.5,2,1410,1,339
CASE-05120,West Bengal,Power/Transmission,40,43.7,2.37,0,0,31.6,1,795,1,353
CASE-05121,Chhattisgarh,Urban Metro,12,82.8,0.69,0,0,2.8,2,348,0,129
CASE-05122,Bihar,Irrigation,86,75.5,3.3,1,0,23.6,1,152,0,24
CASE-05123,Karnataka,Power/Transmission,27,61.9,2.04,0,0,28.7,0,127,0,73
CASE-05124,Andhra Pradesh,Roads,30,37.6,1.09,0,0,31.9,2,567,0,85
CASE-05125,Andhra Pradesh,Housing,31,34.0,1.42,1,1,2.8,4,152,1,1100
CASE-05126,Maharashtra,Railways,26,63.9,1.24,1,1,47.1,0,208,0,372
CASE-05127,Karnataka,Railways,14,73.4,1.51,0,0,26.0,3,301,0,119
CASE-05128,Uttar Pradesh,Roads,30,47.6,1.75,1,0,21.6,2,130,0,251
CASE-05129,Haryana,Roads,29,89.3,1.26,0,0,1.7,0,140,0,96
CASE-05130,Telangana,Power/Transmission,13,34.8,-0.41,1,0,9.2,4,96,1,836
CASE-05131,Bihar,Roads,8,54.8,3.63,1,0,16.2,1,435,0,232
CASE-05132,Uttar Pradesh,Roads,47,42.6,1.82,0,0,21.1,2,399,0,81
CASE-05133,Uttar Pradesh,Roads,19,36.2,1.83,0,0,26.7,1,491,0,142
CASE-05134,West Bengal,Housing,22,52.7,1.44,0,0,16.3,0,758,0,276
CASE-05135,Odisha,Power/Transmission,29,47.5,2.59,0,0,43.3,1,142,0,109
CASE-05136,West Bengal,Housing,14,39.6,1.56,0,0,15.9,3,78,0,121
CASE-05137,Maharashtra,Urban Metro,32,25.1,1.13,1,0,24.5,3,242,1,661
CASE-05138,Maharashtra,Urban Metro,23,29.7,1.2,0,1,38.6,1,351,0,72
CASE-05139,Bihar,Railways,25,67.8,3.0,0,0,13.3,3,16,0,141
CASE-05140,Odisha,Roads,54,58.9,1.74,0,0,1.0,0,661,0,26
CASE-05141,Chhattisgarh,Railways,28,29.3,1.46,0,0,15.3,3,272,0,298
CASE-05142,Andhra Pradesh,Roads,22,60.5,0.98,0,0,35.2,2,691,0,26
CASE-05143,Madhya Pradesh,Power/Transmission,11,59.6,1.12,0,1,22.6,6,291,0,56
CASE-05144,Haryana,Roads,31,35.7,2.8,1,0,31.7,0,22,0,63
CASE-05145,Madhya Pradesh,Roads,46,42.0,0.4,1,0,1.9,1,323,0,27
CASE-05146,Odisha,Power/Transmission,22,30.1,2.3,0,0,0.0,1,292,0,80
CASE-05147,Haryana,Roads,46,61.1,2.35,0,1,30.3,3,52,1,529
CASE-05148,West Bengal,Roads,31,21.9,1.76,0,0,26.8,3,1216,1,380
CASE-05149,Haryana,Roads,27,81.3,1.27,1,0,7.8,3,737,1,695
CASE-05150,Bihar,Power/Transmission,34,31.3,-0.28,0,1,4.4,4,609,1,705
CASE-05151,Rajasthan,Roads,9,41.3,2.3,0,1,19.1,1,1131,1,622
CASE-05152,Maharashtra,Roads,19,50.1,-0.41,0,1,20.9,1,116,0,87
CASE-05153,West Bengal,Roads,20,52.0,1.7,0,0,3.3,1,376,0,57
CASE-05154,Uttar Pradesh,Power/Transmission,23,34.6,1.56,0,0,20.5,3,406,1,442
CASE-05155,Maharashtra,Roads,77,72.4,2.42,0,0,0.0,2,792,1,413
CASE-05156,Maharashtra,Roads,27,20.7,0.43,0,0,12.0,3,108,1,426
CASE-05157,Madhya Pradesh,Urban Metro,8,56.4,0.37,0,0,1.9,3,290,1,352
CASE-05158,Andhra Pradesh,Urban Metro,16,48.8,2.14,0,0,20.0,4,588,0,70
CASE-05159,Karnataka,Roads,25,51.6,1.3,0,1,12.0,3,816,1,473
CASE-05160,Bihar,Roads,28,56.3,-0.92,0,0,41.8,3,169,0,110
CASE-05161,Telangana,Roads,2,21.6,1.49,0,0,26.2,0,452,0,275
CASE-05162,Punjab,Power/Transmission,36,34.5,3.67,0,0,1.9,3,357,0,134
CASE-05163,Uttar Pradesh,Roads,37,50.9,2.16,0,0,35.3,2,204,0,42
CASE-05164,Karnataka,Housing,11,53.7,0.08,1,0,18.6,0,114,1,605
CASE-05165,Chhattisgarh,Urban Metro,45,82.4,2.06,1,0,32.9,1,704,0,136
CASE-05166,Gujarat,Irrigation,22,66.9,2.68,1,1,2.2,2,743,1,866
CASE-05167,Madhya Pradesh,Roads,12,51.5,-0.57,0,0,30.6,1,579,1,347
CASE-05168,Gujarat,Urban Metro,10,65.5,1.16,1,0,52.3,1,189,0,33
CASE-05169,Uttar Pradesh,Power/Transmission,35,92.8,3.06,1,0,30.3,3,306,0,33
CASE-05170,Madhya Pradesh,Power/Transmission,17,58.2,-0.33,0,0,12.7,2,553,0,19
CASE-05171,Gujarat,Roads,30,30.3,1.16,0,0,38.8,1,188,0,51
CASE-05172,Chhattisgarh,Power/Transmission,10,39.9,1.24,0,0,11.3,2,71,0,65
CASE-05173,Odisha,Urban Metro,20,97.9,1.0,1,0,28.8,3,550,0,36
CASE-05174,Maharashtra,Housing,34,47.3,3.15,0,0,55.3,3,120,0,302
CASE-05175,Uttar Pradesh,Irrigation,53,39.9,2.97,0,0,12.9,0,499,0,282
CASE-05176,Maharashtra,Irrigation,56,1.2,1.14,1,0,29.3,3,57,1,695
CASE-05177,Uttar Pradesh,Railways,52,72.7,0.28,1,1,51.7,3,380,1,1118
CASE-05178,Maharashtra,Power/Transmission,114,41.8,3.03,0,0,36.4,2,1242,1,564
CASE-05179,West Bengal,Housing,30,37.4,2.43,0,1,32.3,4,754,1,760
CASE-05180,West Bengal,Irrigation,9,49.7,1.48,0,0,0.0,1,394,0,194
CASE-05181,Rajasthan,Roads,16,56.7,2.29,1,0,7.2,3,660,1,799
CASE-05182,Madhya Pradesh,Roads,55,52.5,2.28,1,1,34.6,4,187,1,940
CASE-05183,Maharashtra,Irrigation,14,33.1,0.45,0,0,17.0,0,380,1,272
CASE-05184,Rajasthan,Urban Metro,1,95.3,0.79,1,0,14.2,4,28,0,149
CASE-05185,Maharashtra,Roads,20,23.3,1.51,0,0,39.3,1,574,0,274
CASE-05186,Odisha,Railways,44,58.9,-0.82,0,0,31.5,0,545,1,295
CASE-05187,Maharashtra,Housing,16,54.4,1.09,0,0,9.3,0,625,1,336
CASE-05188,Andhra Pradesh,Irrigation,57,34.9,0.55,1,0,33.0,4,445,1,684
CASE-05189,Haryana,Roads,81,37.4,1.71,0,0,7.2,3,925,1,520
CASE-05190,Andhra Pradesh,Railways,30,33.5,0.15,0,0,0.0,1,523,0,154
CASE-05191,Chhattisgarh,Railways,91,66.8,2.02,0,0,26.3,0,225,0,166
CASE-05192,Rajasthan,Roads,68,35.2,1.77,1,0,3.0,1,522,1,647
CASE-05193,Uttar Pradesh,Power/Transmission,45,27.7,1.38,1,0,2.7,1,489,0,186
CASE-05194,Rajasthan,Irrigation,33,58.1,2.06,1,0,6.2,1,203,1,541
CASE-05195,Haryana,Irrigation,31,85.8,2.21,0,0,23.9,3,458,0,134
CASE-05196,Telangana,Irrigation,24,20.9,1.21,0,0,33.2,2,140,1,519
CASE-05197,Karnataka,Roads,38,68.9,1.54,0,0,17.0,1,171,0,101
CASE-05198,Madhya Pradesh,Roads,4,63.9,0.69,0,1,3.4,1,207,1,345
CASE-05199,Gujarat,Roads,70,53.6,0.67,0,0,4.5,2,500,0,134
CASE-05200,Andhra Pradesh,Roads,92,70.1,3.4,0,0,0.0,2,65,0,142
CASE-05201,Bihar,Power/Transmission,4,65.9,1.26,0,0,32.1,2,1425,0,44
CASE-05202,Uttar Pradesh,Roads,44,35.7,1.49,0,1,7.8,1,1164,0,90
CASE-05203,Uttar Pradesh,Power/Transmission,67,36.4,1.41,0,0,24.8,1,228,0,140
CASE-05204,Karnataka,Roads,28,83.1,1.95,0,0,0.0,6,315,0,287
CASE-05205,Uttar Pradesh,Roads,23,43.1,0.85,1,0,40.4,4,447,1,801
CASE-05206,Maharashtra,Roads,19,45.8,0.96,1,0,21.1,4,177,0,25
CASE-05207,Maharashtra,Irrigation,16,80.0,2.62,0,1,0.0,2,272,0,263
CASE-05208,Haryana,Irrigation,32,93.7,-0.28,0,0,12.2,1,521,0,43
CASE-05209,Maharashtra,Urban Metro,57,14.6,1.72,0,0,24.1,2,402,1,475
CASE-05210,Maharashtra,Roads,4,18.4,0.51,0,0,8.0,3,79,0,39
CASE-05211,Karnataka,Irrigation,11,64.8,-0.91,0,0,26.8,0,663,0,21
CASE-05212,Bihar,Power/Transmission,15,68.5,1.4,1,0,40.5,2,1129,1,803
CASE-05213,Punjab,Railways,7,87.4,0.11,0,1,35.0,5,586,0,105
CASE-05214,Haryana,Roads,40,59.2,-0.1,0,1,20.9,3,210,0,49
CASE-05215,Karnataka,Roads,37,63.9,4.61,0,0,42.7,4,210,0,238
CASE-05216,Karnataka,Roads,47,19.5,2.15,0,0,24.2,2,221,1,358
CASE-05217,Madhya Pradesh,Urban Metro,3,34.1,2.18,1,0,19.4,3,510,0,259
CASE-05218,Maharashtra,Railways,43,84.1,1.44,0,0,19.8,3,460,0,44
CASE-05219,Bihar,Irrigation,57,48.2,0.07,0,0,22.6,2,512,0,147
CASE-05220,Uttar Pradesh,Power/Transmission,41,49.6,1.3,1,0,27.8,1,480,0,67
CASE-05221,Maharashtra,Railways,26,80.4,1.07,0,0,7.8,2,1534,0,191
CASE-05222,Andhra Pradesh,Irrigation,24,77.1,-0.81,0,0,38.3,2,588,0,63
CASE-05223,Maharashtra,Roads,34,48.1,3.65,1,0,40.7,2,60,0,140
CASE-05224,Maharashtra,Railways,31,45.7,1.39,1,1,58.3,2,44,1,1000
CASE-05225,West Bengal,Roads,16,69.0,0.5,1,0,0.0,4,64,0,52
CASE-05226,Karnataka,Roads,3,72.4,1.65,0,0,21.8,3,352,1,551
CASE-05227,Uttar Pradesh,Roads,18,46.0,-0.15,0,0,9.2,0,256,0,397
CASE-05228,Maharashtra,Power/Transmission,85,73.7,0.37,0,1,31.0,0,146,0,67
CASE-05229,Uttar Pradesh,Power/Transmission,4,38.9,3.34,0,0,39.6,1,24,0,33
CASE-05230,Bihar,Power/Transmission,31,67.3,0.88,1,0,21.9,1,742,0,143
CASE-05231,Tamil Nadu,Roads,72,47.4,1.48,0,0,16.7,3,258,0,24
CASE-05232,Haryana,Housing,48,25.7,1.62,0,1,14.1,1,913,1,523
CASE-05233,Karnataka,Roads,53,78.9,1.29,0,0,18.5,4,330,0,121
CASE-05234,Karnataka,Urban Metro,49,46.0,0.85,0,1,27.1,5,197,0,207
CASE-05235,Gujarat,Power/Transmission,7,84.1,4.22,0,0,27.0,2,168,0,37
CASE-05236,Chhattisgarh,Irrigation,64,13.5,0.61,0,0,43.9,1,136,1,756
CASE-05237,Uttar Pradesh,Railways,70,55.5,0.43,1,0,19.1,4,419,0,100
CASE-05238,Maharashtra,Power/Transmission,9,64.2,2.09,1,0,35.2,3,155,0,58
CASE-05239,Karnataka,Power/Transmission,19,53.9,-0.04,0,1,8.2,2,349,0,88
CASE-05240,Andhra Pradesh,Roads,28,63.7,2.73,0,0,2.6,2,1041,0,172
CASE-05241,Uttar Pradesh,Power/Transmission,19,59.7,1.26,1,0,36.7,1,68,1,785
CASE-05242,Bihar,Roads,15,37.1,1.65,0,0,27.9,1,173,0,26
CASE-05243,Bihar,Irrigation,15,58.9,1.85,0,0,13.9,2,196,1,299
CASE-05244,Bihar,Irrigation,43,71.6,1.09,0,1,8.0,1,387,0,26
CASE-05245,West Bengal,Urban Metro,52,82.9,2.6,0,0,14.7,1,304,1,290
CASE-05246,Rajasthan,Railways,15,69.4,2.28,0,0,25.1,1,312,0,173
CASE-05247,West Bengal,Roads,52,43.2,2.12,0,0,24.2,4,783,1,381
CASE-05248,Uttar Pradesh,Railways,19,65.4,-0.32,0,0,0.2,2,205,0,135
CASE-05249,Maharashtra,Roads,9,86.7,1.08,0,0,2.8,2,111,0,41
CASE-05250,Tamil Nadu,Irrigation,34,40.6,1.37,0,0,24.0,1,263,0,49
CASE-05251,West Bengal,Railways,27,71.1,3.59,1,0,30.7,2,505,0,103
CASE-05252,Maharashtra,Power/Transmission,34,46.6,-0.2,0,1,10.1,3,142,0,41
CASE-05253,Bihar,Roads,34,50.5,0.73,0,0,0.6,0,29,0,15
CASE-05254,Tamil Nadu,Roads,32,61.1,2.8,0,0,22.4,2,1567,0,58
CASE-05255,Gujarat,Railways,25,34.3,0.37,0,0,0.0,5,220,0,325
CASE-05256,Odisha,Roads,51,97.7,0.71,1,0,16.1,5,358,1,707
CASE-05257,Chhattisgarh,Roads,41,70.2,3.51,0,0,30.9,3,369,0,253
CASE-05258,Karnataka,Railways,20,60.2,1.94,0,0,18.3,3,287,0,73
CASE-05259,Karnataka,Railways,19,53.0,2.53,0,0,0.0,0,99,1,194
CASE-05260,Uttar Pradesh,Roads,6,80.3,2.37,0,0,44.6,2,188,0,85
CASE-05261,Rajasthan,Irrigation,7,46.9,1.64,1,0,22.1,1,469,0,15
CASE-05262,Andhra Pradesh,Urban Metro,24,56.3,1.61,0,0,25.1,2,140,0,79
CASE-05263,Uttar Pradesh,Irrigation,47,49.1,2.56,0,1,35.2,0,833,1,339
CASE-05264,Haryana,Roads,13,18.7,0.48,1,0,19.3,3,207,0,87
CASE-05265,Madhya Pradesh,Roads,42,58.9,3.58,0,0,17.9,1,370,1,387
CASE-05266,Maharashtra,Roads,31,60.4,0.86,1,0,40.4,1,942,1,740
CASE-05267,Madhya Pradesh,Irrigation,14,65.8,2.73,0,0,9.7,2,77,0,25
CASE-05268,Odisha,Power/Transmission,28,52.1,2.11,0,0,35.7,3,184,0,399
CASE-05269,Haryana,Roads,27,14.0,0.84,1,0,5.0,2,236,1,705
CASE-05270,West Bengal,Roads,14,29.1,2.08,1,0,11.1,1,251,0,132
CASE-05271,Punjab,Railways,40,65.7,1.65,0,0,26.4,2,66,0,422
CASE-05272,Odisha,Railways,50,50.1,-0.62,0,0,43.4,5,400,1,454
CASE-05273,Tamil Nadu,Housing,21,65.4,1.4,0,0,24.2,3,418,1,629
CASE-05274,Odisha,Roads,10,76.8,0.0,0,0,1.0,1,400,0,233
CASE-05275,Madhya Pradesh,Roads,52,69.5,2.11,1,0,32.7,2,588,1,620
CASE-05276,Gujarat,Railways,7,19.6,1.33,0,0,10.1,2,57,0,147
CASE-05277,Andhra Pradesh,Roads,33,91.0,2.55,0,0,31.5,3,323,0,223
CASE-05278,Gujarat,Roads,13,46.6,0.66,1,0,26.3,0,269,1,697
CASE-05279,Uttar Pradesh,Railways,9,95.9,-0.06,0,0,0.0,0,96,0,135
CASE-05280,Gujarat,Railways,17,27.1,0.21,0,0,27.4,2,165,0,15
CASE-05281,Punjab,Roads,27,47.5,3.92,0,0,3.5,0,161,0,125
CASE-05282,Bihar,Irrigation,11,64.9,5.13,1,0,42.3,1,108,0,25
CASE-05283,Telangana,Irrigation,8,54.0,3.9,0,0,0.0,0,391,0,384
CASE-05284,Madhya Pradesh,Roads,5,73.1,-0.35,0,0,19.6,0,191,0,113
CASE-05285,Uttar Pradesh,Urban Metro,72,88.2,-0.15,0,0,7.8,3,510,0,312
CASE-05286,Maharashtra,Roads,35,79.2,0.22,0,1,43.2,2,598,0,53
CASE-05287,Tamil Nadu,Housing,14,18.3,2.43,0,0,0.0,2,710,1,343
CASE-05288,Andhra Pradesh,Housing,36,10.7,4.03,1,0,57.0,3,57,1,718
CASE-05289,Bihar,Railways,27,26.1,2.59,0,0,16.6,2,18,0,36
CASE-05290,Chhattisgarh,Roads,43,72.4,1.73,0,0,13.5,3,124,0,97
CASE-05291,Madhya Pradesh,Urban Metro,22,69.7,0.39,1,1,33.6,1,295,1,790
CASE-05292,Karnataka,Railways,49,28.2,1.16,0,0,21.5,2,197,1,449
CASE-05293,Odisha,Roads,16,22.7,1.61,1,0,9.2,3,482,0,172
CASE-05294,Rajasthan,Irrigation,31,68.1,2.56,1,0,10.5,4,251,0,107
CASE-05295,Gujarat,Railways,47,38.5,0.9,1,0,14.5,4,488,0,37
CASE-05296,Andhra Pradesh,Urban Metro,32,55.6,1.98,0,0,11.6,3,112,1,392
CASE-05297,Telangana,Power/Transmission,87,67.2,1.83,0,1,34.2,3,355,1,638
CASE-05298,Bihar,Urban Metro,43,88.1,1.62,0,0,23.3,3,108,0,137
CASE-05299,Bihar,Power/Transmission,35,14.0,1.03,0,0,28.9,1,199,0,115
CASE-05300,Maharashtra,Irrigation,20,21.1,1.65,1,0,15.7,2,206,0,34
CASE-05301,Andhra Pradesh,Irrigation,31,68.0,1.38,0,0,31.7,3,129,0,59
CASE-05302,Chhattisgarh,Housing,59,7.6,0.56,0,0,11.6,1,578,1,403
CASE-05303,Gujarat,Housing,18,57.6,2.56,0,0,8.2,0,106,0,202
CASE-05304,Madhya Pradesh,Urban Metro,13,68.3,3.39,0,0,14.4,1,51,0,122
CASE-05305,Maharashtra,Power/Transmission,18,91.5,1.7,0,1,43.4,0,92,0,68
CASE-05306,Chhattisgarh,Irrigation,17,33.9,1.44,1,0,13.4,5,347,0,116
CASE-05307,Telangana,Roads,39,80.4,2.41,0,0,14.0,1,274,0,41
CASE-05308,Bihar,Urban Metro,80,67.3,1.72,0,0,25.3,2,133,0,105
CASE-05309,Uttar Pradesh,Roads,7,37.9,2.87,1,0,20.0,2,143,1,722
CASE-05310,Bihar,Roads,28,51.6,1.63,0,0,5.7,2,351,0,115
CASE-05311,Karnataka,Railways,11,91.9,2.2,1,0,4.3,1,789,0,295
CASE-05312,Bihar,Irrigation,34,60.2,3.58,1,0,33.2,1,19,0,15
CASE-05313,Madhya Pradesh,Irrigation,37,60.8,3.02,0,1,4.2,2,399,1,656
CASE-05314,Chhattisgarh,Roads,17,68.0,1.31,0,0,35.3,6,443,1,535
CASE-05315,Madhya Pradesh,Roads,40,37.6,2.8,1,0,15.0,3,189,0,487
CASE-05316,Karnataka,Roads,15,55.2,0.22,0,0,0.0,2,378,0,53
CASE-05317,Maharashtra,Railways,15,57.0,1.26,1,1,31.7,8,697,0,54
CASE-05318,Haryana,Roads,13,41.5,2.5,0,0,34.0,2,409,0,86
CASE-05319,Karnataka,Power/Transmission,18,30.9,3.34,1,0,30.7,1,1091,1,724
CASE-05320,Madhya Pradesh,Roads,26,79.0,0.6,1,0,15.0,1,173,0,57
CASE-05321,Maharashtra,Railways,23,63.3,1.47,0,0,16.7,1,105,0,207
CASE-05322,Chhattisgarh,Railways,29,45.2,1.5,0,0,15.2,1,864,0,132
CASE-05323,Odisha,Irrigation,38,52.5,1.39,0,0,11.2,3,571,1,425
CASE-05324,Maharashtra,Urban Metro,30,55.8,0.04,0,0,26.2,5,493,0,128
CASE-05325,Uttar Pradesh,Roads,71,30.7,2.1,0,0,18.9,1,164,0,185
CASE-05326,Uttar Pradesh,Railways,27,75.2,-0.03,0,0,15.0,2,79,0,120
CASE-05327,Chhattisgarh,Power/Transmission,44,75.8,2.87,1,0,11.3,5,450,1,929
CASE-05328,Haryana,Roads,6,41.3,3.12,0,0,24.2,1,208,0,19
CASE-05329,Karnataka,Urban Metro,29,36.5,0.73,1,0,41.0,3,389,1,821
CASE-05330,Madhya Pradesh,Housing,23,61.1,-0.02,0,1,23.8,2,658,1,592
CASE-05331,Gujarat,Irrigation,22,45.7,1.46,1,0,1.7,3,262,1,652
CASE-05332,Gujarat,Housing,58,62.3,0.88,0,0,21.6,1,441,0,118
CASE-05333,Bihar,Railways,89,30.6,1.25,0,0,29.2,2,405,1,491
CASE-05334,Uttar Pradesh,Railways,39,78.5,1.61,1,0,32.6,5,568,1,716
CASE-05335,Madhya Pradesh,Roads,5,61.2,0.38,0,1,29.7,2,191,0,44
CASE-05336,Tamil Nadu,Roads,17,84.9,3.49,0,0,24.0,1,140,1,562
CASE-05337,Rajasthan,Roads,7,43.8,0.73,0,0,62.7,3,307,0,93
CASE-05338,Rajasthan,Railways,29,55.3,2.62,0,0,4.1,4,94,0,98
CASE-05339,Tamil Nadu,Irrigation,35,27.2,0.43,0,0,44.3,3,482,1,766
CASE-05340,Bihar,Roads,6,49.2,1.57,0,1,30.3,5,1403,0,169
CASE-05341,Madhya Pradesh,Irrigation,65,58.9,2.04,1,0,56.4,2,184,1,648
CASE-05342,Maharashtra,Roads,9,56.6,1.66,0,1,0.3,4,383,1,559
CASE-05343,Odisha,Railways,34,70.0,1.2,1,0,45.1,6,770,1,840
CASE-05344,Andhra Pradesh,Roads,64,24.6,0.91,0,1,46.6,2,183,1,605
CASE-05345,Bihar,Power/Transmission,29,76.9,1.01,0,0,19.6,0,148,0,220
CASE-05346,Maharashtra,Irrigation,14,74.0,0.69,0,1,9.2,3,791,0,141
CASE-05347,Gujarat,Power/Transmission,14,20.8,1.9,0,0,53.8,2,173,0,127
CASE-05348,Gujarat,Roads,30,94.1,3.7,0,1,9.6,1,385,0,146
CASE-05349,Rajasthan,Railways,45,51.7,1.93,1,0,37.7,6,424,1,949
CASE-05350,Uttar Pradesh,Housing,33,52.1,2.21,0,0,44.4,0,297,0,85
CASE-05351,Haryana,Roads,13,79.7,2.8,0,0,19.6,4,117,0,71
CASE-05352,Gujarat,Railways,23,13.1,0.96,0,0,19.5,2,823,0,360
CASE-05353,Rajasthan,Roads,12,70.5,-0.67,0,0,48.5,0,85,0,57
CASE-05354,Rajasthan,Roads,12,18.5,1.5,0,1,17.4,1,606,1,511
CASE-05355,Haryana,Railways,11,66.4,2.53,1,0,13.6,6,125,0,69
CASE-05356,Haryana,Roads,19,63.1,3.91,1,0,0.0,0,340,0,48
CASE-05357,Chhattisgarh,Irrigation,25,32.4,0.32,0,1,38.8,1,676,0,96
CASE-05358,Karnataka,Housing,27,25.4,2.82,1,0,16.4,5,118,0,181
CASE-05359,Madhya Pradesh,Roads,32,38.8,1.81,0,0,33.7,2,347,0,162
CASE-05360,Tamil Nadu,Roads,14,68.1,1.03,0,0,19.8,5,1037,0,37
CASE-05361,Chhattisgarh,Urban Metro,25,75.3,0.24,0,0,42.0,6,229,1,648
CASE-05362,Maharashtra,Railways,27,27.4,0.8,1,1,42.6,4,321,1,1027
CASE-05363,Uttar Pradesh,Urban Metro,54,27.9,2.19,0,0,7.1,4,36,0,116
CASE-05364,Haryana,Railways,6,54.6,2.97,1,0,15.0,2,111,0,50
CASE-05365,Haryana,Irrigation,7,34.7,-1.0,0,0,30.7,1,79,0,244
CASE-05366,Punjab,Housing,37,24.6,2.11,0,0,43.1,3,207,1,530
CASE-05367,Karnataka,Roads,40,17.0,0.81,0,0,23.7,1,480,0,84
CASE-05368,Tamil Nadu,Urban Metro,37,65.6,0.92,0,0,25.2,3,479,0,58
CASE-05369,Tamil Nadu,Irrigation,37,79.1,2.0,0,0,27.2,1,201,0,38
CASE-05370,Madhya Pradesh,Urban Metro,6,44.1,3.81,0,0,8.9,3,360,0,45
CASE-05371,Uttar Pradesh,Roads,80,91.2,0.64,0,1,15.2,1,696,0,47
CASE-05372,Telangana,Railways,50,57.5,1.39,0,1,19.2,2,314,0,119
CASE-05373,Maharashtra,Roads,6,68.5,-0.39,0,0,37.0,1,95,0,89
CASE-05374,Chhattisgarh,Housing,21,51.9,2.03,0,0,48.9,1,157,0,119
CASE-05375,Rajasthan,Roads,20,46.4,0.67,0,0,8.3,4,1619,0,212
CASE-05376,Rajasthan,Roads,23,43.0,3.39,0,1,32.8,2,262,1,482
CASE-05377,Bihar,Urban Metro,18,50.8,1.93,0,1,25.3,3,348,0,67
CASE-05378,Gujarat,Railways,10,31.5,1.16,0,0,14.5,4,56,0,86
CASE-05379,Uttar Pradesh,Irrigation,28,14.9,1.17,0,1,7.6,2,99,0,195
CASE-05380,Tamil Nadu,Roads,57,44.3,1.94,1,0,25.4,3,411,1,770
CASE-05381,Uttar Pradesh,Irrigation,17,64.4,2.33,0,0,13.2,3,57,1,370
CASE-05382,Rajasthan,Roads,32,56.9,0.1,1,1,27.6,1,353,0,208
CASE-05383,Tamil Nadu,Railways,24,38.4,1.32,0,0,7.0,4,487,0,40
CASE-05384,Uttar Pradesh,Irrigation,37,73.9,1.5,0,0,5.4,1,236,0,144
CASE-05385,Bihar,Railways,22,84.8,1.75,0,0,38.1,2,522,0,71
CASE-05386,Tamil Nadu,Roads,15,63.7,3.07,0,0,24.9,1,495,0,175
CASE-05387,Maharashtra,Roads,18,42.8,-0.21,0,1,24.6,1,289,1,513
CASE-05388,Uttar Pradesh,Power/Transmission,55,66.5,2.65,0,0,14.4,1,164,0,174
CASE-05389,Karnataka,Roads,26,29.3,1.94,0,1,33.4,2,88,1,476
CASE-05390,Punjab,Roads,26,88.7,0.9,0,0,19.3,4,184,0,152
CASE-05391,Andhra Pradesh,Railways,54,38.4,2.47,0,1,33.7,1,235,0,59
CASE-05392,Madhya Pradesh,Railways,61,44.3,1.04,1,0,15.2,1,256,1,813
CASE-05393,Telangana,Power/Transmission,3,51.6,-0.67,0,0,6.1,2,566,1,421
CASE-05394,West Bengal,Railways,8,56.3,-1.0,1,0,11.1,1,216,0,48
CASE-05395,Karnataka,Urban Metro,44,62.3,0.04,1,0,28.4,4,230,0,116
CASE-05396,Karnataka,Power/Transmission,27,53.3,0.85,0,0,7.2,4,653,0,217
CASE-05397,Madhya Pradesh,Urban Metro,61,77.4,1.71,0,1,49.2,2,483,1,715
CASE-05398,Madhya Pradesh,Power/Transmission,6,44.6,2.22,0,0,1.6,0,355,0,83
CASE-05399,Rajasthan,Roads,30,41.9,1.19,0,0,19.8,2,386,1,366
CASE-05400,Maharashtra,Housing,38,33.8,-0.19,0,0,39.9,1,347,0,33
CASE-05401,Rajasthan,Power/Transmission,20,24.6,1.04,0,1,26.3,0,638,1,380
CASE-05402,Uttar Pradesh,Irrigation,42,67.2,1.24,0,0,16.7,4,37,1,465
CASE-05403,Madhya Pradesh,Roads,44,76.8,3.59,0,0,39.3,3,318,0,216
CASE-05404,Uttar Pradesh,Roads,24,90.5,2.17,0,0,8.1,3,387,0,61
CASE-05405,Andhra Pradesh,Irrigation,23,81.7,-0.49,1,0,17.7,1,515,1,533
CASE-05406,Gujarat,Railways,47,22.6,1.12,0,0,0.0,2,216,0,99
CASE-05407,Madhya Pradesh,Power/Transmission,30,61.6,2.34,0,1,35.3,1,47,0,92
CASE-05408,Uttar Pradesh,Railways,36,41.3,1.53,1,0,30.4,3,145,1,953
CASE-05409,Bihar,Irrigation,29,29.7,-0.45,0,1,30.4,2,290,0,196
CASE-05410,Tamil Nadu,Roads,28,54.1,2.48,0,0,24.0,2,343,0,105
CASE-05411,Bihar,Roads,23,35.3,1.94,0,0,23.2,0,305,0,218
CASE-05412,Tamil Nadu,Roads,38,69.0,1.31,0,0,23.6,4,47,0,25
CASE-05413,Madhya Pradesh,Urban Metro,13,52.8,0.53,1,0,26.6,1,756,1,532
CASE-05414,Uttar Pradesh,Irrigation,6,47.5,2.72,1,1,24.0,2,160,1,960
CASE-05415,Gujarat,Housing,26,81.6,-0.68,1,0,8.0,2,103,0,166
CASE-05416,West Bengal,Power/Transmission,62,14.9,-0.37,1,1,0.0,0,126,1,681
CASE-05417,Maharashtra,Power/Transmission,30,25.1,0.62,0,0,53.3,3,115,0,45
CASE-05418,Punjab,Irrigation,21,60.5,1.86,1,0,12.3,3,661,1,642
CASE-05419,Uttar Pradesh,Urban Metro,19,37.0,-0.14,0,0,19.4,1,331,0,119
CASE-05420,Madhya Pradesh,Housing,18,82.1,0.85,0,0,38.7,1,262,0,192
CASE-05421,Madhya Pradesh,Power/Transmission,2,58.3,1.09,0,0,27.1,2,60,0,64
CASE-05422,West Bengal,Roads,56,51.7,1.91,0,1,0.5,1,533,1,436
CASE-05423,Tamil Nadu,Power/Transmission,17,25.8,1.17,0,1,4.5,0,799,1,265
CASE-05424,Maharashtra,Roads,26,75.7,1.17,1,0,35.2,3,820,0,329
CASE-05425,Punjab,Roads,20,86.8,0.65,0,0,31.0,1,335,0,103
CASE-05426,Chhattisgarh,Power/Transmission,15,43.8,2.81,1,0,14.3,0,782,0,190
CASE-05427,Punjab,Urban Metro,58,86.9,2.29,0,0,21.4,3,947,1,472
CASE-05428,Tamil Nadu,Roads,10,63.1,2.25,0,0,22.6,3,80,0,89
CASE-05429,Haryana,Roads,39,61.7,0.57,1,0,25.7,1,262,1,879
CASE-05430,Chhattisgarh,Urban Metro,7,70.4,0.88,1,0,28.3,1,524,0,317
CASE-05431,Madhya Pradesh,Roads,23,44.0,2.07,0,1,16.2,0,292,1,585
CASE-05432,Karnataka,Roads,53,26.1,0.79,0,0,32.5,1,306,1,359
CASE-05433,Rajasthan,Power/Transmission,18,60.1,0.39,0,0,30.9,1,465,0,102
CASE-05434,Karnataka,Urban Metro,37,40.7,1.85,1,0,35.1,1,37,0,81
CASE-05435,Gujarat,Irrigation,17,47.4,-0.07,0,0,33.6,3,175,0,47
CASE-05436,Maharashtra,Irrigation,20,67.5,1.25,0,0,33.2,2,689,1,464
CASE-05437,Tamil Nadu,Railways,43,18.8,2.57,0,0,15.2,3,518,0,155
CASE-05438,Uttar Pradesh,Roads,37,56.5,1.67,0,1,20.1,5,804,0,46
CASE-05439,Punjab,Power/Transmission,62,32.2,0.24,0,0,9.2,0,453,0,60
CASE-05440,Uttar Pradesh,Urban Metro,18,60.9,2.07,1,0,25.0,2,108,0,15
CASE-05441,Uttar Pradesh,Railways,33,42.0,0.78,1,0,10.0,4,250,1,599
CASE-05442,Tamil Nadu,Roads,27,18.9,2.51,0,1,29.0,2,183,1,565
CASE-05443,Tamil Nadu,Roads,33,19.0,2.11,1,0,40.0,3,165,0,218
CASE-05444,Gujarat,Roads,50,61.2,1.08,1,1,22.0,5,200,1,1113
CASE-05445,Punjab,Roads,15,88.5,0.6,1,0,13.9,2,364,1,610
CASE-05446,Bihar,Roads,32,35.8,0.48,0,0,29.4,3,219,0,21
CASE-05447,Tamil Nadu,Power/Transmission,58,33.1,4.61,1,1,37.5,3,180,1,772
CASE-05448,Madhya Pradesh,Roads,27,63.5,-1.0,1,0,10.8,2,689,1,713
CASE-05449,Andhra Pradesh,Power/Transmission,43,78.4,-0.61,1,0,23.7,2,234,0,29
CASE-05450,Karnataka,Irrigation,4,53.4,2.82,0,0,26.7,2,715,1,492
CASE-05451,Maharashtra,Urban Metro,28,37.9,2.56,0,0,17.8,4,174,0,200
CASE-05452,Andhra Pradesh,Housing,18,29.6,1.93,0,1,29.7,5,512,0,69
CASE-05453,Gujarat,Railways,37,15.1,-0.89,0,0,0.0,0,607,0,99
CASE-05454,Uttar Pradesh,Roads,32,36.9,2.15,0,0,27.2,5,249,0,132
CASE-05455,Punjab,Power/Transmission,13,90.7,0.32,0,0,48.9,5,318,0,29
CASE-05456,Andhra Pradesh,Roads,8,62.2,1.38,0,1,30.4,3,552,0,133
CASE-05457,Uttar Pradesh,Roads,82,44.5,1.99,1,1,22.6,2,380,0,89
CASE-05458,Chhattisgarh,Roads,34,60.9,2.11,0,0,3.8,3,789,0,69
CASE-05459,Uttar Pradesh,Urban Metro,33,56.8,0.72,0,0,16.9,2,303,1,680
CASE-05460,Maharashtra,Roads,15,68.2,3.04,0,0,26.6,1,60,0,137
CASE-05461,Rajasthan,Railways,20,45.8,2.48,0,1,23.4,2,269,1,498
CASE-05462,Maharashtra,Railways,58,53.5,0.35,1,0,3.5,1,359,1,535
CASE-05463,Maharashtra,Power/Transmission,27,51.2,0.92,0,1,25.7,3,63,1,460
CASE-05464,Gujarat,Roads,59,93.8,0.59,1,0,9.1,1,50,0,104
CASE-05465,Maharashtra,Urban Metro,34,75.3,1.42,0,0,13.4,0,303,0,129
CASE-05466,Tamil Nadu,Power/Transmission,51,50.2,2.26,0,0,35.5,3,178,0,133
CASE-05467,Tamil Nadu,Railways,4,45.6,-0.72,1,0,18.4,3,375,1,734
CASE-05468,Uttar Pradesh,Railways,14,70.9,-0.88,1,0,12.3,3,125,0,117
CASE-05469,West Bengal,Urban Metro,27,85.7,0.5,0,1,7.2,0,190,0,99
CASE-05470,Maharashtra,Power/Transmission,22,45.6,3.12,0,0,11.3,4,89,0,95
CASE-05471,Chhattisgarh,Railways,37,56.3,1.79,1,0,13.9,2,65,0,105
CASE-05472,Maharashtra,Railways,8,21.5,3.39,0,0,34.9,3,163,0,61
CASE-05473,Punjab,Roads,8,78.3,1.31,0,0,21.5,0,169,0,15
CASE-05474,Uttar Pradesh,Roads,36,76.4,0.49,0,0,40.1,3,133,0,65
CASE-05475,Rajasthan,Roads,50,87.0,-0.51,0,0,4.5,0,141,0,202
CASE-05476,Uttar Pradesh,Roads,20,79.0,0.51,1,0,41.4,1,303,0,15
CASE-05477,Uttar Pradesh,Roads,63,62.3,0.76,0,1,19.8,2,136,0,199
CASE-05478,Karnataka,Urban Metro,73,50.1,-1.0,0,0,18.6,1,101,0,89
CASE-05479,Andhra Pradesh,Power/Transmission,25,37.9,0.49,0,0,18.4,1,155,0,15
CASE-05480,Telangana,Urban Metro,20,15.9,0.48,0,0,55.9,2,137,0,17
CASE-05481,Maharashtra,Irrigation,16,69.7,1.53,0,0,14.8,1,318,1,419
CASE-05482,Maharashtra,Irrigation,14,25.8,1.45,1,1,53.1,4,147,1,993
CASE-05483,Madhya Pradesh,Roads,41,31.6,1.88,1,0,35.0,2,398,1,866
CASE-05484,Madhya Pradesh,Power/Transmission,13,67.4,-0.45,0,0,5.4,0,342,0,137
CASE-05485,Haryana,Roads,11,50.8,0.14,1,0,7.6,2,541,1,695
CASE-05486,Haryana,Irrigation,14,31.5,2.61,0,0,24.9,4,44,0,109
CASE-05487,Haryana,Housing,25,60.6,1.19,0,0,23.6,1,984,0,141
CASE-05488,Uttar Pradesh,Urban Metro,27,37.1,2.52,1,0,16.0,7,178,0,129
CASE-05489,Karnataka,Roads,40,77.0,1.33,0,0,14.0,3,730,0,49
CASE-05490,Gujarat,Power/Transmission,24,49.6,1.72,0,0,45.2,4,205,0,280
CASE-05491,Madhya Pradesh,Roads,7,33.2,2.13,1,0,24.3,1,244,1,717
CASE-05492,Rajasthan,Roads,19,34.6,0.83,0,0,29.1,2,414,0,67
CASE-05493,Bihar,Roads,26,73.4,0.7,1,0,23.8,0,283,0,56
CASE-05494,Madhya Pradesh,Roads,16,50.1,0.68,0,0,22.7,1,747,0,203
CASE-05495,Odisha,Power/Transmission,32,36.5,1.41,0,0,54.3,2,915,0,68
CASE-05496,Bihar,Railways,2,50.6,2.19,0,0,30.6,2,176,0,165
CASE-05497,Punjab,Roads,23,23.7,1.01,0,0,61.5,4,783,1,529
CASE-05498,Bihar,Housing,56,51.0,2.89,1,0,33.7,0,55,1,788
CASE-05499,Maharashtra,Irrigation,49,79.1,3.6,0,1,12.2,1,299,0,94
CASE-05500,Bihar,Railways,28,60.2,0.45,0,0,40.7,5,384,0,59
CASE-05501,Uttar Pradesh,Irrigation,26,36.4,2.93,1,0,20.8,2,174,0,51
CASE-05502,West Bengal,Irrigation,35,80.6,1.48,1,0,44.9,3,100,1,595
CASE-05503,Maharashtra,Railways,11,91.9,1.96,1,1,11.9,3,117,0,43
CASE-05504,Chhattisgarh,Irrigation,46,73.4,1.34,0,0,0.0,3,366,1,502
CASE-05505,Odisha,Urban Metro,62,59.8,2.96,0,0,23.5,0,282,1,473
CASE-05506,Madhya Pradesh,Railways,23,85.6,1.92,0,0,44.0,6,153,0,80
CASE-05507,Uttar Pradesh,Railways,28,38.8,1.08,0,0,12.5,2,86,0,246
CASE-05508,Karnataka,Roads,40,62.4,1.0,1,0,30.7,4,396,0,116
CASE-05509,Tamil Nadu,Urban Metro,14,54.3,0.06,1,0,11.9,1,583,0,30
CASE-05510,Chhattisgarh,Railways,63,92.5,0.81,0,1,36.2,3,337,0,235
CASE-05511,Maharashtra,Roads,81,67.5,2.96,0,0,16.5,3,533,0,188
CASE-05512,Andhra Pradesh,Housing,37,55.6,2.8,0,0,26.0,2,293,0,170
CASE-05513,West Bengal,Irrigation,67,40.4,0.73,0,1,17.0,1,113,1,490
CASE-05514,Madhya Pradesh,Roads,10,91.4,0.18,0,0,10.7,4,196,0,100
CASE-05515,Maharashtra,Roads,31,64.7,2.64,1,1,0.0,2,265,0,227
CASE-05516,Telangana,Railways,4,57.4,2.01,0,0,2.5,2,517,0,30
CASE-05517,Uttar Pradesh,Housing,19,60.5,-0.87,0,0,17.8,0,114,0,152
CASE-05518,Uttar Pradesh,Railways,19,77.2,4.96,0,0,28.7,2,28,0,27
CASE-05519,Uttar Pradesh,Roads,16,48.3,1.51,0,0,49.8,5,234,0,74
CASE-05520,Andhra Pradesh,Irrigation,10,62.0,3.54,0,1,14.2,0,236,0,32
CASE-05521,Karnataka,Railways,37,81.8,1.71,0,1,12.4,2,556,0,314
CASE-05522,Bihar,Roads,14,14.9,0.25,0,0,2.1,1,73,0,21
CASE-05523,Karnataka,Urban Metro,37,33.9,1.73,0,0,34.8,3,261,1,730
CASE-05524,Rajasthan,Roads,25,75.4,-0.26,0,0,30.6,3,21,0,166
CASE-05525,Bihar,Urban Metro,32,49.6,1.35,0,0,28.7,2,121,0,72
CASE-05526,Haryana,Power/Transmission,17,51.0,0.19,1,0,27.2,2,95,1,570
CASE-05527,Bihar,Roads,24,32.4,1.25,1,0,16.4,1,509,1,625
CASE-05528,Uttar Pradesh,Power/Transmission,90,64.6,1.8,1,1,42.4,1,118,1,942
CASE-05529,Punjab,Power/Transmission,32,36.8,1.85,0,0,10.3,1,456,0,41
CASE-05530,Tamil Nadu,Irrigation,64,63.9,-0.25,0,0,14.9,3,1479,1,423
CASE-05531,Madhya Pradesh,Irrigation,61,89.8,0.73,1,0,6.8,1,620,0,202
CASE-05532,Odisha,Roads,8,90.9,-0.87,1,0,20.1,4,490,1,691
CASE-05533,West Bengal,Roads,61,79.8,2.25,1,0,10.4,2,888,0,46
CASE-05534,Madhya Pradesh,Power/Transmission,24,53.8,1.74,0,1,12.6,3,643,0,114
CASE-05535,Odisha,Roads,19,54.0,0.09,1,0,4.0,1,596,1,635
CASE-05536,Gujarat,Roads,11,15.5,3.19,0,0,7.6,4,199,0,65
CASE-05537,Bihar,Railways,9,66.8,2.06,0,0,0.0,5,318,0,43
CASE-05538,Chhattisgarh,Roads,36,33.4,1.37,0,0,27.4,2,206,1,432
CASE-05539,Madhya Pradesh,Power/Transmission,8,83.2,0.93,0,0,9.1,1,473,0,61
CASE-05540,Maharashtra,Urban Metro,37,36.5,0.73,1,0,46.2,5,28,1,761
CASE-05541,Punjab,Urban Metro,3,76.4,0.55,0,0,36.2,0,363,0,67
CASE-05542,Andhra Pradesh,Roads,12,64.3,2.91,1,0,23.0,3,630,0,52
CASE-05543,Chhattisgarh,Railways,22,68.3,1.83,1,0,30.6,4,170,0,54
CASE-05544,Chhattisgarh,Urban Metro,27,48.8,0.24,1,0,34.9,0,138,1,664
CASE-05545,Andhra Pradesh,Railways,13,29.4,3.06,1,0,14.6,4,340,0,85
CASE-05546,Bihar,Power/Transmission,9,29.4,1.39,1,0,18.9,3,438,0,178
CASE-05547,Telangana,Irrigation,20,48.4,0.4,0,0,38.2,1,119,0,111
CASE-05548,Chhattisgarh,Railways,16,41.5,3.87,1,0,39.1,1,312,1,757
CASE-05549,Rajasthan,Roads,18,59.5,0.19,0,0,10.4,2,482,0,156
CASE-05550,Karnataka,Power/Transmission,38,34.1,0.51,1,1,56.4,1,469,1,674
CASE-05551,Bihar,Roads,55,62.0,1.5,1,0,1.7,3,86,1,675
CASE-05552,Maharashtra,Urban Metro,19,73.7,1.89,0,0,0.0,2,57,0,47
CASE-05553,Madhya Pradesh,Irrigation,38,27.1,0.6,0,0,47.8,2,198,0,145
CASE-05554,Uttar Pradesh,Roads,17,84.8,-1.0,0,1,32.9,1,651,0,110
CASE-05555,Rajasthan,Power/Transmission,16,46.8,1.54,0,0,24.8,2,238,0,173
CASE-05556,Odisha,Railways,20,93.9,0.24,0,0,34.2,1,287,0,82
CASE-05557,Bihar,Roads,50,27.5,1.07,1,0,11.8,3,293,1,725
CASE-05558,Madhya Pradesh,Housing,7,51.2,0.53,0,1,0.0,1,52,1,676
CASE-05559,Rajasthan,Power/Transmission,6,50.2,0.2,0,0,15.3,2,383,0,78
CASE-05560,Uttar Pradesh,Irrigation,72,32.4,1.18,0,1,11.5,1,819,0,66
CASE-05561,Haryana,Urban Metro,12,48.3,0.74,1,0,7.2,3,70,1,658
CASE-05562,Madhya Pradesh,Irrigation,22,63.5,0.49,0,0,13.0,0,464,0,90
CASE-05563,Maharashtra,Railways,18,55.8,2.66,0,0,13.2,1,1177,1,259
CASE-05564,Uttar Pradesh,Roads,63,37.1,0.31,0,0,14.9,1,999,1,344
CASE-05565,Punjab,Roads,49,38.5,1.2,0,0,27.7,4,166,0,60
CASE-05566,Bihar,Railways,9,45.2,1.46,0,0,30.4,2,367,0,214
CASE-05567,Rajasthan,Railways,27,56.7,-0.53,0,0,26.5,0,274,0,171
CASE-05568,Uttar Pradesh,Power/Transmission,32,20.2,0.16,0,0,0.0,2,491,0,120
CASE-05569,Uttar Pradesh,Railways,38,69.5,1.45,0,0,6.7,2,497,0,33
CASE-05570,Odisha,Irrigation,4,48.8,1.41,0,0,6.9,2,293,0,268
CASE-05571,Uttar Pradesh,Urban Metro,6,87.9,0.55,1,1,40.0,5,124,1,1044
CASE-05572,Maharashtra,Housing,39,43.8,1.47,1,1,9.3,3,521,1,825
CASE-05573,West Bengal,Railways,8,23.7,1.82,1,0,0.0,3,118,0,63
CASE-05574,Odisha,Urban Metro,31,76.7,2.2,0,0,32.3,2,213,0,406
CASE-05575,Madhya Pradesh,Urban Metro,10,73.3,2.3,0,0,23.4,1,220,0,317
CASE-05576,Uttar Pradesh,Roads,6,18.4,2.95,0,0,59.7,5,849,0,15
CASE-05577,Telangana,Railways,12,67.5,1.63,0,0,1.3,2,83,0,95
CASE-05578,Rajasthan,Roads,24,19.1,-0.17,1,0,18.7,2,281,1,658
CASE-05579,Odisha,Power/Transmission,30,66.2,1.15,0,0,6.4,3,108,0,137
CASE-05580,Gujarat,Irrigation,33,76.4,-0.02,0,0,6.5,1,163,0,148
CASE-05581,Rajasthan,Railways,43,92.7,2.51,0,0,9.7,4,38,0,86
CASE-05582,Madhya Pradesh,Power/Transmission,13,37.6,3.15,0,0,5.5,5,159,0,218
CASE-05583,Madhya Pradesh,Railways,41,47.3,1.49,1,1,24.8,1,60,1,811
CASE-05584,Gujarat,Railways,26,27.9,2.89,0,0,22.9,1,211,0,30
CASE-05585,Gujarat,Urban Metro,29,59.8,2.81,0,0,21.5,1,235,0,62
CASE-05586,Punjab,Housing,96,63.7,1.86,0,0,41.0,4,215,1,391
CASE-05587,Andhra Pradesh,Power/Transmission,37,46.6,2.13,0,0,30.4,3,663,0,95
CASE-05588,Bihar,Roads,21,88.5,2.64,1,0,34.5,2,259,0,119
CASE-05589,West Bengal,Roads,18,24.6,-0.18,0,0,24.4,1,306,1,488
CASE-05590,Chhattisgarh,Roads,24,23.4,1.8,1,0,26.6,3,366,0,191
CASE-05591,Karnataka,Railways,7,71.7,2.16,0,0,35.9,1,439,0,27
CASE-05592,Tamil Nadu,Roads,31,75.3,-0.22,0,0,4.9,4,309,0,85
CASE-05593,Andhra Pradesh,Urban Metro,24,76.9,3.79,1,1,12.2,3,845,1,966
CASE-05594,Maharashtra,Power/Transmission,28,62.8,2.81,1,1,23.1,0,151,1,765
CASE-05595,Andhra Pradesh,Railways,25,55.5,2.82,1,0,22.6,2,395,0,64
CASE-05596,Chhattisgarh,Roads,8,75.9,1.99,1,1,0.7,3,109,1,839
CASE-05597,Haryana,Railways,37,53.1,0.36,0,1,33.4,2,92,0,62
CASE-05598,Karnataka,Railways,15,76.6,-0.02,0,0,43.6,4,365,0,124
CASE-05599,Andhra Pradesh,Power/Transmission,46,41.5,1.38,1,1,42.5,3,383,1,1034
CASE-05600,West Bengal,Roads,40,45.1,2.34,0,0,11.6,2,289,0,301
CASE-05601,Andhra Pradesh,Urban Metro,69,17.6,2.15,1,0,34.7,1,317,0,204
CASE-05602,Maharashtra,Roads,24,92.6,3.55,0,0,16.0,2,67,0,60
CASE-05603,Haryana,Roads,43,37.0,1.13,1,0,23.1,3,184,1,740
CASE-05604,Haryana,Housing,74,60.8,1.07,0,0,38.5,1,904,0,54
CASE-05605,Andhra Pradesh,Roads,14,80.6,1.51,0,0,42.1,4,441,1,500
CASE-05606,Andhra Pradesh,Roads,50,38.3,0.11,1,0,15.4,2,580,1,688
CASE-05607,Maharashtra,Irrigation,36,88.9,3.3,0,0,14.2,0,480,0,112
CASE-05608,Chhattisgarh,Railways,11,54.7,1.2,0,0,44.5,1,640,0,62
CASE-05609,Karnataka,Roads,22,30.6,1.8,0,1,20.5,4,203,0,172
CASE-05610,Rajasthan,Roads,106,83.0,2.48,0,1,0.0,0,396,1,309
CASE-05611,Maharashtra,Roads,48,38.0,0.6,1,1,28.6,3,440,1,876
CASE-05612,Gujarat,Irrigation,34,34.1,1.83,0,0,10.0,3,782,0,294
CASE-05613,Bihar,Roads,15,52.6,1.49,1,0,17.7,2,365,1,676
CASE-05614,Rajasthan,Power/Transmission,3,76.6,2.67,0,0,30.9,5,82,0,27
CASE-05615,Chhattisgarh,Urban Metro,8,73.7,1.51,0,0,0.0,2,232,0,33
CASE-05616,Bihar,Roads,25,86.0,-1.0,1,0,33.5,3,607,0,136
CASE-05617,Karnataka,Railways,25,98.8,0.38,0,0,0.0,3,302,0,241
CASE-05618,Odisha,Roads,57,74.0,-0.3,0,0,10.9,3,776,0,29
CASE-05619,Chhattisgarh,Roads,12,79.5,3.81,0,0,26.8,4,477,0,254
CASE-05620,Maharashtra,Roads,11,72.5,3.2,0,1,3.5,2,821,0,100
CASE-05621,Karnataka,Power/Transmission,36,43.8,-1.0,0,1,3.6,3,117,0,175
CASE-05622,Madhya Pradesh,Railways,18,45.0,0.29,0,0,27.0,1,339,1,414
CASE-05623,Chhattisgarh,Railways,18,93.3,-0.16,0,0,29.9,1,252,0,183
CASE-05624,Chhattisgarh,Power/Transmission,53,50.6,1.76,1,0,19.3,1,809,1,625
CASE-05625,Maharashtra,Urban Metro,10,83.7,0.35,1,0,31.3,2,249,0,39
CASE-05626,Chhattisgarh,Railways,48,38.2,1.18,0,0,82.4,1,313,0,56
CASE-05627,Gujarat,Roads,33,54.0,-0.15,0,0,0.0,2,210,1,388
CASE-05628,Gujarat,Housing,17,70.8,2.02,1,0,0.0,5,363,1,668
CASE-05629,Maharashtra,Railways,24,93.7,-0.52,0,1,38.9,0,240,0,164
CASE-05630,Bihar,Power/Transmission,13,17.5,4.5,1,0,4.3,1,273,1,585
CASE-05631,Karnataka,Power/Transmission,21,62.4,3.31,0,1,27.5,3,153,0,84
CASE-05632,Uttar Pradesh,Irrigation,71,62.5,4.48,1,0,31.1,1,469,0,225
CASE-05633,Karnataka,Roads,14,83.6,2.23,0,0,21.5,3,288,0,64
CASE-05634,Maharashtra,Roads,5,22.1,3.37,0,0,26.2,3,466,0,106
CASE-05635,Maharashtra,Railways,25,36.4,2.57,1,1,47.6,6,87,1,878
CASE-05636,Rajasthan,Irrigation,63,86.7,0.29,0,0,12.8,3,173,0,81
CASE-05637,Bihar,Power/Transmission,29,64.1,1.05,1,0,41.2,2,90,0,70
CASE-05638,Gujarat,Power/Transmission,20,90.4,2.01,0,0,2.4,1,273,0,209
CASE-05639,Maharashtra,Urban Metro,20,67.3,2.88,0,0,27.3,2,879,0,181
CASE-05640,Andhra Pradesh,Housing,49,50.7,1.49,0,0,29.3,3,461,0,88
CASE-05641,Karnataka,Power/Transmission,32,14.3,2.17,0,0,20.9,2,432,0,60
CASE-05642,Tamil Nadu,Roads,36,0.8,1.1,0,0,36.6,2,634,1,452
CASE-05643,Tamil Nadu,Railways,27,58.4,1.01,1,0,22.6,4,527,1,866
CASE-05644,Madhya Pradesh,Irrigation,44,39.7,-0.27,0,0,27.0,3,113,0,284
CASE-05645,Chhattisgarh,Irrigation,71,68.0,2.03,0,0,11.4,1,301,0,173
CASE-05646,Bihar,Roads,24,76.9,0.91,0,0,7.0,3,180,0,80
CASE-05647,Andhra Pradesh,Irrigation,31,19.6,-0.04,1,0,6.7,1,750,0,83
CASE-05648,Maharashtra,Railways,69,81.9,0.79,0,0,12.8,2,233,0,106
CASE-05649,Karnataka,Railways,27,10.0,1.84,1,0,2.8,3,231,1,752
CASE-05650,Uttar Pradesh,Urban Metro,49,27.5,2.3,1,0,50.0,0,287,1,776
CASE-05651,Haryana,Railways,12,72.2,1.28,0,0,17.4,1,495,0,92
CASE-05652,Karnataka,Irrigation,14,47.2,2.78,0,0,21.9,1,217,0,134
CASE-05653,Chhattisgarh,Irrigation,83,42.2,3.29,0,1,4.8,1,485,0,46
CASE-05654,Madhya Pradesh,Irrigation,41,45.8,1.16,0,1,52.7,3,335,1,792
CASE-05655,Bihar,Roads,22,68.5,2.67,0,1,18.2,2,41,0,129
CASE-05656,Uttar Pradesh,Irrigation,16,70.7,0.7,0,0,13.2,1,316,1,610
CASE-05657,Haryana,Railways,20,68.3,-0.06,0,0,14.5,1,549,0,121
CASE-05658,Tamil Nadu,Power/Transmission,8,34.6,0.37,0,0,18.8,0,373,0,95
CASE-05659,Uttar Pradesh,Roads,39,58.8,0.46,0,0,17.4,3,242,0,120
CASE-05660,Gujarat,Housing,36,30.1,0.97,0,0,1.8,4,1030,1,379
CASE-05661,Karnataka,Power/Transmission,36,82.5,3.88,0,0,34.9,3,330,1,445
CASE-05662,Maharashtra,Railways,59,41.9,0.87,1,0,5.3,4,138,0,60
CASE-05663,West Bengal,Railways,26,74.1,1.05,1,0,34.1,2,666,1,704
CASE-05664,Uttar Pradesh,Railways,33,48.1,1.68,0,0,2.0,2,122,0,89
CASE-05665,Uttar Pradesh,Power/Transmission,5,17.5,-0.08,0,1,24.6,3,442,0,150
CASE-05666,Rajasthan,Power/Transmission,41,24.2,1.68,0,1,6.6,2,180,0,21
CASE-05667,Bihar,Power/Transmission,37,66.4,2.29,0,0,11.1,5,105,0,27
CASE-05668,Haryana,Urban Metro,9,54.1,3.28,0,0,29.2,6,352,0,196
CASE-05669,Rajasthan,Railways,22,85.8,3.08,0,1,39.7,3,216,0,159
CASE-05670,Odisha,Power/Transmission,54,63.1,1.94,0,0,49.3,2,460,0,120
CASE-05671,Chhattisgarh,Railways,33,62.7,1.23,0,0,27.6,3,625,1,386
CASE-05672,Odisha,Irrigation,15,28.0,1.3,0,1,21.9,1,603,1,531
CASE-05673,Madhya Pradesh,Railways,37,39.0,1.99,0,0,7.6,2,360,0,61
CASE-05674,Andhra Pradesh,Power/Transmission,78,80.6,1.44,0,0,0.0,1,342,0,201
CASE-05675,West Bengal,Roads,7,54.9,1.39,0,0,31.3,1,360,1,483
CASE-05676,Haryana,Roads,40,39.0,0.38,1,0,18.2,1,863,1,640
CASE-05677,Uttar Pradesh,Roads,32,12.4,2.3,0,1,22.1,1,181,0,34
CASE-05678,Andhra Pradesh,Housing,9,32.7,1.86,0,0,16.0,1,888,0,136
CASE-05679,Gujarat,Irrigation,33,74.6,0.59,0,0,11.2,1,788,1,363
CASE-05680,Madhya Pradesh,Railways,16,63.3,3.29,0,0,32.1,5,374,0,117
CASE-05681,Odisha,Railways,20,53.7,1.75,0,0,47.6,1,851,0,127
CASE-05682,Madhya Pradesh,Railways,37,53.6,-0.21,1,1,4.0,2,187,1,782
CASE-05683,Uttar Pradesh,Urban Metro,36,56.2,2.63,0,1,0.0,1,482,0,46
CASE-05684,Andhra Pradesh,Housing,35,72.9,0.69,0,0,18.5,4,556,0,84
CASE-05685,Karnataka,Urban Metro,105,79.1,1.01,0,0,11.2,2,944,0,296
CASE-05686,Maharashtra,Urban Metro,23,83.8,1.28,0,0,39.8,0,938,0,115
CASE-05687,Maharashtra,Roads,10,31.7,2.54,1,0,29.6,2,308,1,592
CASE-05688,Uttar Pradesh,Roads,41,44.9,1.43,0,0,50.4,4,232,1,485
CASE-05689,Gujarat,Irrigation,32,56.1,2.24,0,0,38.2,1,293,0,35
CASE-05690,Haryana,Power/Transmission,17,28.1,-0.39,0,1,23.6,0,678,1,471
CASE-05691,Andhra Pradesh,Roads,16,21.8,0.18,0,0,24.2,1,415,1,446
CASE-05692,Maharashtra,Power/Transmission,62,47.1,1.54,0,0,27.9,1,1053,0,34
CASE-05693,Andhra Pradesh,Roads,4,39.6,0.63,0,0,8.3,1,918,0,96
CASE-05694,Odisha,Roads,31,72.7,1.25,1,0,28.5,1,461,0,32
CASE-05695,Gujarat,Railways,16,81.1,2.4,1,0,42.6,2,689,1,758
CASE-05696,Bihar,Urban Metro,34,65.2,0.54,1,0,12.5,0,259,0,119
CASE-05697,Uttar Pradesh,Power/Transmission,14,84.0,0.62,0,1,18.4,2,592,1,697
CASE-05698,Haryana,Irrigation,35,48.0,1.63,0,1,31.9,4,481,1,608
CASE-05699,Odisha,Urban Metro,52,47.7,-1.0,1,0,44.5,2,563,1,580
CASE-05700,Maharashtra,Urban Metro,17,88.0,2.71,1,0,10.9,4,120,0,192
CASE-05701,Tamil Nadu,Railways,20,32.1,1.66,0,0,25.7,0,734,0,49
CASE-05702,Maharashtra,Power/Transmission,34,24.8,1.61,0,0,21.5,2,547,0,52
CASE-05703,Maharashtra,Roads,43,58.6,0.85,0,0,17.9,2,265,0,44
CASE-05704,Gujarat,Irrigation,93,58.7,2.33,0,1,0.0,1,161,0,79
CASE-05705,Andhra Pradesh,Roads,20,47.1,1.31,0,0,10.8,0,299,0,72
CASE-05706,Karnataka,Railways,20,83.2,2.97,0,0,3.6,3,772,1,590
CASE-05707,Haryana,Irrigation,11,63.7,-0.55,0,1,20.0,0,301,1,552
CASE-05708,Odisha,Roads,3,71.2,1.58,0,0,15.2,3,276,0,358
CASE-05709,Maharashtra,Railways,52,58.8,1.55,0,0,4.2,4,135,1,430
CASE-05710,Chhattisgarh,Power/Transmission,24,37.2,1.87,0,1,18.0,3,498,1,537
CASE-05711,Tamil Nadu,Irrigation,11,32.1,3.18,1,1,50.0,2,137,1,864
CASE-05712,Andhra Pradesh,Roads,47,72.1,-0.14,0,0,12.1,1,323,0,103
CASE-05713,Telangana,Roads,41,29.6,-0.17,1,0,16.2,4,36,0,35
CASE-05714,Rajasthan,Railways,19,64.9,1.08,0,0,18.6,3,383,1,373
CASE-05715,Maharashtra,Urban Metro,32,78.4,-0.77,0,0,11.1,3,413,0,108
CASE-05716,Uttar Pradesh,Urban Metro,12,91.1,4.27,0,0,0.0,1,120,0,75
CASE-05717,Tamil Nadu,Railways,42,59.4,2.62,1,1,49.1,2,93,1,847
CASE-05718,Telangana,Power/Transmission,17,67.9,2.12,0,0,0.0,3,549,0,123
CASE-05719,Maharashtra,Irrigation,56,84.4,2.44,0,0,0.0,4,208,0,300
CASE-05720,Maharashtra,Housing,37,56.3,3.03,0,0,33.2,1,400,0,81
CASE-05721,Gujarat,Roads,9,56.4,0.76,1,1,0.0,2,900,1,933
CASE-05722,Maharashtra,Irrigation,52,19.1,1.07,0,0,33.6,0,80,0,70
CASE-05723,Maharashtra,Irrigation,50,78.1,1.91,0,1,34.9,1,213,0,116
CASE-05724,Haryana,Railways,45,14.0,0.89,0,0,10.0,2,127,0,119
CASE-05725,Tamil Nadu,Roads,47,62.2,0.39,0,0,22.6,2,349,0,93
CASE-05726,Haryana,Roads,26,42.8,0.86,0,0,21.2,0,910,0,99
CASE-05727,Rajasthan,Railways,32,69.2,1.96,0,0,9.9,3,267,1,725
CASE-05728,Madhya Pradesh,Power/Transmission,23,13.6,2.59,0,0,12.8,0,186,1,243
CASE-05729,Haryana,Power/Transmission,5,22.7,-0.02,0,0,19.6,3,805,1,434
CASE-05730,Bihar,Roads,37,66.0,1.27,0,0,15.0,4,220,0,194
CASE-05731,Bihar,Urban Metro,7,84.5,1.44,1,0,30.6,1,126,0,135
CASE-05732,Haryana,Railways,11,38.4,-0.17,1,1,19.7,1,666,1,770
CASE-05733,Rajasthan,Housing,16,60.3,2.04,0,1,28.8,0,196,0,321
CASE-05734,Haryana,Roads,27,25.9,1.37,0,0,16.2,3,238,1,461
CASE-05735,Uttar Pradesh,Urban Metro,81,92.7,0.37,0,0,31.6,5,357,0,379
CASE-05736,Punjab,Urban Metro,16,58.4,0.92,0,0,35.3,6,1215,0,128
CASE-05737,Chhattisgarh,Urban Metro,85,86.0,2.14,1,0,0.0,3,492,0,200
CASE-05738,Rajasthan,Urban Metro,49,91.7,2.67,0,0,27.7,3,325,0,186
CASE-05739,Haryana,Railways,34,89.6,1.91,1,0,11.6,4,482,1,604
CASE-05740,Madhya Pradesh,Power/Transmission,15,74.3,3.79,0,0,15.4,5,490,0,103
CASE-05741,Gujarat,Irrigation,28,71.9,2.84,0,0,26.7,0,227,1,369
CASE-05742,Chhattisgarh,Railways,29,79.5,2.16,0,1,23.8,3,351,0,253
CASE-05743,Tamil Nadu,Housing,42,29.2,0.66,1,0,18.5,4,743,1,790
CASE-05744,Haryana,Roads,15,80.0,2.86,0,0,31.9,3,191,0,60
CASE-05745,Rajasthan,Railways,50,61.6,0.58,0,0,24.7,1,80,0,104
CASE-05746,Maharashtra,Urban Metro,25,29.0,2.4,0,0,10.6,3,177,0,30
CASE-05747,Uttar Pradesh,Roads,37,78.1,-1.0,1,0,38.5,1,331,0,44
CASE-05748,Punjab,Roads,24,38.4,0.91,0,1,38.0,3,454,1,650
CASE-05749,Punjab,Railways,61,18.4,-0.18,0,0,22.2,0,180,0,15
CASE-05750,Punjab,Power/Transmission,12,32.3,1.16,0,0,13.6,2,434,0,66
CASE-05751,Maharashtra,Urban Metro,32,70.5,-0.35,0,0,10.4,3,459,0,44
CASE-05752,Madhya Pradesh,Roads,9,18.2,1.53,1,0,47.1,3,208,1,726
CASE-05753,Gujarat,Irrigation,39,75.0,2.06,0,0,19.2,2,865,1,500
CASE-05754,Gujarat,Irrigation,11,81.0,0.72,0,0,24.2,2,95,1,524
CASE-05755,Maharashtra,Power/Transmission,22,52.5,1.12,0,0,28.3,2,66,0,81
CASE-05756,Chhattisgarh,Power/Transmission,20,53.9,1.76,0,0,0.0,3,187,0,86
CASE-05757,Uttar Pradesh,Housing,99,63.1,1.44,0,0,8.3,1,132,0,153
CASE-05758,West Bengal,Railways,15,39.9,3.12,0,0,55.0,1,358,1,511
CASE-05759,Bihar,Roads,50,6.3,0.68,0,1,0.0,2,157,0,43
CASE-05760,Maharashtra,Irrigation,3,30.3,2.14,0,1,0.0,0,234,0,88
CASE-05761,Maharashtra,Railways,27,23.5,1.81,0,0,15.3,1,167,1,291
CASE-05762,Haryana,Railways,63,34.9,-0.41,0,0,7.1,2,271,1,564
CASE-05763,Gujarat,Roads,6,80.8,1.6,1,1,10.7,0,283,0,47
CASE-05764,Punjab,Roads,48,90.1,1.4,0,0,4.7,3,75,0,166
CASE-05765,West Bengal,Housing,24,36.7,0.91,0,1,19.4,2,191,1,464
CASE-05766,Karnataka,Roads,3,77.5,3.63,0,1,27.4,2,310,0,207
CASE-05767,Madhya Pradesh,Irrigation,53,69.9,3.04,0,0,28.0,2,176,0,106
CASE-05768,Chhattisgarh,Power/Transmission,40,39.2,0.58,0,0,9.7,0,528,0,41
CASE-05769,Madhya Pradesh,Roads,13,73.2,2.26,0,1,36.6,1,470,0,78
CASE-05770,Gujarat,Roads,42,73.4,2.39,0,0,24.1,0,1356,0,38
CASE-05771,Tamil Nadu,Railways,6,32.7,1.68,0,0,38.1,2,427,0,62
CASE-05772,Odisha,Irrigation,17,80.2,0.18,0,0,26.3,2,57,0,66
CASE-05773,Bihar,Railways,27,68.9,0.36,1,1,18.1,3,688,1,804
CASE-05774,West Bengal,Irrigation,26,36.9,2.13,1,0,18.4,1,104,0,511
CASE-05775,Bihar,Roads,36,78.1,2.11,0,0,27.3,1,260,0,57
CASE-05776,Maharashtra,Roads,98,76.5,1.16,0,0,40.9,0,892,0,44
CASE-05777,Rajasthan,Roads,31,94.0,3.08,0,0,23.9,2,37,0,62
CASE-05778,Andhra Pradesh,Railways,31,65.2,3.29,0,0,25.1,1,33,0,194
CASE-05779,Gujarat,Railways,57,20.2,3.28,1,0,30.5,5,748,1,731
CASE-05780,Maharashtra,Housing,26,33.2,3.28,1,0,0.0,2,108,0,105
CASE-05781,Telangana,Roads,5,81.3,1.48,0,0,0.5,5,256,0,256
CASE-05782,Telangana,Irrigation,29,80.5,-0.1,0,0,25.3,3,110,0,175
CASE-05783,West Bengal,Irrigation,4,83.4,1.11,0,0,7.7,1,307,0,116
CASE-05784,Odisha,Power/Transmission,53,71.6,1.36,0,0,18.0,2,72,0,71
CASE-05785,Bihar,Irrigation,27,93.1,0.74,0,0,21.8,2,378,0,69
CASE-05786,Gujarat,Roads,35,54.0,1.04,1,0,58.2,3,209,0,147
CASE-05787,Odisha,Irrigation,12,85.6,0.11,0,0,19.3,4,360,0,250
CASE-05788,Tamil Nadu,Railways,12,25.2,2.36,0,1,0.0,1,837,1,375
CASE-05789,Tamil Nadu,Power/Transmission,40,42.2,3.45,0,0,25.1,6,460,1,571
CASE-05790,West Bengal,Roads,22,75.3,4.36,0,1,37.3,1,1343,1,663
CASE-05791,Tamil Nadu,Power/Transmission,15,95.8,1.8,0,0,30.0,4,287,0,69
CASE-05792,Rajasthan,Irrigation,63,82.7,1.29,0,0,29.0,1,314,0,19
CASE-05793,Uttar Pradesh,Power/Transmission,29,44.4,1.46,0,0,10.9,3,158,0,139
CASE-05794,Maharashtra,Roads,17,38.1,3.13,1,0,15.7,0,8,1,592
CASE-05795,Tamil Nadu,Power/Transmission,30,65.0,3.11,1,0,9.3,2,893,1,518
CASE-05796,Chhattisgarh,Power/Transmission,19,47.6,1.21,0,0,11.0,0,771,0,173
CASE-05797,West Bengal,Railways,38,72.5,2.94,0,0,18.9,3,185,0,78
CASE-05798,Haryana,Railways,11,75.1,1.69,1,0,35.8,2,435,0,109
CASE-05799,Rajasthan,Roads,54,87.4,0.62,0,0,65.2,1,382,0,346
CASE-05800,Karnataka,Roads,19,72.1,1.31,0,1,24.2,2,248,0,117
CASE-05801,Karnataka,Power/Transmission,8,84.3,3.54,0,1,30.1,3,178,0,182
CASE-05802,Chhattisgarh,Railways,9,58.7,2.37,0,0,0.0,3,60,0,210
CASE-05803,Gujarat,Power/Transmission,23,35.6,0.89,0,0,15.4,3,269,0,144
CASE-05804,Andhra Pradesh,Power/Transmission,15,22.3,2.62,1,1,45.0,0,175,1,883
CASE-05805,West Bengal,Power/Transmission,7,51.4,2.36,1,0,23.4,2,233,0,187
CASE-05806,Gujarat,Power/Transmission,7,53.4,1.13,1,0,20.4,5,445,1,750
CASE-05807,Rajasthan,Irrigation,27,27.8,0.6,1,0,65.5,1,258,0,72
CASE-05808,Odisha,Irrigation,32,81.5,0.17,0,0,39.8,1,542,1,495
CASE-05809,Maharashtra,Roads,28,23.6,-0.47,0,1,33.6,3,203,1,684
CASE-05810,Gujarat,Urban Metro,62,48.1,0.71,1,0,21.0,1,385,0,116
CASE-05811,West Bengal,Housing,35,80.5,1.29,1,0,26.1,1,48,0,140
CASE-05812,Maharashtra,Railways,17,24.7,3.01,0,0,54.1,4,239,0,134
CASE-05813,Rajasthan,Housing,139,88.3,2.49,0,0,55.5,1,386,0,32
CASE-05814,Gujarat,Housing,13,67.0,1.74,0,0,13.9,6,290,0,84
CASE-05815,West Bengal,Railways,6,58.7,-0.75,1,0,0.0,3,372,0,22
CASE-05816,Tamil Nadu,Power/Transmission,41,17.1,1.85,0,0,22.7,2,67,0,69
CASE-05817,Bihar,Irrigation,81,54.2,-0.47,1,0,33.5,1,141,0,38
CASE-05818,Uttar Pradesh,Roads,47,35.5,2.55,0,0,49.1,4,247,1,563
CASE-05819,Madhya Pradesh,Roads,22,84.5,2.58,1,0,20.4,5,220,1,782
CASE-05820,Karnataka,Railways,14,81.4,1.56,0,0,16.8,0,464,0,15
CASE-05821,Rajasthan,Power/Transmission,39,61.9,2.48,1,0,38.7,1,57,0,77
CASE-05822,Odisha,Railways,23,48.7,2.72,0,0,8.2,3,1068,0,229
CASE-05823,Gujarat,Power/Transmission,21,6.1,1.63,1,0,18.4,2,207,0,117
CASE-05824,Uttar Pradesh,Power/Transmission,65,14.1,1.33,0,0,22.1,1,758,1,180
CASE-05825,Madhya Pradesh,Power/Transmission,5,82.2,-0.09,0,0,20.9,3,91,0,148
CASE-05826,Uttar Pradesh,Roads,34,68.2,1.07,0,0,41.2,3,370,0,104
CASE-05827,Rajasthan,Railways,15,68.2,0.3,1,0,30.0,4,792,0,29
CASE-05828,Bihar,Roads,26,79.1,0.29,0,0,13.9,2,410,0,169
CASE-05829,West Bengal,Roads,12,38.7,0.62,0,0,18.5,0,279,0,292
CASE-05830,Tamil Nadu,Roads,23,75.9,-0.85,0,0,64.0,6,194,1,581
CASE-05831,Rajasthan,Roads,110,55.9,2.68,0,0,0.3,1,22,0,80
CASE-05832,Bihar,Roads,44,87.8,1.76,0,0,0.0,1,540,0,186
CASE-05833,Madhya Pradesh,Irrigation,39,57.0,2.89,1,0,3.4,4,168,0,158
CASE-05834,Rajasthan,Railways,27,71.8,2.46,0,0,26.6,1,437,0,268
CASE-05835,Andhra Pradesh,Roads,25,38.1,2.1,1,1,39.1,1,644,1,880
CASE-05836,Maharashtra,Urban Metro,28,29.1,2.45,0,0,20.3,2,348,0,130
CASE-05837,Odisha,Irrigation,37,46.5,1.68,0,0,13.5,3,303,1,384
CASE-05838,West Bengal,Housing,45,33.5,3.07,1,0,11.0,2,494,1,623
CASE-05839,West Bengal,Irrigation,88,29.7,0.89,0,0,0.0,2,653,0,196
CASE-05840,Uttar Pradesh,Roads,22,66.2,1.48,0,0,46.0,3,133,0,63
CASE-05841,Madhya Pradesh,Urban Metro,64,58.7,1.16,0,1,19.0,4,283,0,156
CASE-05842,Madhya Pradesh,Urban Metro,88,89.4,3.92,1,0,25.3,2,386,1,617
CASE-05843,Bihar,Irrigation,47,88.0,0.74,0,0,34.8,3,393,1,690
CASE-05844,Andhra Pradesh,Irrigation,25,14.9,3.05,0,0,42.8,2,309,1,529
CASE-05845,West Bengal,Railways,48,80.9,-0.14,1,0,18.6,0,433,0,15
CASE-05846,Haryana,Railways,7,84.0,1.62,0,0,8.3,4,866,0,50
CASE-05847,Punjab,Power/Transmission,79,43.4,1.28,0,0,21.7,2,354,0,80
CASE-05848,Uttar Pradesh,Irrigation,50,76.0,0.27,1,0,20.0,1,68,0,156
CASE-05849,Maharashtra,Roads,24,71.4,0.7,0,0,13.6,2,49,0,177
CASE-05850,Tamil Nadu,Roads,22,68.6,2.1,0,0,3.1,0,149,0,20
CASE-05851,Telangana,Roads,8,11.3,1.1,0,0,27.8,5,319,1,545
CASE-05852,Odisha,Roads,56,64.7,0.34,1,0,41.9,1,603,0,53
CASE-05853,Maharashtra,Railways,23,21.0,2.58,1,0,48.3,6,224,1,797
CASE-05854,Bihar,Urban Metro,83,85.7,1.47,1,1,10.7,2,555,1,790
CASE-05855,Maharashtra,Roads,7,76.2,1.9,0,0,48.4,3,520,0,92
CASE-05856,Tamil Nadu,Railways,13,80.7,2.81,0,0,5.5,4,140,0,126
CASE-05857,Andhra Pradesh,Roads,11,55.2,3.35,1,0,24.2,3,139,0,252
CASE-05858,West Bengal,Irrigation,2,77.4,-1.0,1,0,37.7,2,19,0,222
CASE-05859,Andhra Pradesh,Irrigation,42,54.0,1.37,0,0,30.3,3,585,0,156
CASE-05860,Bihar,Irrigation,10,38.1,-0.51,0,0,43.2,0,177,0,52
CASE-05861,Chhattisgarh,Housing,13,34.8,4.77,0,1,6.6,1,199,0,15
CASE-05862,Maharashtra,Housing,10,46.1,1.68,1,0,19.3,6,355,0,144
CASE-05863,Chhattisgarh,Urban Metro,19,26.2,2.67,0,1,19.0,2,44,1,547
CASE-05864,Gujarat,Urban Metro,72,82.1,0.75,0,0,39.1,2,193,1,415
CASE-05865,Rajasthan,Railways,37,45.1,1.07,1,0,18.5,2,190,1,504
CASE-05866,Madhya Pradesh,Irrigation,30,48.6,2.82,0,1,25.5,2,42,0,149
CASE-05867,Tamil Nadu,Railways,26,56.2,2.12,0,0,18.1,3,324,0,40
CASE-05868,Gujarat,Power/Transmission,17,34.1,3.51,0,0,27.4,3,704,0,135
CASE-05869,Uttar Pradesh,Roads,17,93.2,0.5,1,0,10.7,4,176,0,145
CASE-05870,Uttar Pradesh,Roads,29,57.5,1.24,0,0,5.2,0,509,0,60
CASE-05871,Chhattisgarh,Roads,67,79.3,2.12,1,0,14.5,3,170,1,711
CASE-05872,Bihar,Irrigation,16,75.7,2.3,1,0,8.2,1,214,1,843
CASE-05873,Maharashtra,Power/Transmission,51,43.3,2.0,0,0,19.0,2,647,1,656
CASE-05874,Uttar Pradesh,Roads,11,28.9,-0.09,0,0,33.7,2,122,0,38
CASE-05875,Uttar Pradesh,Irrigation,41,58.9,0.37,0,0,1.9,4,240,0,39
CASE-05876,West Bengal,Railways,65,75.0,1.91,0,1,15.8,5,791,1,548
CASE-05877,Chhattisgarh,Power/Transmission,25,14.6,-0.35,0,0,54.6,4,160,1,516
CASE-05878,Uttar Pradesh,Roads,17,33.0,0.44,1,1,0.0,6,505,1,1095
CASE-05879,Gujarat,Roads,41,66.5,1.54,0,0,5.2,4,536,0,41
CASE-05880,Bihar,Irrigation,78,83.4,0.57,0,0,26.5,2,442,0,110
CASE-05881,Madhya Pradesh,Irrigation,50,35.4,1.78,0,0,0.0,1,379,0,99
CASE-05882,Bihar,Urban Metro,85,85.6,1.39,0,0,20.0,2,532,0,150
CASE-05883,Tamil Nadu,Irrigation,26,48.4,0.55,0,0,47.1,6,40,0,323
CASE-05884,Punjab,Housing,25,83.3,0.58,0,0,12.6,2,713,1,283
CASE-05885,West Bengal,Railways,7,6.9,3.03,1,0,8.6,4,326,0,159
CASE-05886,Maharashtra,Railways,17,77.3,1.96,0,0,0.0,2,344,0,199
CASE-05887,Bihar,Housing,24,50.2,1.8,0,0,8.8,1,278,0,207
CASE-05888,Uttar Pradesh,Roads,26,66.3,1.57,0,0,18.4,1,74,1,361
CASE-05889,Odisha,Power/Transmission,41,72.5,0.41,1,1,54.0,3,822,1,1009
CASE-05890,Maharashtra,Roads,18,52.8,0.82,1,0,19.2,0,59,0,40
CASE-05891,Punjab,Railways,19,38.1,-1.0,0,1,19.9,1,184,1,513
CASE-05892,Andhra Pradesh,Roads,94,41.1,0.74,0,0,21.3,2,713,0,98
CASE-05893,West Bengal,Irrigation,2,57.0,0.76,1,0,8.9,1,552,0,128
CASE-05894,Odisha,Power/Transmission,3,90.0,2.16,0,0,0.0,1,151,0,67
CASE-05895,Maharashtra,Roads,12,60.4,0.78,1,0,43.6,3,79,0,42
CASE-05896,Tamil Nadu,Roads,3,83.3,2.44,0,0,31.1,1,255,0,120
CASE-05897,Maharashtra,Railways,4,68.3,1.19,1,0,38.7,2,84,1,843
CASE-05898,Odisha,Roads,20,26.7,1.68,0,0,25.5,3,44,0,102
CASE-05899,West Bengal,Railways,33,15.7,1.46,0,0,39.4,1,430,0,53
CASE-05900,Maharashtra,Housing,19,93.7,2.34,1,1,0.0,3,1374,1,856
CASE-05901,Odisha,Roads,34,97.6,2.95,0,1,22.8,3,127,0,232
CASE-05902,Maharashtra,Railways,45,26.5,0.32,0,0,29.7,4,660,1,481
CASE-05903,Uttar Pradesh,Railways,30,39.5,3.61,0,0,41.8,4,419,1,633
CASE-05904,Tamil Nadu,Roads,34,57.7,0.47,0,0,28.2,4,357,0,39
CASE-05905,West Bengal,Roads,21,39.9,1.28,1,0,28.3,1,321,1,759
CASE-05906,Haryana,Power/Transmission,18,85.5,0.87,0,0,25.4,3,26,0,98
CASE-05907,Chhattisgarh,Irrigation,3,42.5,3.31,0,0,0.0,4,350,0,99
CASE-05908,Chhattisgarh,Urban Metro,47,50.4,0.23,0,1,13.1,1,193,0,120
CASE-05909,Bihar,Railways,29,27.6,2.36,0,0,14.4,1,145,0,156
CASE-05910,Uttar Pradesh,Irrigation,32,4.6,-1.0,0,0,34.5,2,853,1,318
CASE-05911,Punjab,Urban Metro,7,90.5,2.48,0,0,29.7,0,430,0,129
CASE-05912,Maharashtra,Urban Metro,13,44.8,1.27,0,0,44.6,2,116,0,135
CASE-05913,West Bengal,Housing,20,90.8,1.05,1,0,29.3,1,384,0,149
CASE-05914,Bihar,Roads,10,35.8,0.67,1,0,18.8,3,228,1,768
CASE-05915,Bihar,Housing,30,32.3,1.42,0,1,41.2,0,150,0,94
CASE-05916,Chhattisgarh,Urban Metro,28,77.3,1.07,0,0,3.3,3,168,0,114
CASE-05917,Tamil Nadu,Power/Transmission,27,54.3,-0.29,0,0,17.6,5,418,1,412
CASE-05918,Tamil Nadu,Power/Transmission,46,79.7,0.56,0,1,7.8,2,683,1,419
CASE-05919,Odisha,Housing,30,16.7,2.46,0,1,5.2,2,250,0,44
CASE-05920,Bihar,Railways,62,70.7,1.02,0,0,5.7,2,465,0,217
CASE-05921,West Bengal,Power/Transmission,31,63.1,0.55,0,0,12.1,1,297,0,95
CASE-05922,Maharashtra,Power/Transmission,15,81.0,1.56,0,0,24.9,1,177,0,66
CASE-05923,Gujarat,Power/Transmission,25,88.8,2.09,0,1,16.7,2,99,0,41
CASE-05924,Bihar,Power/Transmission,2,89.4,2.28,0,1,25.9,0,197,1,473
CASE-05925,Andhra Pradesh,Roads,33,86.3,1.91,0,0,25.3,1,215,0,84
CASE-05926,Uttar Pradesh,Railways,13,27.8,2.95,0,1,0.0,2,51,1,378
CASE-05927,Tamil Nadu,Railways,28,13.0,1.56,0,0,24.3,1,657,1,274
CASE-05928,Tamil Nadu,Power/Transmission,15,54.7,1.22,0,0,10.7,3,671,0,155
CASE-05929,Odisha,Power/Transmission,10,42.6,2.55,0,0,0.0,3,337,0,135
CASE-05930,Maharashtra,Urban Metro,75,73.7,0.65,1,1,25.4,6,780,1,967
CASE-05931,Telangana,Power/Transmission,15,66.9,1.01,0,0,23.0,2,121,0,146
CASE-05932,Bihar,Irrigation,13,74.9,-0.41,1,1,24.2,3,89,0,129
CASE-05933,Bihar,Roads,42,84.7,3.68,0,0,32.4,5,439,0,114
CASE-05934,Bihar,Irrigation,20,55.7,4.0,0,1,11.8,1,160,1,536
CASE-05935,Bihar,Urban Metro,14,62.3,1.29,0,0,7.1,1,924,0,30
CASE-05936,Andhra Pradesh,Irrigation,43,36.7,2.42,0,0,21.4,3,293,0,188
CASE-05937,Bihar,Urban Metro,25,35.0,2.34,1,0,15.1,0,588,0,58
CASE-05938,Karnataka,Housing,47,49.7,1.73,0,0,62.5,2,164,0,160
CASE-05939,Rajasthan,Railways,63,82.7,2.96,0,0,19.6,1,162,1,350
CASE-05940,Odisha,Power/Transmission,19,36.7,-0.02,0,0,21.5,2,483,0,115
CASE-05941,Rajasthan,Irrigation,40,91.7,1.28,0,0,8.3,1,217,0,259
CASE-05942,Chhattisgarh,Railways,65,65.8,-1.0,1,0,5.7,3,239,0,21
CASE-05943,Uttar Pradesh,Roads,77,46.3,0.29,0,0,0.0,4,133,0,83
CASE-05944,Tamil Nadu,Roads,16,53.6,-0.45,0,0,16.2,5,518,1,641
CASE-05945,Maharashtra,Roads,51,36.9,-0.71,0,0,17.9,2,467,0,104
CASE-05946,Bihar,Irrigation,3,57.4,0.91,0,0,37.4,0,147,0,43
CASE-05947,Maharashtra,Roads,31,25.8,1.94,0,0,17.1,5,198,1,561
CASE-05948,Rajasthan,Railways,8,86.8,0.7,0,0,14.8,6,201,0,115
CASE-05949,Madhya Pradesh,Irrigation,19,21.4,0.85,0,0,24.3,0,174,0,135
CASE-05950,Rajasthan,Railways,100,86.2,0.62,0,0,19.1,0,427,0,61
CASE-05951,Madhya Pradesh,Urban Metro,47,82.5,1.67,0,0,35.0,1,371,0,376
CASE-05952,Karnataka,Railways,8,52.9,0.77,1,0,42.1,0,148,1,847
CASE-05953,Karnataka,Roads,10,84.4,0.29,0,0,20.0,1,929,0,122
CASE-05954,Maharashtra,Housing,55,39.2,2.62,0,0,5.9,3,373,1,406
CASE-05955,Karnataka,Urban Metro,54,31.3,0.45,0,0,18.3,3,210,0,40
CASE-05956,Chhattisgarh,Power/Transmission,55,79.8,-0.03,0,0,23.7,1,170,0,148
CASE-05957,Andhra Pradesh,Power/Transmission,31,43.8,2.39,0,0,0.2,3,181,0,123
CASE-05958,Maharashtra,Roads,47,25.2,-0.52,1,1,16.1,1,61,0,17
CASE-05959,Rajasthan,Power/Transmission,20,71.8,2.98,0,1,0.0,1,88,0,77
CASE-05960,Bihar,Roads,19,88.4,0.27,0,0,26.7,1,255,0,57
CASE-05961,Maharashtra,Railways,30,54.6,1.6,0,0,3.9,2,306,0,189
CASE-05962,Uttar Pradesh,Roads,14,52.2,0.31,1,0,15.6,0,315,0,59
CASE-05963,West Bengal,Power/Transmission,12,49.4,1.52,0,0,18.2,1,146,0,221
CASE-05964,Madhya Pradesh,Roads,38,51.3,0.87,1,0,1.2,0,156,0,62
CASE-05965,Rajasthan,Roads,41,29.1,0.32,0,0,21.2,1,582,0,102
CASE-05966,Bihar,Roads,12,21.4,-0.42,0,1,4.3,3,204,1,673
CASE-05967,Tamil Nadu,Power/Transmission,16,56.3,0.85,1,1,42.8,1,370,1,807
CASE-05968,Bihar,Roads,35,4.9,2.07,0,0,40.6,4,368,0,255
CASE-05969,Chhattisgarh,Irrigation,33,57.9,2.31,0,1,38.2,3,139,0,26
CASE-05970,Tamil Nadu,Railways,31,80.9,0.64,0,1,22.8,3,770,0,316
CASE-05971,Madhya Pradesh,Power/Transmission,13,45.0,0.64,1,0,25.7,0,1856,1,643
CASE-05972,Maharashtra,Roads,109,46.7,1.29,0,0,18.0,1,552,1,390
CASE-05973,Andhra Pradesh,Housing,18,72.9,1.5,1,0,28.7,1,407,0,234
CASE-05974,Telangana,Railways,36,13.5,1.5,0,0,45.2,1,557,1,433
CASE-05975,Punjab,Roads,10,93.5,0.98,1,0,6.0,1,595,0,83
CASE-05976,Bihar,Roads,25,52.3,1.06,1,0,27.3,4,348,0,247
CASE-05977,Gujarat,Roads,12,44.1,1.16,1,0,0.0,2,464,0,240
CASE-05978,Madhya Pradesh,Railways,17,60.1,-1.0,0,1,14.5,2,335,0,87
CASE-05979,Uttar Pradesh,Roads,31,62.9,1.01,1,0,19.7,1,349,1,532
CASE-05980,Rajasthan,Urban Metro,61,82.1,2.44,0,0,25.4,0,792,0,15
CASE-05981,West Bengal,Irrigation,16,53.2,3.17,1,0,30.8,1,427,1,617
CASE-05982,Andhra Pradesh,Roads,30,24.4,2.91,0,0,40.3,4,477,1,598
CASE-05983,Tamil Nadu,Railways,35,66.6,1.61,0,1,0.0,1,391,1,452
CASE-05984,Madhya Pradesh,Roads,42,80.4,0.07,0,0,33.7,3,387,0,109
CASE-05985,Rajasthan,Roads,5,77.1,0.84,0,0,47.7,2,1277,0,75
CASE-05986,Madhya Pradesh,Railways,46,15.6,0.59,1,1,15.1,3,541,1,885
CASE-05987,Maharashtra,Roads,36,17.8,-0.19,0,1,13.2,4,620,1,588
CASE-05988,Madhya Pradesh,Roads,31,83.1,0.37,1,1,23.8,2,385,1,712
CASE-05989,Punjab,Housing,15,75.1,0.63,0,0,19.7,2,456,0,15
CASE-05990,West Bengal,Power/Transmission,33,74.4,-0.17,0,0,18.7,2,702,0,102
CASE-05991,Maharashtra,Housing,90,74.2,2.62,0,0,43.5,4,635,0,70
CASE-05992,Rajasthan,Roads,57,50.4,2.23,0,0,57.7,0,192,0,26
CASE-05993,Punjab,Urban Metro,19,37.2,1.44,1,0,17.1,3,234,1,701
CASE-05994,Haryana,Railways,30,42.9,1.96,0,0,56.7,3,83,0,158
CASE-05995,Andhra Pradesh,Roads,31,72.7,1.87,0,1,16.7,1,202,0,87
CASE-05996,Madhya Pradesh,Urban Metro,22,24.2,0.62,1,0,33.3,4,78,1,1068
CASE-05997,Andhra Pradesh,Roads,8,71.8,3.66,0,1,6.3,3,125,1,621
CASE-05998,Tamil Nadu,Railways,20,98.3,0.58,1,0,8.7,5,408,0,106
CASE-05999,Odisha,Urban Metro,38,57.1,-0.5,1,0,17.1,1,201,0,58
CASE-06000,Tamil Nadu,Irrigation,19,57.9,1.69,0,0,34.5,2,393,1,603
